state,district,crop,modal_price,min_price,max_price,date
Rajasthan,Chittorgarh,Wheat,2250.0,2200,2300,2023-10-01
Andhra Pradesh,East Godavari,Paddy(Dhan)(Common),2050.0,2000,2100,2023-10-01
Punjab,Ludhiana,Wheat,2400.0,2350,2450,2023-10-01
Rajasthan,Chittorgarh,Wheat,2250.0,,,
Andhra Pradesh,East Godavari,Paddy(Dhan)(Common),2050.0,,,
Andhra Pradesh,East Godavari,Paddy(Dhan)(Common),2040.0,,,
Andhra Pradesh,East Godavari,Paddy(Dhan)(Common),2060.0,,,
Andhra Pradesh,East Godavari,Paddy(Dhan)(Common),2040.0,,,
Andhra Pradesh,Guntur,Black Gram (Urd Beans)(Whole),8200.0,,,
Andhra Pradesh,Kurnool,Jowar(Sorghum),3060.0,,,
Andhra Pradesh,Kurnool,Maize,1962.0,,,
Andhra Pradesh,Kurnool,Paddy(Dhan)(Common),2040.0,,,
Andhra Pradesh,Kurnool,Bengal Gram(Gram)(Whole),5335.0,,,
Andhra Pradesh,Kurnool,Maize,1962.0,,,
Andhra Pradesh,Kurnool,Paddy(Dhan)(Common),2040.0,,,
Chattisgarh,Balodabazar,Paddy(Dhan)(Common),1355.0,,,
Chattisgarh,Dhamtari,Paddy(Dhan)(Common),1500.0,,,
Chattisgarh,Dhamtari,Maize,2000.0,,,
Chattisgarh,Dhamtari,Paddy(Dhan)(Common),1500.0,,,
Chattisgarh,Dhamtari,Paddy(Dhan)(Common),1550.0,,,
Chattisgarh,Dhamtari,Paddy(Dhan)(Common),1800.0,,,
Chattisgarh,Kabirdham,Wheat,2200.0,,,
Chattisgarh,Kanker,Maize,1550.0,,,
Chattisgarh,Kanker,Paddy(Dhan)(Common),2000.0,,,
Chattisgarh,Kanker,Maize,1550.0,,,
Chattisgarh,Kanker,Paddy(Dhan)(Common),2000.0,,,
Chattisgarh,Kanker,Paddy(Dhan)(Common),2000.0,,,
Chattisgarh,Kanker,Paddy(Dhan)(Common),1500.0,,,
Chattisgarh,Koria,Maize,1965.0,,,
Chattisgarh,Koria,Wheat,2130.0,,,
Chattisgarh,Mungeli,Paddy(Dhan)(Common),1820.0,,,
Chattisgarh,Mungeli,Paddy(Dhan)(Common),1770.0,,,
Chattisgarh,Raipur,Paddy(Dhan)(Common),2100.0,,,
Chattisgarh,Surajpur,Maize,2000.0,,,
Chattisgarh,Surajpur,Maize,1965.0,,,
Gujarat,Amreli,Arhar (Tur/Red Gram)(Whole),8250.0,,,
Gujarat,Amreli,Bengal Gram(Gram)(Whole),4900.0,,,
Gujarat,Amreli,Cotton,6895.0,,,
Gujarat,Amreli,Green Gram (Moong)(Whole),7500.0,,,
Gujarat,Amreli,Jowar(Sorghum),4375.0,,,
Gujarat,Amreli,Wheat,2555.0,,,
Gujarat,Amreli,Wheat,2480.0,,,
Gujarat,Amreli,Cotton,7175.0,,,
Gujarat,Amreli,Arhar (Tur/Red Gram)(Whole),8525.0,,,
Gujarat,Amreli,Bengal Gram(Gram)(Whole),4585.0,,,
Gujarat,Amreli,Cotton,5850.0,,,
Gujarat,Amreli,Jowar(Sorghum),3360.0,,,
Gujarat,Amreli,Bajra(Pearl Millet/Cumbu),2003.0,,,
Gujarat,Amreli,Bengal Gram(Gram)(Whole),4593.0,,,
Gujarat,Amreli,Cotton,6903.0,,,
Gujarat,Amreli,Jowar(Sorghum),3600.0,,,
Gujarat,Amreli,Wheat,2503.0,,,
Gujarat,Amreli,Wheat,2460.0,,,
Gujarat,Banaskanth,Bajra(Pearl Millet/Cumbu),2225.0,,,
Gujarat,Banaskanth,Mustard,5305.0,,,
Gujarat,Banaskanth,Wheat,2175.0,,,
Gujarat,Banaskanth,Bajra(Pearl Millet/Cumbu),2250.0,,,
Gujarat,Banaskanth,Wheat,2200.0,,,
Gujarat,Banaskanth,Gram Raw(Chholia),8525.0,,,
Gujarat,Banaskanth,Bajra(Pearl Millet/Cumbu),2185.0,,,
Gujarat,Banaskanth,Mustard,5260.0,,,
Gujarat,Banaskanth,Wheat,2030.0,,,
Gujarat,Banaskanth,Bajra(Pearl Millet/Cumbu),2005.0,,,
Gujarat,Banaskanth,Mustard,5255.0,,,
Gujarat,Banaskanth,Wheat,2232.0,,,
Gujarat,Banaskanth,Bajra(Pearl Millet/Cumbu),1967.5,,,
Gujarat,Banaskanth,Mustard,5182.5,,,
Gujarat,Banaskanth,Wheat,2250.0,,,
Gujarat,Bharuch,Arhar (Tur/Red Gram)(Whole),7600.0,,,
Gujarat,Bharuch,Bajra(Pearl Millet/Cumbu),2400.0,,,
Gujarat,Bharuch,Cotton,5800.0,,,
Gujarat,Bharuch,Jowar(Sorghum),2800.0,,,
Gujarat,Bharuch,Maize,2200.0,,,
Gujarat,Bharuch,Wheat,3200.0,,,
Gujarat,Bharuch,Arhar (Tur/Red Gram)(Whole),7600.0,,,
Gujarat,Bharuch,Bajra(Pearl Millet/Cumbu),2200.0,,,
Gujarat,Bharuch,Cotton,5600.0,,,
Gujarat,Bharuch,Jowar(Sorghum),2600.0,,,
Gujarat,Bharuch,Maize,2000.0,,,
Gujarat,Botad,Cotton,6955.0,,,
Gujarat,Dahod,Arhar (Tur/Red Gram)(Whole),7800.0,,,
Gujarat,Dahod,Arhar (Tur/Red Gram)(Whole),8000.0,,,
Gujarat,Dahod,Bengal Gram(Gram)(Whole),5075.0,,,
Gujarat,Dahod,Bengal Gram(Gram)(Whole),5200.0,,,
Gujarat,Dahod,Black Gram (Urd Beans)(Whole),7700.0,,,
Gujarat,Dahod,Green Gram (Moong)(Whole),7800.0,,,
Gujarat,Dahod,Maize,2600.0,,,
Gujarat,Dahod,Maize,2200.0,,,
Gujarat,Dahod,Paddy(Dhan)(Common),1885.0,,,
Gujarat,Dahod,Paddy(Dhan)(Common),2100.0,,,
Gujarat,Dahod,Wheat,2700.0,,,
Gujarat,Dahod,Wheat,2550.0,,,
Gujarat,Gandhinagar,Bajra(Pearl Millet/Cumbu),2290.0,,,
Gujarat,Gandhinagar,Paddy(Dhan)(Common),1950.0,,,
Gujarat,Gandhinagar,Wheat,2312.0,,,
Gujarat,Jamnagar,Bajra(Pearl Millet/Cumbu),1950.0,,,
Gujarat,Jamnagar,Bengal Gram(Gram)(Whole),4525.0,,,
Gujarat,Jamnagar,Cotton,6015.0,,,
Gujarat,Jamnagar,Jowar(Sorghum),4225.0,,,
Gujarat,Jamnagar,Wheat,2380.0,,,
Gujarat,Junagarh,Bajra(Pearl Millet/Cumbu),2125.0,,,
Gujarat,Junagarh,Black Gram (Urd Beans)(Whole),8600.0,,,
Gujarat,Junagarh,Wheat,2475.0,,,
Gujarat,Junagarh,Arhar (Tur/Red Gram)(Whole),8690.0,,,
Gujarat,Junagarh,Green Gram (Moong)(Whole),7315.0,,,
Gujarat,Junagarh,Kulthi(Horse Gram),4745.0,,,
Gujarat,Junagarh,Wheat,2425.0,,,
Gujarat,Mehsana,Bajra(Pearl Millet/Cumbu),2250.0,,,
Gujarat,Mehsana,Mustard,5290.0,,,
Gujarat,Mehsana,Paddy(Dhan)(Common),2200.0,,,
Gujarat,Mehsana,Wheat,2450.0,,,
Gujarat,Morbi,Wheat,2350.0,,,
Gujarat,Patan,Wheat,2125.0,,,
Gujarat,Patan,Bajra(Pearl Millet/Cumbu),1940.0,,,
Gujarat,Patan,Jowar(Sorghum),5577.0,,,
Gujarat,Patan,Mustard,5327.0,,,
Gujarat,Patan,Wheat,2367.0,,,
Gujarat,Porbandar,Bajra(Pearl Millet/Cumbu),2205.0,,,
Gujarat,Porbandar,Green Gram (Moong)(Whole),8315.0,,,
Gujarat,Porbandar,Kulthi(Horse Gram),4350.0,,,
Gujarat,Porbandar,Wheat,1990.0,,,
Gujarat,Porbandar,Wheat,2280.0,,,
Gujarat,Rajkot,Arhar (Tur/Red Gram)(Whole),9305.0,,,
Gujarat,Rajkot,Bengal Gram(Gram)(Whole),4980.0,,,
Gujarat,Rajkot,Wheat,2465.0,,,
Gujarat,Rajkot,Arhar (Tur/Red Gram)(Whole),7000.0,,,
Gujarat,Rajkot,Bajra(Pearl Millet/Cumbu),1940.0,,,
Gujarat,Rajkot,Cotton,7075.0,,,
Gujarat,Rajkot,Green Gram (Moong)(Whole),6750.0,,,
Gujarat,Rajkot,Jowar(Sorghum),4250.0,,,
Gujarat,Rajkot,Maize,2605.0,,,
Gujarat,Rajkot,Mustard,4900.0,,,
Gujarat,Rajkot,Wheat,2175.0,,,
Gujarat,Rajkot,Wheat,2225.0,,,
Gujarat,Rajkot,Cotton,6960.0,,,
Gujarat,Rajkot,Bajra(Pearl Millet/Cumbu),2265.0,,,
Gujarat,Rajkot,Bengal Gram(Gram)(Whole),4305.0,,,
Gujarat,Rajkot,Cotton,6000.0,,,
Gujarat,Rajkot,Jowar(Sorghum),3520.0,,,
Gujarat,Rajkot,Wheat,2330.0,,,
Gujarat,Rajkot,Arhar (Tur/Red Gram)(Whole),8250.0,,,
Gujarat,Rajkot,Bajra(Pearl Millet/Cumbu),2075.0,,,
Gujarat,Rajkot,Bengal Gram(Gram)(Whole),4900.0,,,
Gujarat,Rajkot,Bengal Gram(Gram)(Whole),11750.0,,,
Gujarat,Rajkot,Black Gram (Urd Beans)(Whole),7680.0,,,
Gujarat,Rajkot,Cotton,7200.0,,,
Gujarat,Rajkot,Green Gram (Moong)(Whole),8125.0,,,
Gujarat,Rajkot,Jowar(Sorghum),4750.0,,,
Gujarat,Rajkot,Mustard,5100.0,,,
Gujarat,Rajkot,Wheat,2335.0,,,
Gujarat,Rajkot,Wheat,2450.0,,,
Gujarat,Sabarkantha,Wheat,2350.0,,,
Gujarat,Surat,Pegeon Pea (Arhar Fali),12500.0,,,
Gujarat,Surendranagar,Cotton,7000.0,,,
Gujarat,Surendranagar,Wheat,2400.0,,,
Gujarat,Surendranagar,Cotton,7025.0,,,
Gujarat,Surendranagar,Mustard,6900.0,,,
Gujarat,Surendranagar,Wheat,2450.0,,,
Karnataka,Haveri,Maize,2050.0,,,
Karnataka,Kolar,Paddy(Dhan)(Common),2080.0,,,
Karnataka,Raichur,Paddy(Dhan)(Common),3005.0,,,
Karnataka,Shimoga,Arhar Dal(Tur Dal),11750.0,,,
Karnataka,Shimoga,Bengal Gram Dal (Chana Dal),6750.0,,,
Karnataka,Shimoga,Bengal Gram(Gram)(Whole),5850.0,,,
Karnataka,Shimoga,Black Gram Dal (Urd Dal),11900.0,,,
Karnataka,Shimoga,Green Gram (Moong)(Whole),11000.0,,,
Karnataka,Shimoga,Green Gram Dal (Moong Dal),12000.0,,,
Karnataka,Shimoga,Jowar(Sorghum),3750.0,,,
Karnataka,Shimoga,Kulthi(Horse Gram),6500.0,,,
Karnataka,Shimoga,Maize,2100.0,,,
Karnataka,Shimoga,Mustard,7500.0,,,
Karnataka,Shimoga,Wheat,5250.0,,,
Madhya Pradesh,Ashoknagar,Wheat,2125.0,,,
Madhya Pradesh,Bhopal,Green Gram (Moong)(Whole),5615.0,,,
Madhya Pradesh,Dewas,Arhar (Tur/Red Gram)(Whole),8000.0,,,
Madhya Pradesh,Dewas,Green Gram (Moong)(Whole),7100.0,,,
Madhya Pradesh,Dewas,Wheat,2361.0,,,
Madhya Pradesh,Jhabua,Wheat,2115.0,,,
Madhya Pradesh,Panna,Bengal Gram(Gram)(Whole),5030.0,,,
Madhya Pradesh,Panna,Lentil (Masur)(Whole),5325.0,,,
Madhya Pradesh,Panna,Wheat,2120.0,,,
Madhya Pradesh,Panna,Wheat,2025.0,,,
Madhya Pradesh,Rajgarh,Bengal Gram(Gram)(Whole),4335.0,,,
Madhya Pradesh,Rajgarh,Lentil (Masur)(Whole),5700.0,,,
Madhya Pradesh,Rajgarh,Mustard,5100.0,,,
Madhya Pradesh,Rajgarh,Wheat,2305.0,,,
Madhya Pradesh,Ratlam,Wheat,2500.0,,,
Madhya Pradesh,Shajapur,Bengal Gram(Gram)(Whole),4250.0,,,
Madhya Pradesh,Shajapur,Bengal Gram(Gram)(Whole),5485.0,,,
Madhya Pradesh,Shajapur,Lentil (Masur)(Whole),5490.0,,,
Madhya Pradesh,Shajapur,Mustard,5090.0,,,
Madhya Pradesh,Shajapur,Wheat,2290.0,,,
Madhya Pradesh,Shajapur,Wheat,2090.0,,,
Madhya Pradesh,Shajapur,Wheat,2780.0,,,
Madhya Pradesh,Sheopur,Mustard,5210.0,,,
Madhya Pradesh,Sidhi,Lentil (Masur)(Whole),5000.0,,,
Maharashtra,Amarawati,Wheat,2300.0,,,
Maharashtra,Aurangabad,Arhar (Tur/Red Gram)(Whole),6400.0,,,
Maharashtra,Aurangabad,Bajra(Pearl Millet/Cumbu),2335.0,,,
Maharashtra,Aurangabad,Jowar(Sorghum),4000.0,,,
Maharashtra,Aurangabad,Wheat,2361.0,,,
Maharashtra,Chandrapur,Paddy(Dhan)(Common),2800.0,,,
Maharashtra,Jalana,Bengal Gram(Gram)(Whole),4230.0,,,
Maharashtra,Jalana,Jowar(Sorghum),3656.0,,,
Maharashtra,Jalana,Wheat,2225.0,,,
Maharashtra,Mumbai,Arhar Dal(Tur Dal),12500.0,,,
Maharashtra,Mumbai,Bajra(Pearl Millet/Cumbu),3600.0,,,
Maharashtra,Mumbai,Bengal Gram Dal (Chana Dal),6200.0,,,
Maharashtra,Mumbai,Bengal Gram(Gram)(Whole),6000.0,,,
Maharashtra,Mumbai,Black Gram (Urd Beans)(Whole),10200.0,,,
Maharashtra,Mumbai,Black Gram Dal (Urd Dal),10500.0,,,
Maharashtra,Mumbai,Green Gram (Moong)(Whole),10500.0,,,
Maharashtra,Mumbai,Green Gram Dal (Moong Dal),11500.0,,,
Maharashtra,Mumbai,Jowar(Sorghum),4800.0,,,
Maharashtra,Mumbai,Lentil (Masur)(Whole),7400.0,,,
Maharashtra,Mumbai,Maize,3800.0,,,
Maharashtra,Mumbai,Wheat,4300.0,,,
Maharashtra,Nashik,Bajra(Pearl Millet/Cumbu),2535.0,,,
Maharashtra,Nashik,Bengal Gram(Gram)(Whole),4735.0,,,
Maharashtra,Nashik,Maize,2125.0,,,
Maharashtra,Parbhani,Arhar (Tur/Red Gram)(Whole),9850.0,,,
Maharashtra,Parbhani,Bengal Gram(Gram)(Whole),4450.0,,,
Maharashtra,Pune,Jowar(Sorghum),5250.0,,,
Maharashtra,Pune,Wheat,4500.0,,,
Maharashtra,Raigad,Paddy(Dhan)(Common),2216.0,,,
Maharashtra,Thane,Bajra(Pearl Millet/Cumbu),2650.0,,,
Maharashtra,Thane,Black Gram (Urd Beans)(Whole),9400.0,,,
Maharashtra,Thane,Jowar(Sorghum),4750.0,,,
Maharashtra,Thane,Wheat,2650.0,,,
Maharashtra,Thane,Wheat,3500.0,,,
Maharashtra,Thane,Wheat,3460.0,,,
Nagaland,Longleng,Maize,7700.0,,,
Odisha,Bargarh,Paddy(Dhan)(Common),2040.0,,,
Odisha,Bargarh,Paddy(Dhan)(Common),2040.0,,,
Odisha,Bhadrak,Paddy(Dhan)(Common),2040.0,,,
Odisha,Bhadrak,Paddy(Dhan)(Common),2040.0,,,
Odisha,Nowarangpur,Maize,1500.0,,,
Pondicherry,Karaikal,Paddy(Dhan)(Common),2560.0,,,
Punjab,Hoshiarpur,Maize,1100.0,,,
Punjab,Sangrur,Maize,1675.0,,,
Rajasthan,Ajmer,Barley (Jau),1615.0,,,
Rajasthan,Ajmer,Bengal Gram(Gram)(Whole),4682.0,,,
Rajasthan,Ajmer,Maize,2450.0,,,
Rajasthan,Ajmer,Mustard,4875.0,,,
Rajasthan,Ajmer,Barley (Jau),1635.0,,,
Rajasthan,Ajmer,Maize,2450.0,,,
Rajasthan,Ajmer,Wheat,2215.0,,,
Rajasthan,Chittorgarh,Maize,1970.0,,,
Rajasthan,Chittorgarh,Wheat,2200.0,,,
Rajasthan,Chittorgarh,Wheat,2250.0,,,
Rajasthan,Churu,Bajra(Pearl Millet/Cumbu),1750.0,,,
Rajasthan,Dausa,Bajra(Pearl Millet/Cumbu),2011.0,,,
Rajasthan,Dausa,Bengal Gram(Gram)(Whole),4800.0,,,
Rajasthan,Dausa,Mustard,5350.0,,,
Rajasthan,Dausa,Wheat,2224.0,,,
Rajasthan,Dausa,Barley (Jau),1515.0,,,
Rajasthan,Dausa,Bengal Gram(Gram)(Whole),4840.0,,,
Rajasthan,Dausa,Mustard,5400.0,,,
Rajasthan,Dausa,Wheat,2255.0,,,
Rajasthan,Ganganagar,Barley (Jau),1700.0,,,
Rajasthan,Hanumangarh,Mustard,5171.0,,,
Rajasthan,Hanumangarh,Barley (Jau),1650.0,,,
Rajasthan,Hanumangarh,Bengal Gram(Gram)(Whole),4651.0,,,
Rajasthan,Hanumangarh,Mustard,5060.0,,,
Rajasthan,Hanumangarh,Wheat,2151.0,,,
Rajasthan,Jaipur,Bajra(Pearl Millet/Cumbu),2027.0,,,
Rajasthan,Jaipur,Barley (Jau),1615.0,,,
Rajasthan,Jaipur,Bengal Gram(Gram)(Whole),4687.0,,,
Rajasthan,Jaipur,Mustard,5055.0,,,
Rajasthan,Jaipur,Wheat,2281.0,,,
Rajasthan,Jodhpur,Bajra(Pearl Millet/Cumbu),2500.0,,,
Rajasthan,Jodhpur,Mustard,4850.0,,,
Rajasthan,Jodhpur,Green Gram (Moong)(Whole),6900.0,,,
Rajasthan,Jodhpur,Jowar(Sorghum),3550.0,,,
Rajasthan,Kota,Barley (Jau),1725.0,,,
Rajasthan,Kota,Bengal Gram(Gram)(Whole),4750.0,,,
Rajasthan,Kota,Black Gram (Urd Beans)(Whole),6500.0,,,
Rajasthan,Kota,Green Gram (Moong)(Whole),6800.0,,,
Rajasthan,Kota,Jowar(Sorghum),2000.0,,,
Rajasthan,Kota,Maize,1900.0,,,
Rajasthan,Kota,Mustard,5200.0,,,
Rajasthan,Kota,Paddy(Dhan)(Common),3800.0,,,
Rajasthan,Kota,Wheat,2300.0,,,
Rajasthan,Sikar,Barley (Jau),1500.0,,,
Rajasthan,Tonk,Barley (Jau),1560.0,,,
Rajasthan,Tonk,Bengal Gram(Gram)(Whole),4925.0,,,
Rajasthan,Tonk,Green Gram (Moong)(Whole),6300.0,,,
Rajasthan,Tonk,Maize,2570.0,,,
Rajasthan,Tonk,Mustard,5400.0,,,
Rajasthan,Tonk,Wheat,2210.0,,,
Tamil Nadu,Ariyalur,Black Gram Dal (Urd Dal),7500.0,,,
Tamil Nadu,Ariyalur,Maize,2235.0,,,
Tamil Nadu,Ariyalur,Paddy(Dhan)(Common),2050.0,,,
Tamil Nadu,Coimbatore,Maize,2200.0,,,
Tamil Nadu,Coimbatore,Paddy(Dhan)(Common),2050.0,,,
Tamil Nadu,Coimbatore,Maize,2250.0,,,
Tamil Nadu,Cuddalore,Paddy(Dhan)(Common),1828.0,,,
Tamil Nadu,Cuddalore,Paddy(Dhan)(Common),1572.0,,,
Tamil Nadu,Erode,Maize,2350.0,,,
Tamil Nadu,Madurai,Paddy(Dhan)(Common),2046.0,,,
Tamil Nadu,Madurai,Paddy(Dhan)(Common),2123.0,,,
Tamil Nadu,Madurai,Paddy(Dhan)(Common),2585.0,,,
Tamil Nadu,Madurai,Paddy(Dhan)(Common),2816.0,,,
Tamil Nadu,Madurai,Cotton,5200.0,,,
Tamil Nadu,Madurai,Cotton,5850.0,,,
Tamil Nadu,Madurai,Jowar(Sorghum),3950.0,,,
Tamil Nadu,Madurai,Paddy(Dhan)(Common),1900.0,,,
Tamil Nadu,Madurai,Paddy(Dhan)(Common),2050.0,,,
Tamil Nadu,Namakkal,Maize,2307.0,,,
Tamil Nadu,Salem,Cotton,6200.0,,,
Tamil Nadu,Thanjavur,Paddy(Dhan)(Common),1900.0,,,
Tamil Nadu,Theni,Cotton,7600.0,,,
Tamil Nadu,Theni,Paddy(Dhan)(Common),1760.0,,,
Tamil Nadu,Theni,Paddy(Dhan)(Common),1770.0,,,
Tamil Nadu,Theni,Bajra(Pearl Millet/Cumbu),2535.0,,,
Tamil Nadu,Theni,Cotton,5500.0,,,
Tamil Nadu,Theni,Jowar(Sorghum),4030.0,,,
Tamil Nadu,Theni,Maize,2305.0,,,
Tamil Nadu,Theni,Paddy(Dhan)(Common),1695.0,,,
Tamil Nadu,Thiruvannamalai,Paddy(Dhan)(Common),1728.0,,,
Tamil Nadu,Villupuram,Maize,2038.0,,,
Tamil Nadu,Villupuram,Black Gram (Urd Beans)(Whole),6453.0,,,
Tamil Nadu,Villupuram,Paddy(Dhan)(Common),1573.0,,,
Tamil Nadu,Villupuram,Paddy(Dhan)(Common),1364.0,,,
Tamil Nadu,Villupuram,Black Gram (Urd Beans)(Whole),8160.0,,,
Tamil Nadu,Villupuram,Maize,2190.0,,,
Tamil Nadu,Villupuram,Paddy(Dhan)(Common),1759.0,,,
Tamil Nadu,Villupuram,Paddy(Dhan)(Common),1713.0,,,
Tamil Nadu,Villupuram,Paddy(Dhan)(Common),1767.0,,,
Tamil Nadu,Villupuram,Paddy(Dhan)(Common),1760.0,,,
Tamil Nadu,Villupuram,Black Gram (Urd Beans)(Whole),7389.0,,,
Tamil Nadu,Villupuram,Paddy(Dhan)(Common),1725.0,,,
Tamil Nadu,Villupuram,Paddy(Dhan)(Common),1787.0,,,
Tamil Nadu,Villupuram,Paddy(Dhan)(Common),1881.0,,,
Tamil Nadu,Villupuram,Paddy(Dhan)(Common),2445.0,,,
Telangana,Adilabad,Cotton,6900.0,,,
Telangana,Adilabad,Jowar(Sorghum),3000.0,,,
Telangana,Adilabad,Cotton,7450.0,,,
Telangana,Adilabad,Cotton,7320.0,,,
Telangana,Adilabad,Cotton,7450.0,,,
Telangana,Jagityal,Paddy(Dhan)(Common),2040.0,,,
Telangana,Karimnagar,Paddy(Dhan)(Common),2060.0,,,
Telangana,Karimnagar,Paddy(Dhan)(Common),2040.0,,,
Telangana,Karimnagar,Paddy(Dhan)(Common),2040.0,,,
Telangana,Karimnagar,Maize,2050.0,,,
Telangana,Karimnagar,Paddy(Dhan)(Common),2040.0,,,
Telangana,Karimnagar,Paddy(Dhan)(Common),2060.0,,,
Telangana,Karimnagar,Paddy(Dhan)(Common),2040.0,,,
Telangana,Karimnagar,Paddy(Dhan)(Common),2203.0,,,
Telangana,Karimnagar,Paddy(Dhan)(Common),2100.0,,,
Telangana,Karimnagar,Paddy(Dhan)(Common),2060.0,,,
Telangana,Karimnagar,Paddy(Dhan)(Common),2040.0,,,
Telangana,Karimnagar,Paddy(Dhan)(Common),2060.0,,,
Telangana,Karimnagar,Paddy(Dhan)(Common),2203.0,,,
Telangana,Karimnagar,Cotton,6380.0,,,
Telangana,Karimnagar,Paddy(Dhan)(Common),2060.0,,,
Telangana,Karimnagar,Cotton,6380.0,,,
Telangana,Karimnagar,Paddy(Dhan)(Common),2060.0,,,
Telangana,Karimnagar,Paddy(Dhan)(Common),2060.0,,,
Telangana,Karimnagar,Paddy(Dhan)(Common),2060.0,,,
Telangana,Khammam,Paddy(Dhan)(Common),2060.0,,,
Telangana,Khammam,Paddy(Dhan)(Common),2060.0,,,
Telangana,Khammam,Paddy(Dhan)(Common),2040.0,,,
Telangana,Khammam,Cotton,6800.0,,,
Telangana,Mahbubnagar,Paddy(Dhan)(Common),2050.0,,,
Telangana,Mahbubnagar,Paddy(Dhan)(Common),2040.0,,,
Telangana,Medak,Paddy(Dhan)(Common),2060.0,,,
Telangana,Medak,Paddy(Dhan)(Common),2060.0,,,
Telangana,Nalgonda,Arhar (Tur/Red Gram)(Whole),6600.0,,,
Telangana,Nalgonda,Paddy(Dhan)(Basmati),2060.0,,,
Telangana,Nalgonda,Paddy(Dhan)(Common),2060.0,,,
Telangana,Nalgonda,Cotton,6080.0,,,
Telangana,Nalgonda,Cotton,6080.0,,,
Telangana,Nalgonda,Paddy(Dhan)(Common),2040.0,,,
Telangana,Nalgonda,Paddy(Dhan)(Common),2040.0,,,
Telangana,Nalgonda,Paddy(Dhan)(Common),2060.0,,,
Telangana,Nalgonda,Paddy(Dhan)(Common),2060.0,,,
Telangana,Nalgonda,Paddy(Dhan)(Common),2060.0,,,
Telangana,Nalgonda,Cotton,6380.0,,,
Telangana,Nalgonda,Maize,1930.0,,,
Telangana,Nalgonda,Paddy(Dhan)(Common),2060.0,,,
Telangana,Nalgonda,Paddy(Dhan)(Common),2060.0,,,
Telangana,Nalgonda,Paddy(Dhan)(Common),2060.0,,,
Telangana,Nalgonda,Paddy(Dhan)(Common),2060.0,,,
Telangana,Nalgonda,Paddy(Dhan)(Common),2203.0,,,
Telangana,Nalgonda,Cotton,7150.0,,,
Telangana,Nizamabad,Maize,1962.0,,,
Telangana,Nizamabad,Paddy(Dhan)(Common),2040.0,,,
Telangana,Nizamabad,Paddy(Dhan)(Common),2060.0,,,
Telangana,Nizamabad,Paddy(Dhan)(Common),2040.0,,,
Telangana,Nizamabad,Maize,1962.0,,,
Telangana,Ranga Reddy,Maize,1962.0,,,
Telangana,Ranga Reddy,Paddy(Dhan)(Common),2060.0,,,
Telangana,Ranga Reddy,Paddy(Dhan)(Common),2000.0,,,
Telangana,Warangal,Cotton,6200.0,,,
Telangana,Warangal,Cotton,6600.0,,,
Uttar Pradesh,Agra,Wheat,2270.0,,,
Uttar Pradesh,Aligarh,Arhar (Tur/Red Gram)(Whole),8300.0,,,
Uttar Pradesh,Aligarh,Bajra(Pearl Millet/Cumbu),2140.0,,,
Uttar Pradesh,Aligarh,Barley (Jau),2230.0,,,
Uttar Pradesh,Aligarh,Bengal Gram(Gram)(Whole),5560.0,,,
Uttar Pradesh,Aligarh,Green Gram (Moong)(Whole),7760.0,,,
Uttar Pradesh,Aligarh,Lentil (Masur)(Whole),6960.0,,,
Uttar Pradesh,Aligarh,Maize,2000.0,,,
Uttar Pradesh,Aligarh,Mustard,5450.0,,,
Uttar Pradesh,Aligarh,Mustard Oil,12800.0,,,
Uttar Pradesh,Aligarh,Paddy(Dhan)(Basmati),3050.0,,,
Uttar Pradesh,Aligarh,Wheat,2240.0,,,
Uttar Pradesh,Aligarh,Maize,1700.0,,,
Uttar Pradesh,Aligarh,Wheat,2150.0,,,
Uttar Pradesh,Aligarh,Arhar Dal(Tur Dal),12500.0,,,
Uttar Pradesh,Aligarh,Bajra(Pearl Millet/Cumbu),2140.0,,,
Uttar Pradesh,Aligarh,Black Gram Dal (Urd Dal),9500.0,,,
Uttar Pradesh,Aligarh,Maize,2000.0,,,
Uttar Pradesh,Aligarh,Mustard,5450.0,,,
Uttar Pradesh,Aligarh,Mustard Oil,12800.0,,,
Uttar Pradesh,Aligarh,Wheat,2230.0,,,
Uttar Pradesh,Allahabad,Wheat,2240.0,,,
Uttar Pradesh,Allahabad,Bengal Gram(Gram)(Whole),5365.0,,,
Uttar Pradesh,Allahabad,Mustard,5460.0,,,
Uttar Pradesh,Allahabad,Mustard Oil,12500.0,,,
Uttar Pradesh,Allahabad,Wheat,2285.0,,,
Uttar Pradesh,Auraiya,Arhar (Tur/Red Gram)(Whole),9200.0,,,
Uttar Pradesh,Auraiya,Arhar Dal(Tur Dal),12950.0,,,
Uttar Pradesh,Auraiya,Bengal Gram Dal (Chana Dal),6200.0,,,
Uttar Pradesh,Auraiya,Bengal Gram(Gram)(Whole),5380.0,,,
Uttar Pradesh,Auraiya,Green Gram (Moong)(Whole),7300.0,,,
Uttar Pradesh,Auraiya,Mustard,5270.0,,,
Uttar Pradesh,Auraiya,Mustard Oil,12450.0,,,
Uttar Pradesh,Auraiya,Wheat,2240.0,,,
Uttar Pradesh,Auraiya,Maize,1765.0,,,
Uttar Pradesh,Auraiya,Wheat,2250.0,,,
Uttar Pradesh,Badaun,Bengal Gram(Gram)(Whole),5840.0,,,
Uttar Pradesh,Badaun,Black Gram (Urd Beans)(Whole),7590.0,,,
Uttar Pradesh,Badaun,Green Gram (Moong)(Whole),7890.0,,,
Uttar Pradesh,Badaun,Lentil (Masur)(Whole),6880.0,,,
Uttar Pradesh,Badaun,Maize,1750.0,,,
Uttar Pradesh,Badaun,Wheat,2320.0,,,
Uttar Pradesh,Badaun,Maize,1550.0,,,
Uttar Pradesh,Bahraich,Arhar Dal(Tur Dal),13000.0,,,
Uttar Pradesh,Bahraich,Wheat,2290.0,,,
Uttar Pradesh,Ballia,Barley (Jau),2220.0,,,
Uttar Pradesh,Ballia,Bengal Gram(Gram)(Whole),5725.0,,,
Uttar Pradesh,Ballia,Lentil (Masur)(Whole),6800.0,,,
Uttar Pradesh,Ballia,Mustard,5510.0,,,
Uttar Pradesh,Ballia,Wheat,2260.0,,,
Uttar Pradesh,Ballia,Arhar Dal(Tur Dal),13230.0,,,
Uttar Pradesh,Ballia,Barley (Jau),2210.0,,,
Uttar Pradesh,Ballia,Bengal Gram Dal (Chana Dal),6400.0,,,
Uttar Pradesh,Ballia,Bengal Gram(Gram)(Whole),5720.0,,,
Uttar Pradesh,Ballia,Green Gram (Moong)(Whole),8520.0,,,
Uttar Pradesh,Ballia,Lentil (Masur)(Whole),6820.0,,,
Uttar Pradesh,Ballia,Mustard,5520.0,,,
Uttar Pradesh,Ballia,Wheat,2260.0,,,
Uttar Pradesh,Balrampur,Arhar Dal(Tur Dal),13000.0,,,
Uttar Pradesh,Balrampur,Arhar Dal(Tur Dal),13100.0,,,
Uttar Pradesh,Balrampur,Bengal Gram(Gram)(Whole),5625.0,,,
Uttar Pradesh,Balrampur,Lentil (Masur)(Whole),7000.0,,,
Uttar Pradesh,Balrampur,Mustard,5485.0,,,
Uttar Pradesh,Balrampur,Paddy(Dhan)(Common),1850.0,,,
Uttar Pradesh,Balrampur,Wheat,2300.0,,,
Uttar Pradesh,Banda,Bengal Gram(Gram)(Whole),4950.0,,,
Uttar Pradesh,Banda,Lentil (Masur)(Whole),5560.0,,,
Uttar Pradesh,Banda,Wheat,2190.0,,,
Uttar Pradesh,Barabanki,Arhar Dal(Tur Dal),13240.0,,,
Uttar Pradesh,Barabanki,Bengal Gram Dal (Chana Dal),6220.0,,,
Uttar Pradesh,Barabanki,Black Gram (Urd Beans)(Whole),8150.0,,,
Uttar Pradesh,Barabanki,Lentil (Masur)(Whole),6830.0,,,
Uttar Pradesh,Barabanki,Wheat,2320.0,,,
Uttar Pradesh,Bareilly,Arhar Dal(Tur Dal),9975.0,,,
Uttar Pradesh,Bareilly,Bengal Gram(Gram)(Whole),5875.0,,,
Uttar Pradesh,Bareilly,Mustard,5450.0,,,
Uttar Pradesh,Bareilly,Wheat,2350.0,,,
Uttar Pradesh,Basti,Arhar Dal(Tur Dal),13200.0,,,
Uttar Pradesh,Basti,Bengal Gram Dal (Chana Dal),6420.0,,,
Uttar Pradesh,Basti,Bengal Gram(Gram)(Whole),5730.0,,,
Uttar Pradesh,Basti,Black Gram Dal (Urd Dal),9560.0,,,
Uttar Pradesh,Basti,Lentil (Masur)(Whole),6840.0,,,
Uttar Pradesh,Basti,Mustard,5525.0,,,
Uttar Pradesh,Basti,Paddy(Dhan)(Common),1920.0,,,
Uttar Pradesh,Basti,Wheat,2270.0,,,
Uttar Pradesh,Bulandshahar,Paddy(Dhan)(Basmati),2800.0,,,
Uttar Pradesh,Bulandshahar,Bajra(Pearl Millet/Cumbu),1850.0,,,
Uttar Pradesh,Bulandshahar,Barley (Jau),1750.0,,,
Uttar Pradesh,Bulandshahar,Maize,1700.0,,,
Uttar Pradesh,Bulandshahar,Mustard,5450.0,,,
Uttar Pradesh,Bulandshahar,Wheat,2150.0,,,
Uttar Pradesh,Bulandshahar,Maize,2100.0,,,
Uttar Pradesh,Bulandshahar,Mustard,5480.0,,,
Uttar Pradesh,Bulandshahar,Mustard Oil,12150.0,,,
Uttar Pradesh,Bulandshahar,Paddy(Dhan)(Basmati),3000.0,,,
Uttar Pradesh,Bulandshahar,Wheat,2215.0,,,
Uttar Pradesh,Bulandshahar,Maize,1560.0,,,
Uttar Pradesh,Bulandshahar,Wheat,2320.0,,,
Uttar Pradesh,Chandauli,Bengal Gram(Gram)(Whole),5740.0,,,
Uttar Pradesh,Chandauli,Mustard,5470.0,,,
Uttar Pradesh,Chandauli,Wheat,2310.0,,,
Uttar Pradesh,Etah,Bajra(Pearl Millet/Cumbu),1920.0,,,
Uttar Pradesh,Etah,Maize,1620.0,,,
Uttar Pradesh,Etah,Arhar (Tur/Red Gram)(Whole),8380.0,,,
Uttar Pradesh,Etah,Wheat,2250.0,,,
Uttar Pradesh,Etah,Maize,2000.0,,,
Uttar Pradesh,Etah,Mustard,5450.0,,,
Uttar Pradesh,Etah,Arhar (Tur/Red Gram)(Whole),6850.0,,,
Uttar Pradesh,Etah,Arhar Dal(Tur Dal),10010.0,,,
Uttar Pradesh,Etah,Bajra(Pearl Millet/Cumbu),2200.0,,,
Uttar Pradesh,Etah,Bengal Gram(Gram)(Whole),5570.0,,,
Uttar Pradesh,Etah,Black Gram Dal (Urd Dal),9450.0,,,
Uttar Pradesh,Etah,Maize,1840.0,,,
Uttar Pradesh,Etah,Wheat,2260.0,,,
Uttar Pradesh,Etawah,Arhar Dal(Tur Dal),12900.0,,,
Uttar Pradesh,Etawah,Bengal Gram Dal (Chana Dal),6250.0,,,
Uttar Pradesh,Etawah,Bengal Gram(Gram)(Whole),5460.0,,,
Uttar Pradesh,Etawah,Maize,1750.0,,,
Uttar Pradesh,Etawah,Mustard,5450.0,,,
Uttar Pradesh,Etawah,Mustard Oil,12700.0,,,
Uttar Pradesh,Etawah,Wheat,2240.0,,,
Uttar Pradesh,Faizabad,Bengal Gram(Gram)(Whole),5670.0,,,
Uttar Pradesh,Faizabad,Lentil (Masur)(Whole),6850.0,,,
Uttar Pradesh,Faizabad,Maize,2070.0,,,
Uttar Pradesh,Faizabad,Paddy(Dhan)(Common),1975.0,,,
Uttar Pradesh,Faizabad,Wheat,2270.0,,,
Uttar Pradesh,Farukhabad,Bengal Gram(Gram)(Whole),5465.0,,,
Uttar Pradesh,Farukhabad,Maize,1700.0,,,
Uttar Pradesh,Farukhabad,Mustard,5450.0,,,
Uttar Pradesh,Farukhabad,Wheat,2275.0,,,
Uttar Pradesh,Farukhabad,Maize,1810.0,,,
Uttar Pradesh,Farukhabad,Arhar Dal(Tur Dal),12950.0,,,
Uttar Pradesh,Farukhabad,Bengal Gram Dal (Chana Dal),6175.0,,,
Uttar Pradesh,Farukhabad,Bengal Gram(Gram)(Whole),5400.0,,,
Uttar Pradesh,Farukhabad,Black Gram Dal (Urd Dal),8600.0,,,
Uttar Pradesh,Farukhabad,Green Gram Dal (Moong Dal),8825.0,,,
Uttar Pradesh,Farukhabad,Maize,1780.0,,,
Uttar Pradesh,Farukhabad,Mustard,5450.0,,,
Uttar Pradesh,Farukhabad,Mustard Oil,12375.0,,,
Uttar Pradesh,Farukhabad,Wheat,2280.0,,,
Uttar Pradesh,Farukhabad,Maize,1800.0,,,
Uttar Pradesh,Farukhabad,Wheat,2290.0,,,
Uttar Pradesh,Fatehpur,Arhar (Tur/Red Gram)(Whole),8840.0,,,
Uttar Pradesh,Fatehpur,Arhar Dal(Tur Dal),12930.0,,,
Uttar Pradesh,Fatehpur,Bengal Gram(Gram)(Whole),5360.0,,,
Uttar Pradesh,Fatehpur,Green Gram (Moong)(Whole),7500.0,,,
Uttar Pradesh,Fatehpur,Green Gram Dal (Moong Dal),8860.0,,,
Uttar Pradesh,Fatehpur,Mustard,5455.0,,,
Uttar Pradesh,Fatehpur,Mustard Oil,12380.0,,,
Uttar Pradesh,Fatehpur,Paddy(Dhan)(Common),2150.0,,,
Uttar Pradesh,Fatehpur,Wheat,2250.0,,,
Uttar Pradesh,Fatehpur,Arhar Dal(Tur Dal),12950.0,,,
Uttar Pradesh,Fatehpur,Bengal Gram Dal (Chana Dal),6055.0,,,
Uttar Pradesh,Fatehpur,Bengal Gram(Gram)(Whole),5350.0,,,
Uttar Pradesh,Fatehpur,Black Gram Dal (Urd Dal),8600.0,,,
Uttar Pradesh,Fatehpur,Green Gram Dal (Moong Dal),8860.0,,,
Uttar Pradesh,Fatehpur,Lentil (Masur)(Whole),6350.0,,,
Uttar Pradesh,Fatehpur,Mustard,5450.0,,,
Uttar Pradesh,Fatehpur,Mustard Oil,12500.0,,,
Uttar Pradesh,Fatehpur,Wheat,2250.0,,,
Uttar Pradesh,Fatehpur,Bengal Gram(Gram)(Whole),4900.0,,,
Uttar Pradesh,Fatehpur,Lentil (Masur)(Whole),5400.0,,,
Uttar Pradesh,Fatehpur,Wheat,2200.0,,,
Uttar Pradesh,Firozabad,Arhar (Tur/Red Gram)(Whole),8780.0,,,
Uttar Pradesh,Firozabad,Bajra(Pearl Millet/Cumbu),1920.0,,,
Uttar Pradesh,Firozabad,Barley (Jau),2180.0,,,
Uttar Pradesh,Firozabad,Jowar(Sorghum),3050.0,,,
Uttar Pradesh,Firozabad,Maize,2015.0,,,
Uttar Pradesh,Firozabad,Wheat,2270.0,,,
Uttar Pradesh,Ghaziabad,Arhar Dal(Tur Dal),13000.0,,,
Uttar Pradesh,Ghaziabad,Bengal Gram Dal (Chana Dal),6500.0,,,
Uttar Pradesh,Ghaziabad,Bengal Gram(Gram)(Whole),5800.0,,,
Uttar Pradesh,Ghaziabad,Black Gram Dal (Urd Dal),9600.0,,,
Uttar Pradesh,Ghaziabad,Green Gram Dal (Moong Dal),9600.0,,,
Uttar Pradesh,Ghaziabad,Mustard,5450.0,,,
Uttar Pradesh,Ghaziabad,Mustard Oil,12100.0,,,
Uttar Pradesh,Ghaziabad,Wheat,2250.0,,,
Uttar Pradesh,Ghazipur,Arhar Dal(Tur Dal),13000.0,,,
Uttar Pradesh,Ghazipur,Barley (Jau),2170.0,,,
Uttar Pradesh,Ghazipur,Bengal Gram Dal (Chana Dal),6400.0,,,
Uttar Pradesh,Ghazipur,Bengal Gram(Gram)(Whole),5710.0,,,
Uttar Pradesh,Ghazipur,Black Gram Dal (Urd Dal),9500.0,,,
Uttar Pradesh,Ghazipur,Lentil (Masur)(Whole),6810.0,,,
Uttar Pradesh,Ghazipur,Mustard,5470.0,,,
Uttar Pradesh,Ghazipur,Mustard Oil,13140.0,,,
Uttar Pradesh,Ghazipur,Wheat,2280.0,,,
Uttar Pradesh,Gonda,Paddy(Dhan)(Common),1850.0,,,
Uttar Pradesh,Gonda,Wheat,2300.0,,,
Uttar Pradesh,Hardoi,Wheat,2050.0,,,
Uttar Pradesh,Hardoi,Arhar Dal(Tur Dal),12500.0,,,
Uttar Pradesh,Hardoi,Bengal Gram(Gram)(Whole),5640.0,,,
Uttar Pradesh,Hardoi,Maize,2040.0,,,
Uttar Pradesh,Hardoi,Paddy(Dhan)(Common),2040.0,,,
Uttar Pradesh,Hardoi,Wheat,2280.0,,,
Uttar Pradesh,Hathras,Bajra(Pearl Millet/Cumbu),2130.0,,,
Uttar Pradesh,Hathras,Maize,2070.0,,,
Uttar Pradesh,Hathras,Mustard,5440.0,,,
Uttar Pradesh,Hathras,Wheat,2240.0,,,
Uttar Pradesh,Jalaun (Orai),Wheat,2170.0,,,
Uttar Pradesh,Jaunpur,Arhar Dal(Tur Dal),13100.0,,,
Uttar Pradesh,Jaunpur,Green Gram (Moong)(Whole),9600.0,,,
Uttar Pradesh,Jaunpur,Green Gram Dal (Moong Dal),9600.0,,,
Uttar Pradesh,Jaunpur,Wheat,2300.0,,,
Uttar Pradesh,Jaunpur,Bengal Gram Dal (Chana Dal),6360.0,,,
Uttar Pradesh,Jaunpur,Bengal Gram(Gram)(Whole),5740.0,,,
Uttar Pradesh,Jaunpur,Lentil (Masur)(Whole),6810.0,,,
Uttar Pradesh,Jaunpur,Mustard,5500.0,,,
Uttar Pradesh,Jaunpur,Wheat,2300.0,,,
Uttar Pradesh,Jhansi,Bengal Gram(Gram)(Whole),5350.0,,,
Uttar Pradesh,Jhansi,Lentil (Masur)(Whole),5550.0,,,
Uttar Pradesh,Jhansi,Wheat,2230.0,,,
Uttar Pradesh,Jhansi,Wheat,2250.0,,,
Uttar Pradesh,Kannuj,Maize,1800.0,,,
Uttar Pradesh,Kannuj,Mustard Oil,12450.0,,,
Uttar Pradesh,Kannuj,Wheat,2280.0,,,
Uttar Pradesh,Kanpur,Arhar (Tur/Red Gram)(Whole),8750.0,,,
Uttar Pradesh,Kanpur,Bajra(Pearl Millet/Cumbu),2335.0,,,
Uttar Pradesh,Kanpur,Barley (Jau),2160.0,,,
Uttar Pradesh,Kanpur,Bengal Gram(Gram)(Whole),5380.0,,,
Uttar Pradesh,Kanpur,Green Gram (Moong)(Whole),7625.0,,,
Uttar Pradesh,Kanpur,Maize,1790.0,,,
Uttar Pradesh,Kanpur,Mustard,5420.0,,,
Uttar Pradesh,Kanpur,Wheat,2350.0,,,
Uttar Pradesh,Kanpur,Arhar (Tur/Red Gram)(Whole),8700.0,,,
Uttar Pradesh,Kanpur,Barley (Jau),2130.0,,,
Uttar Pradesh,Kanpur,Bengal Gram(Gram)(Whole),5350.0,,,
Uttar Pradesh,Kanpur,Green Gram (Moong)(Whole),7560.0,,,
Uttar Pradesh,Kanpur,Maize,1760.0,,,
Uttar Pradesh,Kanpur,Mustard,5450.0,,,
Uttar Pradesh,Kanpur,Wheat,2245.0,,,
Uttar Pradesh,Khiri (Lakhimpur),Arhar Dal(Tur Dal),12450.0,,,
Uttar Pradesh,Khiri (Lakhimpur),Black Gram Dal (Urd Dal),9020.0,,,
Uttar Pradesh,Khiri (Lakhimpur),Mustard Oil,14400.0,,,
Uttar Pradesh,Khiri (Lakhimpur),Paddy(Dhan)(Common),1950.0,,,
Uttar Pradesh,Khiri (Lakhimpur),Wheat,2200.0,,,
Uttar Pradesh,Khiri (Lakhimpur),Arhar Dal(Tur Dal),12575.0,,,
Uttar Pradesh,Khiri (Lakhimpur),Black Gram Dal (Urd Dal),9030.0,,,
Uttar Pradesh,Khiri (Lakhimpur),Mustard Oil,14570.0,,,
Uttar Pradesh,Khiri (Lakhimpur),Paddy(Dhan)(Common),1980.0,,,
Uttar Pradesh,Khiri (Lakhimpur),Wheat,2285.0,,,
Uttar Pradesh,Khiri (Lakhimpur),Wheat,2250.0,,,
Uttar Pradesh,Lakhimpur,Bengal Gram(Gram)(Whole),5650.0,,,
Uttar Pradesh,Lakhimpur,Lentil (Masur)(Whole),6790.0,,,
Uttar Pradesh,Lakhimpur,Maize,2050.0,,,
Uttar Pradesh,Lakhimpur,Mustard,5500.0,,,
Uttar Pradesh,Lakhimpur,Paddy(Dhan)(Common),1990.0,,,
Uttar Pradesh,Lakhimpur,Wheat,2275.0,,,
Uttar Pradesh,Lalitpur,Barley (Jau),2000.0,,,
Uttar Pradesh,Lalitpur,Bengal Gram(Gram)(Whole),5400.0,,,
Uttar Pradesh,Lalitpur,Lentil (Masur)(Whole),6100.0,,,
Uttar Pradesh,Lalitpur,Wheat,2200.0,,,
Uttar Pradesh,Lucknow,Arhar Dal(Tur Dal),12700.0,,,
Uttar Pradesh,Lucknow,Bengal Gram Dal (Chana Dal),6200.0,,,
Uttar Pradesh,Lucknow,Bengal Gram(Gram)(Whole),5680.0,,,
Uttar Pradesh,Lucknow,Black Gram (Urd Beans)(Whole),7910.0,,,
Uttar Pradesh,Lucknow,Black Gram Dal (Urd Dal),9050.0,,,
Uttar Pradesh,Lucknow,Green Gram (Moong)(Whole),8050.0,,,
Uttar Pradesh,Lucknow,Mustard,5500.0,,,
Uttar Pradesh,Lucknow,Wheat,2310.0,,,
Uttar Pradesh,Maharajganj,Paddy(Dhan)(Common),2450.0,,,
Uttar Pradesh,Maharajganj,Wheat,2200.0,,,
Uttar Pradesh,Mahoba,Barley (Jau),1800.0,,,
Uttar Pradesh,Mahoba,Bengal Gram(Gram)(Whole),5150.0,,,
Uttar Pradesh,Mahoba,Lentil (Masur)(Whole),5520.0,,,
Uttar Pradesh,Mahoba,Wheat,2200.0,,,
Uttar Pradesh,Mainpuri,Maize,1730.0,,,
Uttar Pradesh,Mainpuri,Wheat,2210.0,,,
Uttar Pradesh,Mainpuri,Arhar Dal(Tur Dal),12700.0,,,
Uttar Pradesh,Mainpuri,Bengal Gram(Gram)(Whole),5570.0,,,
Uttar Pradesh,Mainpuri,Maize,1975.0,,,
Uttar Pradesh,Mainpuri,Wheat,2200.0,,,
Uttar Pradesh,Mainpuri,Arhar (Tur/Red Gram)(Whole),8650.0,,,
Uttar Pradesh,Mainpuri,Arhar Dal(Tur Dal),12700.0,,,
Uttar Pradesh,Mainpuri,Bengal Gram(Gram)(Whole),5570.0,,,
Uttar Pradesh,Mainpuri,Black Gram Dal (Urd Dal),9550.0,,,
Uttar Pradesh,Mainpuri,Maize,2000.0,,,
Uttar Pradesh,Mainpuri,Mustard,5455.0,,,
Uttar Pradesh,Mainpuri,Wheat,2201.0,,,
Uttar Pradesh,Mirzapur,Arhar (Tur/Red Gram)(Whole),7485.0,,,
Uttar Pradesh,Mirzapur,Arhar Dal(Tur Dal),13100.0,,,
Uttar Pradesh,Mirzapur,Bengal Gram Dal (Chana Dal),6315.0,,,
Uttar Pradesh,Mirzapur,Bengal Gram(Gram)(Whole),5700.0,,,
Uttar Pradesh,Mirzapur,Black Gram Dal (Urd Dal),9485.0,,,
Uttar Pradesh,Mirzapur,Lentil (Masur)(Whole),6515.0,,,
Uttar Pradesh,Mirzapur,Mustard,5525.0,,,
Uttar Pradesh,Mirzapur,Mustard Oil,12975.0,,,
Uttar Pradesh,Mirzapur,Wheat,2285.0,,,
Uttar Pradesh,Muradabad,Wheat,2350.0,,,
Uttar Pradesh,Muzaffarnagar,Arhar (Tur/Red Gram)(Whole),8450.0,,,
Uttar Pradesh,Muzaffarnagar,Arhar Dal(Tur Dal),12700.0,,,
Uttar Pradesh,Muzaffarnagar,Barley (Jau),2260.0,,,
Uttar Pradesh,Muzaffarnagar,Bengal Gram Dal (Chana Dal),6580.0,,,
Uttar Pradesh,Muzaffarnagar,Bengal Gram(Gram)(Whole),5780.0,,,
Uttar Pradesh,Muzaffarnagar,Black Gram (Urd Beans)(Whole),8725.0,,,
Uttar Pradesh,Muzaffarnagar,Black Gram Dal (Urd Dal),9565.0,,,
Uttar Pradesh,Muzaffarnagar,Green Gram (Moong)(Whole),8600.0,,,
Uttar Pradesh,Muzaffarnagar,Green Gram Dal (Moong Dal),9560.0,,,
Uttar Pradesh,Muzaffarnagar,Lentil (Masur)(Whole),6530.0,,,
Uttar Pradesh,Muzaffarnagar,Maize,2125.0,,,
Uttar Pradesh,Muzaffarnagar,Mustard,5475.0,,,
Uttar Pradesh,Muzaffarnagar,Mustard Oil,12150.0,,,
Uttar Pradesh,Muzaffarnagar,Wheat,2260.0,,,
Uttar Pradesh,Pillibhit,Arhar Dal(Tur Dal),10000.0,,,
Uttar Pradesh,Pillibhit,Black Gram Dal (Urd Dal),9260.0,,,
Uttar Pradesh,Pillibhit,Wheat,2380.0,,,
Uttar Pradesh,Pratapgarh,Arhar Dal(Tur Dal),13120.0,,,
Uttar Pradesh,Pratapgarh,Bengal Gram Dal (Chana Dal),6120.0,,,
Uttar Pradesh,Pratapgarh,Black Gram Dal (Urd Dal),9560.0,,,
Uttar Pradesh,Pratapgarh,Mustard Oil,14550.0,,,
Uttar Pradesh,Pratapgarh,Wheat,2300.0,,,
Uttar Pradesh,Raebarelli,Paddy(Dhan)(Common),2080.0,,,
Uttar Pradesh,Raebarelli,Wheat,2285.0,,,
Uttar Pradesh,Raebarelli,Arhar Dal(Tur Dal),12400.0,,,
Uttar Pradesh,Raebarelli,Bengal Gram Dal (Chana Dal),5850.0,,,
Uttar Pradesh,Raebarelli,Paddy(Dhan)(Common),2250.0,,,
Uttar Pradesh,Raebarelli,Wheat,2200.0,,,
Uttar Pradesh,Raebarelli,Arhar Dal(Tur Dal),12615.0,,,
Uttar Pradesh,Raebarelli,Barley (Jau),2240.0,,,
Uttar Pradesh,Raebarelli,Bengal Gram(Gram)(Whole),5475.0,,,
Uttar Pradesh,Raebarelli,Black Gram (Urd Beans)(Whole),7920.0,,,
Uttar Pradesh,Raebarelli,Mustard,5480.0,,,
Uttar Pradesh,Raebarelli,Mustard Oil,14600.0,,,
Uttar Pradesh,Raebarelli,Paddy(Dhan)(Common),2075.0,,,
Uttar Pradesh,Raebarelli,Wheat,2205.0,,,
Uttar Pradesh,Raebarelli,Paddy(Dhan)(Common),2110.0,,,
Uttar Pradesh,Raebarelli,Wheat,2305.0,,,
Uttar Pradesh,Rampur,Bengal Gram(Gram)(Whole),5840.0,,,
Uttar Pradesh,Rampur,Lentil (Masur)(Whole),6850.0,,,
Uttar Pradesh,Rampur,Wheat,2340.0,,,
Uttar Pradesh,Rampur,Wheat,2150.0,,,
Uttar Pradesh,Shahjahanpur,Wheat,2320.0,,,
Uttar Pradesh,Siddharth Nagar,Bengal Gram(Gram)(Whole),5740.0,,,
Uttar Pradesh,Siddharth Nagar,Mustard,5535.0,,,
Uttar Pradesh,Siddharth Nagar,Paddy(Dhan)(Common),1910.0,,,
Uttar Pradesh,Siddharth Nagar,Wheat,2250.0,,,
Uttar Pradesh,Siddharth Nagar,Arhar Dal(Tur Dal),13200.0,,,
Uttar Pradesh,Siddharth Nagar,Bengal Gram(Gram)(Whole),5740.0,,,
Uttar Pradesh,Siddharth Nagar,Lentil (Masur)(Whole),6840.0,,,
Uttar Pradesh,Siddharth Nagar,Mustard,5530.0,,,
Uttar Pradesh,Siddharth Nagar,Paddy(Dhan)(Common),1915.0,,,
Uttar Pradesh,Siddharth Nagar,Wheat,2270.0,,,
Uttar Pradesh,Sitapur,Wheat,2210.0,,,
Uttar Pradesh,Sitapur,Arhar Dal(Tur Dal),12400.0,,,
Uttar Pradesh,Sitapur,Bengal Gram(Gram)(Whole),5645.0,,,
Uttar Pradesh,Sitapur,Black Gram Dal (Urd Dal),9025.0,,,
Uttar Pradesh,Sitapur,Lentil (Masur)(Whole),6785.0,,,
Uttar Pradesh,Sitapur,Mustard,5450.0,,,
Uttar Pradesh,Sitapur,Paddy(Dhan)(Common),2030.0,,,
Uttar Pradesh,Sitapur,Wheat,2270.0,,,
Uttar Pradesh,Sitapur,Arhar Dal(Tur Dal),12350.0,,,
Uttar Pradesh,Sitapur,Black Gram Dal (Urd Dal),9060.0,,,
Uttar Pradesh,Sitapur,Mustard Oil,14525.0,,,
Uttar Pradesh,Sitapur,Paddy(Dhan)(Common),1980.0,,,
Uttar Pradesh,Sitapur,Wheat,2240.0,,,
Uttar Pradesh,Sultanpur,Bengal Gram(Gram)(Whole),5580.0,,,
Uttar Pradesh,Sultanpur,Lentil (Masur)(Whole),6990.0,,,
Uttar Pradesh,Sultanpur,Mustard,5480.0,,,
Uttar Pradesh,Sultanpur,Paddy(Dhan)(Common),1860.0,,,
Uttar Pradesh,Sultanpur,Wheat,2280.0,,,
Uttar Pradesh,Sultanpur,Arhar Dal(Tur Dal),12750.0,,,
Uttar Pradesh,Sultanpur,Bengal Gram Dal (Chana Dal),6200.0,,,
Uttar Pradesh,Sultanpur,Bengal Gram(Gram)(Whole),5570.0,,,
Uttar Pradesh,Sultanpur,Black Gram (Urd Beans)(Whole),8560.0,,,
Uttar Pradesh,Sultanpur,Black Gram Dal (Urd Dal),9535.0,,,
Uttar Pradesh,Sultanpur,Green Gram (Moong)(Whole),8545.0,,,
Uttar Pradesh,Sultanpur,Green Gram Dal (Moong Dal),9585.0,,,
Uttar Pradesh,Sultanpur,Lentil (Masur)(Whole),6980.0,,,
Uttar Pradesh,Sultanpur,Mustard,5475.0,,,
Uttar Pradesh,Sultanpur,Paddy(Dhan)(Common),1900.0,,,
Uttar Pradesh,Sultanpur,Wheat,2260.0,,,
Uttar Pradesh,Unnao,Arhar Dal(Tur Dal),12900.0,,,
Uttar Pradesh,Unnao,Bengal Gram Dal (Chana Dal),6085.0,,,
Uttar Pradesh,Unnao,Bengal Gram(Gram)(Whole),5630.0,,,
Uttar Pradesh,Unnao,Black Gram Dal (Urd Dal),8930.0,,,
Uttar Pradesh,Unnao,Mustard,5450.0,,,
Uttar Pradesh,Unnao,Wheat,2295.0,,,
Uttrakhand,UdhamSinghNagar,Paddy(Dhan)(Common),1800.0,,,
West Bengal,Bankura,Mustard,5700.0,,,
West Bengal,Bankura,Wheat,2800.0,,,
West Bengal,Bankura,Mustard,5700.0,,,
West Bengal,Bankura,Paddy(Dhan)(Common),2050.0,,,
West Bengal,Bankura,Wheat,2800.0,,,
West Bengal,Burdwan,Arhar (Tur/Red Gram)(Whole),7650.0,,,
West Bengal,Burdwan,Black Gram Dal (Urd Dal),8700.0,,,
West Bengal,Burdwan,Green Gram Dal (Moong Dal),10500.0,,,
West Bengal,Burdwan,Lentil (Masur)(Whole),9600.0,,,
West Bengal,Burdwan,Mustard,5900.0,,,
West Bengal,Burdwan,Wheat,2850.0,,,
West Bengal,Burdwan,Lentil (Masur)(Whole),9700.0,,,
West Bengal,Burdwan,Mustard,6100.0,,,
West Bengal,Burdwan,Mustard Oil,12000.0,,,
West Bengal,Burdwan,Wheat,2950.0,,,
West Bengal,Burdwan,Wheat,2700.0,,,
West Bengal,Darjeeling,Arhar Dal(Tur Dal),12800.0,,,
West Bengal,Darjeeling,Black Gram Dal (Urd Dal),11800.0,,,
West Bengal,Darjeeling,Green Gram Dal (Moong Dal),9800.0,,,
West Bengal,Malda,Green Gram Dal (Moong Dal),9800.0,,,
West Bengal,Malda,Lentil (Masur)(Whole),9500.0,,,
West Bengal,Medinipur(W),Paddy(Dhan)(Common),2040.0,,,
West Bengal,Medinipur(W),Mustard,5750.0,,,
West Bengal,Medinipur(W),Paddy(Dhan)(Common),2150.0,,,
West Bengal,Nadia,Mustard,6100.0,,,
West Bengal,Nadia,Wheat,2350.0,,,
West Bengal,Nadia,Mustard,5600.0,,,
West Bengal,Uttar Dinajpur,Wheat,2350.0,,,
West Bengal,Uttar Dinajpur,Wheat,2350.0,,,
Andhra Pradesh,Guntur,Black Gram (Urd Beans)(Whole),8200.0,,,
Andhra Pradesh,Kurnool,Maize,1962.0,,,
Andhra Pradesh,Kurnool,Paddy(Dhan)(Common),2040.0,,,
Chattisgarh,Mungeli,Paddy(Dhan)(Common),1800.0,,,
Chattisgarh,Raigarh,Wheat,1950.0,,,
Chattisgarh,Raipur,Paddy(Dhan)(Common),1950.0,,,
Chattisgarh,Surajpur,Paddy(Dhan)(Common),3001.0,,,
Chattisgarh,Surajpur,Paddy(Dhan)(Common),2040.0,,,
Gujarat,Banaskanth,Mustard,5300.0,,,
Gujarat,Banaskanth,Bajra(Pearl Millet/Cumbu),2200.0,,,
Gujarat,Banaskanth,Mustard,5350.0,,,
Gujarat,Banaskanth,Wheat,2250.0,,,
Gujarat,Banaskanth,Bajra(Pearl Millet/Cumbu),2200.0,,,
Gujarat,Banaskanth,Gram Raw(Chholia),8550.0,,,
Gujarat,Banaskanth,Bajra(Pearl Millet/Cumbu),2100.0,,,
Gujarat,Banaskanth,Mustard,5220.0,,,
Gujarat,Banaskanth,Bajra(Pearl Millet/Cumbu),1777.5,,,
Gujarat,Banaskanth,Mustard,5212.5,,,
Gujarat,Banaskanth,Wheat,2250.0,,,
Gujarat,Banaskanth,Bajra(Pearl Millet/Cumbu),2105.0,,,
Gujarat,Banaskanth,Jowar(Sorghum),4867.5,,,
Gujarat,Banaskanth,Mustard,5282.5,,,
Gujarat,Banaskanth,Wheat,2350.0,,,
Gujarat,Banaskanth,Bajra(Pearl Millet/Cumbu),2005.0,,,
Gujarat,Banaskanth,Mustard,5302.5,,,
Gujarat,Banaskanth,Wheat,2047.5,,,
Gujarat,Banaskanth,Bajra(Pearl Millet/Cumbu),2272.0,,,
Gujarat,Banaskanth,Mustard,5500.0,,,
Gujarat,Banaskanth,Mustard,5270.0,,,
Gujarat,Bhavnagar,Bajra(Pearl Millet/Cumbu),2360.0,,,
Gujarat,Bhavnagar,Bengal Gram(Gram)(Whole),4710.0,,,
Gujarat,Bhavnagar,Cotton,7005.0,,,
Gujarat,Bhavnagar,Wheat,2425.0,,,
Gujarat,Dahod,Paddy(Dhan)(Common),1370.0,,,
Gujarat,Gandhinagar,Bajra(Pearl Millet/Cumbu),2270.0,,,
Gujarat,Gandhinagar,Paddy(Dhan)(Common),1925.0,,,
Gujarat,Gandhinagar,Wheat,2315.0,,,
Gujarat,Gandhinagar,Bajra(Pearl Millet/Cumbu),2150.0,,,
Gujarat,Gandhinagar,Jowar(Sorghum),4500.0,,,
Gujarat,Gandhinagar,Mustard,5300.0,,,
Gujarat,Gandhinagar,Paddy(Dhan)(Common),2150.0,,,
Gujarat,Gandhinagar,Wheat,2300.0,,,
Gujarat,Gandhinagar,Bajra(Pearl Millet/Cumbu),1900.0,,,
Gujarat,Gandhinagar,Jowar(Sorghum),4725.0,,,
Gujarat,Gandhinagar,Mustard,5315.0,,,
Gujarat,Gandhinagar,Wheat,2270.0,,,
Gujarat,Jamnagar,Bajra(Pearl Millet/Cumbu),1875.0,,,
Gujarat,Jamnagar,Bengal Gram(Gram)(Whole),4570.0,,,
Gujarat,Jamnagar,Cotton,6130.0,,,
Gujarat,Jamnagar,Wheat,2110.0,,,
Gujarat,Jamnagar,Bengal Gram(Gram)(Whole),4500.0,,,
Gujarat,Jamnagar,Wheat,2175.0,,,
Gujarat,Junagarh,Arhar (Tur/Red Gram)(Whole),8690.0,,,
Gujarat,Junagarh,Black Gram (Urd Beans)(Whole),7315.0,,,
Gujarat,Junagarh,Green Gram (Moong)(Whole),7515.0,,,
Gujarat,Junagarh,Kulthi(Horse Gram),4740.0,,,
Gujarat,Junagarh,Wheat,2430.0,,,
Gujarat,Kachchh,Mustard,4968.0,,,
Gujarat,Mehsana,Bajra(Pearl Millet/Cumbu),2300.0,,,
Gujarat,Mehsana,Kulthi(Horse Gram),4500.0,,,
Gujarat,Mehsana,Paddy(Dhan)(Common),2250.0,,,
Gujarat,Mehsana,Wheat,2450.0,,,
Gujarat,Mehsana,Bajra(Pearl Millet/Cumbu),2105.0,,,
Gujarat,Mehsana,Mustard,5300.0,,,
Gujarat,Mehsana,Wheat,2300.0,,,
Gujarat,Mehsana,Bajra(Pearl Millet/Cumbu),1970.0,,,
Gujarat,Mehsana,Wheat,2250.0,,,
Gujarat,Mehsana,Mustard,5625.0,,,
Gujarat,Mehsana,Bajra(Pearl Millet/Cumbu),1900.0,,,
Gujarat,Mehsana,Mustard,5147.0,,,
Gujarat,Mehsana,Wheat,2285.0,,,
Gujarat,Navsari,Pegeon Pea (Arhar Fali),10500.0,,,
Gujarat,Porbandar,Bajra(Pearl Millet/Cumbu),1725.0,,,
Gujarat,Porbandar,Black Gram (Urd Beans)(Whole),8125.0,,,
Gujarat,Porbandar,Green Gram (Moong)(Whole),8350.0,,,
Gujarat,Porbandar,Kulthi(Horse Gram),3850.0,,,
Gujarat,Porbandar,Wheat,2065.0,,,
Gujarat,Porbandar,Wheat,2325.0,,,
Gujarat,Rajkot,Arhar (Tur/Red Gram)(Whole),9030.0,,,
Gujarat,Rajkot,Wheat,2445.0,,,
Gujarat,Rajkot,Bengal Gram(Gram)(Whole),4400.0,,,
Gujarat,Rajkot,Cotton,6190.0,,,
Gujarat,Rajkot,Wheat,2435.0,,,
Gujarat,Rajkot,Arhar (Tur/Red Gram)(Whole),8605.0,,,
Gujarat,Rajkot,Bajra(Pearl Millet/Cumbu),2125.0,,,
Gujarat,Rajkot,Bengal Gram(Gram)(Whole),4860.0,,,
Gujarat,Rajkot,Bengal Gram(Gram)(Whole),11250.0,,,
Gujarat,Rajkot,Black Gram (Urd Beans)(Whole),7350.0,,,
Gujarat,Rajkot,Cotton,7260.0,,,
Gujarat,Rajkot,Green Gram (Moong)(Whole),8250.0,,,
Gujarat,Rajkot,Jowar(Sorghum),4700.0,,,
Gujarat,Rajkot,Mustard,5150.0,,,
Gujarat,Rajkot,Wheat,2420.0,,,
Gujarat,Rajkot,Wheat,2450.0,,,
Gujarat,Sabarkantha,Bajra(Pearl Millet/Cumbu),2000.0,,,
Gujarat,Sabarkantha,Wheat,2340.0,,,
Gujarat,Surat,Paddy(Dhan)(Common),2035.0,,,
Gujarat,Surat,Paddy(Dhan)(Common),2035.0,,,
Gujarat,Surendranagar,Cotton,7000.0,,,
Gujarat,Surendranagar,Wheat,2400.0,,,
Gujarat,Surendranagar,Mustard,6800.0,,,
Gujarat,Surendranagar,Wheat,2425.0,,,
Haryana,Bhiwani,Cotton,6900.0,,,
Haryana,Fatehabad,Mustard,5084.0,,,
Haryana,Hissar,Mustard,4700.0,,,
Haryana,Kurukshetra,Maize,1400.0,,,
Haryana,Mahendragarh-Narnaul,Mustard,4700.0,,,
Haryana,Sirsa,Bengal Gram(Gram)(Whole),4990.0,,,
Haryana,Sirsa,Cotton,7048.0,,,
Haryana,Sirsa,Mustard,5260.0,,,
Haryana,Sirsa,Mustard,5000.0,,,
Haryana,Sirsa,Cotton,7000.0,,,
Haryana,Sirsa,Mustard,5000.0,,,
Kerala,Kasargod,Arhar (Tur/Red Gram)(Whole),12600.0,,,
Kerala,Kasargod,Black Gram (Urd Beans)(Whole),15200.0,,,
Kerala,Malappuram,Bengal Gram(Gram)(Whole),6250.0,,,
Kerala,Malappuram,Green Gram (Moong)(Whole),10550.0,,,
Kerala,Wayanad,Paddy(Dhan)(Common),2160.0,,,
Madhya Pradesh,Bhind,Wheat,2250.0,,,
Madhya Pradesh,Burhanpur,Arhar (Tur/Red Gram)(Whole),7000.0,,,
Madhya Pradesh,Dewas,Wheat,2350.0,,,
Madhya Pradesh,Panna,Wheat,2038.0,,,
Madhya Pradesh,Rajgarh,Wheat,2320.0,,,
Madhya Pradesh,Ratlam,Wheat,2290.0,,,
Madhya Pradesh,Sagar,Wheat,2121.0,,,
Madhya Pradesh,Sagar,Wheat,2180.0,,,
Madhya Pradesh,Shajapur,Wheat,2125.0,,,
Madhya Pradesh,Shajapur,Bengal Gram(Gram)(Whole),4275.0,,,
Madhya Pradesh,Shajapur,Bengal Gram(Gram)(Whole),5320.0,,,
Madhya Pradesh,Shajapur,Lentil (Masur)(Whole),5460.0,,,
Madhya Pradesh,Shajapur,Mustard,5070.0,,,
Madhya Pradesh,Shajapur,Wheat,2240.0,,,
Madhya Pradesh,Shajapur,Wheat,2055.0,,,
Madhya Pradesh,Shajapur,Wheat,2710.0,,,
Madhya Pradesh,Shajapur,Wheat,2250.0,,,
Maharashtra,Ahmednagar,Paddy(Dhan)(Common),2300.0,,,
Maharashtra,Ahmednagar,Bengal Gram(Gram)(Whole),4000.0,,,
Maharashtra,Ahmednagar,Wheat,2450.0,,,
Maharashtra,Aurangabad,Bajra(Pearl Millet/Cumbu),2351.0,,,
Maharashtra,Aurangabad,Bengal Gram(Gram)(Whole),4600.0,,,
Maharashtra,Aurangabad,Jowar(Sorghum),3580.0,,,
Maharashtra,Aurangabad,Wheat,2352.0,,,
Maharashtra,Jalana,Bajra(Pearl Millet/Cumbu),2200.0,,,
Maharashtra,Jalana,Maize,2100.0,,,
Maharashtra,Jalana,Wheat,2100.0,,,
Maharashtra,Jalgaon,Cotton,6380.0,,,
Maharashtra,Jalgaon,Maize,1530.0,,,
Maharashtra,Jalgaon,Wheat,2650.0,,,
Maharashtra,Nagpur,Arhar (Tur/Red Gram)(Whole),9575.0,,,
Maharashtra,Nagpur,Bengal Gram(Gram)(Whole),4834.0,,,
Maharashtra,Nagpur,Maize,1950.0,,,
Maharashtra,Nagpur,Wheat,2390.0,,,
Maharashtra,Nagpur,Wheat,3150.0,,,
Maharashtra,Nagpur,Arhar (Tur/Red Gram)(Whole),9810.0,,,
Maharashtra,Nagpur,Cotton,6900.0,,,
Maharashtra,Nagpur,Wheat,2325.0,,,
Maharashtra,Nashik,Bajra(Pearl Millet/Cumbu),2699.0,,,
Maharashtra,Nashik,Bengal Gram(Gram)(Whole),5555.0,,,
Maharashtra,Nashik,Maize,2375.0,,,
Maharashtra,Nashik,Wheat,2440.0,,,
Maharashtra,Pune,Bajra(Pearl Millet/Cumbu),3150.0,,,
Maharashtra,Pune,Bengal Gram(Gram)(Whole),5800.0,,,
Maharashtra,Pune,Black Gram (Urd Beans)(Whole),9100.0,,,
Maharashtra,Pune,Green Gram (Moong)(Whole),9200.0,,,
Maharashtra,Pune,Jowar(Sorghum),5150.0,,,
Maharashtra,Pune,Lentil (Masur)(Whole),7350.0,,,
Maharashtra,Pune,Maize,2550.0,,,
Maharashtra,Pune,Wheat,4400.0,,,
Maharashtra,Satara,Jowar(Sorghum),4500.0,,,
Maharashtra,Satara,Maize,2200.0,,,
Maharashtra,Satara,Wheat,2300.0,,,
Nagaland,Kohima,Maize,9500.0,,,
Nagaland,Longleng,Maize,8000.0,,,
Nagaland,Tuensang,Maize,8300.0,,,
Odisha,Bhadrak,Paddy(Dhan)(Common),2040.0,,,
Odisha,Keonjhar,Paddy(Dhan)(Common),2040.0,,,
Odisha,Sundergarh,Black Gram (Urd Beans)(Whole),8000.0,,,
Odisha,Sundergarh,Black Gram (Urd Beans)(Whole),8000.0,,,
Odisha,Sundergarh,Paddy(Dhan)(Common),2040.0,,,
Odisha,Sundergarh,Wheat,2125.0,,,
Odisha,Sundergarh,Wheat Atta,4400.0,,,
Punjab,Mansa,Green Gram (Moong)(Whole),6500.0,,,
Rajasthan,Baran,Bengal Gram(Gram)(Whole),4700.0,,,
Rajasthan,Baran,Black Gram (Urd Beans)(Whole),6200.0,,,
Rajasthan,Baran,Green Gram (Moong)(Whole),6800.0,,,
Rajasthan,Baran,Maize,1700.0,,,
Rajasthan,Baran,Mustard,5226.0,,,
Rajasthan,Baran,Paddy(Dhan)(Common),2600.0,,,
Rajasthan,Baran,Wheat,2330.0,,,
Rajasthan,Hanumangarh,Cotton,7211.0,,,
Rajasthan,Hanumangarh,Mustard,5135.0,,,
Rajasthan,Hanumangarh,Wheat,2260.0,,,
Rajasthan,Jalore,Bajra(Pearl Millet/Cumbu),1750.0,,,
Rajasthan,Jalore,Mustard,5000.0,,,
Rajasthan,Jhalawar,Mustard,5250.0,,,
Rajasthan,Jhalawar,Wheat,2363.0,,,
Rajasthan,Jodhpur,Bajra(Pearl Millet/Cumbu),2200.0,,,
Rajasthan,Jodhpur,Bengal Gram(Gram)(Whole),4850.0,,,
Rajasthan,Jodhpur,Mustard,5800.0,,,
Rajasthan,Sikar,Mustard,4850.0,,,
Rajasthan,Swai Madhopur,Bajra(Pearl Millet/Cumbu),1885.0,,,
Rajasthan,Swai Madhopur,Bengal Gram(Gram)(Whole),4935.0,,,
Rajasthan,Swai Madhopur,Mustard,5280.0,,,
Rajasthan,Swai Madhopur,Wheat,2220.0,,,
Rajasthan,Tonk,Bajra(Pearl Millet/Cumbu),1905.0,,,
Rajasthan,Tonk,Barley (Jau),1545.0,,,
Rajasthan,Tonk,Bengal Gram(Gram)(Whole),4950.0,,,
Rajasthan,Tonk,Jowar(Sorghum),4100.0,,,
Rajasthan,Tonk,Maize,2560.0,,,
Rajasthan,Tonk,Mustard,5350.0,,,
Rajasthan,Tonk,Wheat,2240.0,,,
Rajasthan,Tonk,Barley (Jau),1680.0,,,
Rajasthan,Tonk,Mustard,5495.0,,,
Rajasthan,Tonk,Wheat,2207.0,,,
Rajasthan,Tonk,Mustard,5308.0,,,
Rajasthan,Tonk,Wheat,2219.0,,,
Tamil Nadu,Coimbatore,Paddy(Dhan)(Common),2050.0,,,
Tamil Nadu,Erode,Maize,2361.0,,,
Tamil Nadu,Madurai,Paddy(Dhan)(Common),2046.0,,,
Tamil Nadu,Madurai,Paddy(Dhan)(Common),2123.0,,,
Tamil Nadu,Madurai,Paddy(Dhan)(Common),2585.0,,,
Tamil Nadu,Madurai,Paddy(Dhan)(Common),2816.0,,,
Tamil Nadu,Madurai,Cotton,5200.0,,,
Tamil Nadu,Madurai,Cotton,5850.0,,,
Tamil Nadu,Madurai,Jowar(Sorghum),3950.0,,,
Tamil Nadu,Madurai,Paddy(Dhan)(Common),1900.0,,,
Tamil Nadu,Madurai,Paddy(Dhan)(Common),2050.0,,,
Tamil Nadu,Salem,Maize,2330.0,,,
Tamil Nadu,Salem,Cotton,6500.0,,,
Tamil Nadu,Salem,Cotton,7000.0,,,
Tamil Nadu,Salem,Paddy(Dhan)(Common),2000.0,,,
Telangana,Adilabad,Paddy(Dhan)(Common),2040.0,,,
Telangana,Adilabad,Paddy(Dhan)(Common),2040.0,,,
Telangana,Karimnagar,Paddy(Dhan)(Common),2040.0,,,
Telangana,Khammam,Paddy(Dhan)(Common),2040.0,,,
Telangana,Medak,Paddy(Dhan)(Common),2060.0,,,
Telangana,Nalgonda,Paddy(Dhan)(Common),2060.0,,,
Telangana,Nalgonda,Arhar (Tur/Red Gram)(Whole),8973.0,,,
Telangana,Nizamabad,Paddy(Dhan)(Common),2040.0,,,
Telangana,Nizamabad,Paddy(Dhan)(Common),2040.0,,,
Telangana,Warangal,Paddy(Dhan)(Common),206.0,,,
Telangana,Warangal,Cotton,6200.0,,,
Uttar Pradesh,Aligarh,Maize,1700.0,,,
Uttar Pradesh,Aligarh,Wheat,2150.0,,,
Uttar Pradesh,Aligarh,Arhar Dal(Tur Dal),12500.0,,,
Uttar Pradesh,Aligarh,Bajra(Pearl Millet/Cumbu),2120.0,,,
Uttar Pradesh,Aligarh,Black Gram Dal (Urd Dal),9500.0,,,
Uttar Pradesh,Aligarh,Maize,1980.0,,,
Uttar Pradesh,Aligarh,Mustard,5450.0,,,
Uttar Pradesh,Aligarh,Mustard Oil,12800.0,,,
Uttar Pradesh,Aligarh,Wheat,2240.0,,,
Uttar Pradesh,Allahabad,Wheat,2275.0,,,
Uttar Pradesh,Auraiya,Arhar Dal(Tur Dal),13000.0,,,
Uttar Pradesh,Auraiya,Bajra(Pearl Millet/Cumbu),2350.0,,,
Uttar Pradesh,Auraiya,Bengal Gram(Gram)(Whole),5450.0,,,
Uttar Pradesh,Auraiya,Maize,1740.0,,,
Uttar Pradesh,Auraiya,Mustard,5450.0,,,
Uttar Pradesh,Auraiya,Mustard Oil,12400.0,,,
Uttar Pradesh,Auraiya,Wheat,2250.0,,,
Uttar Pradesh,Badaun,Maize,1765.0,,,
Uttar Pradesh,Badaun,Wheat,2270.0,,,
Uttar Pradesh,Badaun,Maize,1760.0,,,
Uttar Pradesh,Badaun,Wheat,2260.0,,,
Uttar Pradesh,Bahraich,Arhar Dal(Tur Dal),13100.0,,,
Uttar Pradesh,Bahraich,Bengal Gram Dal (Chana Dal),6150.0,,,
Uttar Pradesh,Bahraich,Bengal Gram(Gram)(Whole),5640.0,,,
Uttar Pradesh,Bahraich,Black Gram (Urd Beans)(Whole),8750.0,,,
Uttar Pradesh,Bahraich,Black Gram Dal (Urd Dal),9500.0,,,
Uttar Pradesh,Bahraich,Lentil (Masur)(Whole),7000.0,,,
Uttar Pradesh,Bahraich,Maize,2000.0,,,
Uttar Pradesh,Bahraich,Mustard Oil,14250.0,,,
Uttar Pradesh,Bahraich,Wheat,2290.0,,,
Uttar Pradesh,Balrampur,Arhar Dal(Tur Dal),13000.0,,,
Uttar Pradesh,Balrampur,Bengal Gram(Gram)(Whole),5600.0,,,
Uttar Pradesh,Balrampur,Black Gram (Urd Beans)(Whole),8750.0,,,
Uttar Pradesh,Balrampur,Lentil (Masur)(Whole),7020.0,,,
Uttar Pradesh,Balrampur,Maize,2015.0,,,
Uttar Pradesh,Balrampur,Mustard,5500.0,,,
Uttar Pradesh,Balrampur,Wheat,2300.0,,,
Uttar Pradesh,Barabanki,Bengal Gram(Gram)(Whole),5570.0,,,
Uttar Pradesh,Barabanki,Maize,4400.0,,,
Uttar Pradesh,Barabanki,Mustard,5490.0,,,
Uttar Pradesh,Barabanki,Wheat,2280.0,,,
Uttar Pradesh,Barabanki,Arhar Dal(Tur Dal),13250.0,,,
Uttar Pradesh,Barabanki,Bengal Gram Dal (Chana Dal),6250.0,,,
Uttar Pradesh,Barabanki,Black Gram (Urd Beans)(Whole),8150.0,,,
Uttar Pradesh,Barabanki,Lentil (Masur)(Whole),6850.0,,,
Uttar Pradesh,Barabanki,Wheat,2250.0,,,
Uttar Pradesh,Bareilly,Bengal Gram Dal (Chana Dal),6870.0,,,
Uttar Pradesh,Bareilly,Wheat,2340.0,,,
Uttar Pradesh,Bulandshahar,Maize,2100.0,,,
Uttar Pradesh,Bulandshahar,Mustard,5475.0,,,
Uttar Pradesh,Bulandshahar,Mustard Oil,12100.0,,,
Uttar Pradesh,Bulandshahar,Paddy(Dhan)(Basmati),3011.0,,,
Uttar Pradesh,Bulandshahar,Wheat,2220.0,,,
Uttar Pradesh,Bulandshahar,Arhar Dal(Tur Dal),12550.0,,,
Uttar Pradesh,Bulandshahar,Bengal Gram Dal (Chana Dal),6540.0,,,
Uttar Pradesh,Bulandshahar,Bengal Gram(Gram)(Whole),5730.0,,,
Uttar Pradesh,Bulandshahar,Black Gram Dal (Urd Dal),9530.0,,,
Uttar Pradesh,Bulandshahar,Green Gram Dal (Moong Dal),9540.0,,,
Uttar Pradesh,Bulandshahar,Maize,2101.0,,,
Uttar Pradesh,Bulandshahar,Paddy(Dhan)(Basmati),3101.0,,,
Uttar Pradesh,Bulandshahar,Wheat,2245.0,,,
Uttar Pradesh,Etah,Bajra(Pearl Millet/Cumbu),1905.0,,,
Uttar Pradesh,Etah,Maize,1650.0,,,
Uttar Pradesh,Fatehpur,Bengal Gram(Gram)(Whole),5345.0,,,
Uttar Pradesh,Fatehpur,Lentil (Masur)(Whole),6360.0,,,
Uttar Pradesh,Fatehpur,Mustard,5455.0,,,
Uttar Pradesh,Fatehpur,Wheat,2250.0,,,
Uttar Pradesh,Fatehpur,Green Gram (Moong)(Whole),7630.0,,,
Uttar Pradesh,Fatehpur,Mustard,5225.0,,,
Uttar Pradesh,Fatehpur,Wheat,2260.0,,,
Uttar Pradesh,Gautam Budh Nagar,Arhar Dal(Tur Dal),12700.0,,,
Uttar Pradesh,Gautam Budh Nagar,Bengal Gram Dal (Chana Dal),6550.0,,,
Uttar Pradesh,Gautam Budh Nagar,Bengal Gram(Gram)(Whole),5780.0,,,
Uttar Pradesh,Gautam Budh Nagar,Black Gram Dal (Urd Dal),9500.0,,,
Uttar Pradesh,Gautam Budh Nagar,Green Gram Dal (Moong Dal),9500.0,,,
Uttar Pradesh,Gautam Budh Nagar,Maize,2120.0,,,
Uttar Pradesh,Gautam Budh Nagar,Mustard,5480.0,,,
Uttar Pradesh,Gautam Budh Nagar,Mustard Oil,12200.0,,,
Uttar Pradesh,Gautam Budh Nagar,Wheat,2251.0,,,
Uttar Pradesh,Ghaziabad,Arhar (Tur/Red Gram)(Whole),9500.0,,,
Uttar Pradesh,Ghaziabad,Arhar Dal(Tur Dal),13500.0,,,
Uttar Pradesh,Ghaziabad,Barley (Jau),2250.0,,,
Uttar Pradesh,Ghaziabad,Bengal Gram(Gram)(Whole),6000.0,,,
Uttar Pradesh,Ghaziabad,Black Gram (Urd Beans)(Whole),8800.0,,,
Uttar Pradesh,Ghaziabad,Black Gram Dal (Urd Dal),9600.0,,,
Uttar Pradesh,Ghaziabad,Green Gram Dal (Moong Dal),9600.0,,,
Uttar Pradesh,Ghaziabad,Maize,2130.0,,,
Uttar Pradesh,Ghaziabad,Mustard,5450.0,,,
Uttar Pradesh,Ghaziabad,Mustard Oil,12100.0,,,
Uttar Pradesh,Ghaziabad,Wheat,2260.0,,,
Uttar Pradesh,Hamirpur,Wheat,2100.0,,,
Uttar Pradesh,Hathras,Bajra(Pearl Millet/Cumbu),1540.0,,,
Uttar Pradesh,Hathras,Maize,1545.0,,,
Uttar Pradesh,Hathras,Wheat,2155.0,,,
Uttar Pradesh,Jaunpur,Bengal Gram Dal (Chana Dal),6400.0,,,
Uttar Pradesh,Jaunpur,Bengal Gram(Gram)(Whole),5740.0,,,
Uttar Pradesh,Jaunpur,Lentil (Masur)(Whole),6800.0,,,
Uttar Pradesh,Jaunpur,Mustard,5560.0,,,
Uttar Pradesh,Jaunpur,Wheat,2310.0,,,
Uttar Pradesh,Kanpur,Arhar (Tur/Red Gram)(Whole),8010.0,,,
Uttar Pradesh,Kanpur,Arhar Dal(Tur Dal),12400.0,,,
Uttar Pradesh,Kanpur,Bengal Gram Dal (Chana Dal),6150.0,,,
Uttar Pradesh,Kanpur,Bengal Gram(Gram)(Whole),5355.0,,,
Uttar Pradesh,Kanpur,Green Gram (Moong)(Whole),7500.0,,,
Uttar Pradesh,Kanpur,Mustard,5460.0,,,
Uttar Pradesh,Kanpur,Wheat,2175.0,,,
Uttar Pradesh,Lalitpur,Barley (Jau),2000.0,,,
Uttar Pradesh,Lalitpur,Bengal Gram(Gram)(Whole),5400.0,,,
Uttar Pradesh,Lalitpur,Lentil (Masur)(Whole),6100.0,,,
Uttar Pradesh,Lalitpur,Wheat,2200.0,,,
Uttar Pradesh,Maharajganj,Wheat,2260.0,,,
Uttar Pradesh,Mainpuri,Maize,1740.0,,,
Uttar Pradesh,Mainpuri,Wheat,2220.0,,,
Uttar Pradesh,Muzaffarnagar,Arhar Dal(Tur Dal),12700.0,,,
Uttar Pradesh,Muzaffarnagar,Barley (Jau),2250.0,,,
Uttar Pradesh,Muzaffarnagar,Bengal Gram Dal (Chana Dal),6570.0,,,
Uttar Pradesh,Muzaffarnagar,Bengal Gram(Gram)(Whole),5760.0,,,
Uttar Pradesh,Muzaffarnagar,Black Gram Dal (Urd Dal),9560.0,,,
Uttar Pradesh,Muzaffarnagar,Green Gram Dal (Moong Dal),9560.0,,,
Uttar Pradesh,Muzaffarnagar,Mustard,5475.0,,,
Uttar Pradesh,Muzaffarnagar,Mustard Oil,12150.0,,,
Uttar Pradesh,Muzaffarnagar,Wheat,2260.0,,,
Uttar Pradesh,Sultanpur,Bengal Gram(Gram)(Whole),5575.0,,,
Uttar Pradesh,Sultanpur,Lentil (Masur)(Whole),6980.0,,,
Uttar Pradesh,Sultanpur,Mustard,5480.0,,,
Uttar Pradesh,Sultanpur,Paddy(Dhan)(Common),1880.0,,,
Uttar Pradesh,Sultanpur,Wheat,2270.0,,,
Uttrakhand,UdhamSinghNagar,Maize,2800.0,,,
West Bengal,Bankura,Mustard,5700.0,,,
West Bengal,Bankura,Wheat,2800.0,,,
West Bengal,Bankura,Mustard,5700.0,,,
West Bengal,Bankura,Paddy(Dhan)(Common),2050.0,,,
West Bengal,Bankura,Wheat,2800.0,,,
West Bengal,Burdwan,Mustard,5500.0,,,
West Bengal,Burdwan,Paddy(Dhan)(Common),2183.0,,,
West Bengal,Burdwan,Paddy(Dhan)(Common),2203.0,,,
West Bengal,Burdwan,Mustard,5500.0,,,
West Bengal,Burdwan,Mustard Oil,13700.0,,,
West Bengal,Burdwan,Paddy(Dhan)(Common),2183.0,,,
West Bengal,Burdwan,Paddy(Dhan)(Common),2203.0,,,
West Bengal,Darjeeling,Arhar Dal(Tur Dal),12800.0,,,
West Bengal,Darjeeling,Black Gram Dal (Urd Dal),11800.0,,,
West Bengal,Darjeeling,Green Gram Dal (Moong Dal),9800.0,,,
West Bengal,Hooghly,Paddy(Dhan)(Common),2183.0,,,
West Bengal,Hooghly,Paddy(Dhan)(Common),2200.0,,,
West Bengal,Malda,Green Gram Dal (Moong Dal),10000.0,,,
West Bengal,Malda,Lentil (Masur)(Whole),9600.0,,,
West Bengal,Murshidabad,Mustard,5500.0,,,
West Bengal,Puruliya,Mustard Oil,12480.0,,,
Karnataka,Koppal,Kulthi(Horse Gram),7650.0,,,
Madhya Pradesh,Dewas,Wheat,2300.0,,,
Madhya Pradesh,Mandsaur,Wheat,2115.0,,,
NCT of Delhi,Delhi,Wheat,2303.0,,,
Rajasthan,Sikar,Mustard,4900.0,,,
Rajasthan,Tonk,Jowar(Sorghum),4050.0,,,
Rajasthan,Tonk,Maize,2585.0,,,
Rajasthan,Tonk,Mustard,5450.0,,,
Rajasthan,Tonk,Wheat,2235.0,,,
Telangana,Khammam,Paddy(Dhan)(Common),2040.0,,,
Telangana,Mahbubnagar,Paddy(Dhan)(Common),2100.0,,,
Telangana,Medak,Paddy(Dhan)(Common),2060.0,,,
Telangana,Nalgonda,Cotton,6380.0,,,
Telangana,Nalgonda,Maize,1930.0,,,
Telangana,Nalgonda,Paddy(Dhan)(Common),2060.0,,,
Telangana,Nalgonda,Paddy(Dhan)(Common),2060.0,,,
Telangana,Warangal,Cotton,6200.0,,,
Telangana,Warangal,Cotton,6600.0,,,
Uttar Pradesh,Agra,Bajra(Pearl Millet/Cumbu),2030.0,,,
Uttar Pradesh,Agra,Barley (Jau),2240.0,,,
Uttar Pradesh,Badaun,Maize,1680.0,,,
Uttar Pradesh,Bulandshahar,Bajra(Pearl Millet/Cumbu),1850.0,,,
Uttar Pradesh,Bulandshahar,Barley (Jau),1750.0,,,
Uttar Pradesh,Bulandshahar,Maize,1700.0,,,
Uttar Pradesh,Bulandshahar,Mustard,5500.0,,,
Uttar Pradesh,Bulandshahar,Wheat,2150.0,,,
Uttar Pradesh,Etah,Bajra(Pearl Millet/Cumbu),1925.0,,,
Uttar Pradesh,Etah,Wheat,2160.0,,,
Uttar Pradesh,Etah,Bajra(Pearl Millet/Cumbu),2190.0,,,
Uttar Pradesh,Etah,Maize,1850.0,,,
Uttar Pradesh,Etah,Wheat,2260.0,,,
Uttar Pradesh,Firozabad,Bajra(Pearl Millet/Cumbu),1900.0,,,
Uttar Pradesh,Firozabad,Maize,1700.0,,,
Uttar Pradesh,Gonda,Paddy(Dhan)(Common),1850.0,,,
Uttar Pradesh,Gonda,Wheat,2300.0,,,
Uttar Pradesh,Hardoi,Bengal Gram(Gram)(Whole),5650.0,,,
Uttar Pradesh,Hardoi,Lentil (Masur)(Whole),6780.0,,,
Uttar Pradesh,Hardoi,Maize,2030.0,,,
Uttar Pradesh,Hardoi,Mustard,5480.0,,,
Uttar Pradesh,Hardoi,Paddy(Dhan)(Common),2050.0,,,
Uttar Pradesh,Hardoi,Wheat,2265.0,,,
Uttar Pradesh,Hardoi,Arhar Dal(Tur Dal),12620.0,,,
Uttar Pradesh,Hardoi,Bengal Gram(Gram)(Whole),5650.0,,,
Uttar Pradesh,Hardoi,Maize,2020.0,,,
Uttar Pradesh,Hardoi,Paddy(Dhan)(Common),2040.0,,,
Uttar Pradesh,Hardoi,Wheat,2270.0,,,
Uttar Pradesh,Jalaun (Orai),Mustard,5200.0,,,
Uttar Pradesh,Jalaun (Orai),Wheat,2185.0,,,
Uttar Pradesh,Jhansi,Bengal Gram(Gram)(Whole),5400.0,,,
Uttar Pradesh,Jhansi,Wheat,2230.0,,,
Uttar Pradesh,Lalitpur,Barley (Jau),2000.0,,,
Uttar Pradesh,Lalitpur,Bengal Gram(Gram)(Whole),5400.0,,,
Uttar Pradesh,Lalitpur,Lentil (Masur)(Whole),6100.0,,,
Uttar Pradesh,Lalitpur,Wheat,2200.0,,,
Uttar Pradesh,Mahoba,Arhar (Tur/Red Gram)(Whole),8620.0,,,
Uttar Pradesh,Mahoba,Barley (Jau),1800.0,,,
Uttar Pradesh,Mahoba,Bengal Gram(Gram)(Whole),5120.0,,,
Uttar Pradesh,Mahoba,Black Gram (Urd Beans)(Whole),7510.0,,,
Uttar Pradesh,Mahoba,Lentil (Masur)(Whole),5550.0,,,
Uttar Pradesh,Mahoba,Wheat,2215.0,,,
Uttar Pradesh,Mainpuri,Maize,1745.0,,,
Uttar Pradesh,Mainpuri,Wheat,2210.0,,,
Uttar Pradesh,Mainpuri,Arhar (Tur/Red Gram)(Whole),8450.0,,,
Uttar Pradesh,Mainpuri,Arhar Dal(Tur Dal),12700.0,,,
Uttar Pradesh,Mainpuri,Bengal Gram(Gram)(Whole),5575.0,,,
Uttar Pradesh,Mainpuri,Maize,1985.0,,,
Uttar Pradesh,Siddharth Nagar,Bengal Gram(Gram)(Whole),5730.0,,,
Uttar Pradesh,Siddharth Nagar,Mustard,5520.0,,,
Uttar Pradesh,Siddharth Nagar,Paddy(Dhan)(Common),2040.0,,,
Uttar Pradesh,Siddharth Nagar,Wheat,2250.0,,,
Uttar Pradesh,Sultanpur,Bengal Gram(Gram)(Whole),5580.0,,,
Uttar Pradesh,Sultanpur,Lentil (Masur)(Whole),7000.0,,,
Uttar Pradesh,Sultanpur,Mustard,5500.0,,,
Uttar Pradesh,Sultanpur,Paddy(Dhan)(Common),1890.0,,,
Uttar Pradesh,Sultanpur,Wheat,2280.0,,,
Uttrakhand,Haridwar,Wheat,2130.0,,,
West Bengal,Bankura,Mustard,5700.0,,,
West Bengal,Bankura,Wheat,2800.0,,,
West Bengal,Bankura,Mustard,5700.0,,,
West Bengal,Bankura,Paddy(Dhan)(Common),2050.0,,,
West Bengal,Bankura,Wheat,2800.0,,,
West Bengal,Murshidabad,Mustard,5500.0,,,
Andhra Pradesh,East Godavari,Paddy(Dhan)(Common),2050.0,,,
Andhra Pradesh,East Godavari,Paddy(Dhan)(Common),2050.0,,,
Andhra Pradesh,East Godavari,Paddy(Dhan)(Common),2040.0,,,
Andhra Pradesh,Guntur,Black Gram (Urd Beans)(Whole),8200.0,,,
Andhra Pradesh,Kurnool,Jowar(Sorghum),3060.0,,,
Andhra Pradesh,Kurnool,Maize,1962.0,,,
Andhra Pradesh,Kurnool,Paddy(Dhan)(Common),2040.0,,,
Andhra Pradesh,Kurnool,Bengal Gram(Gram)(Whole),5335.0,,,
Andhra Pradesh,Kurnool,Maize,1962.0,,,
Andhra Pradesh,Kurnool,Paddy(Dhan)(Common),2040.0,,,
Chattisgarh,Balodabazar,Paddy(Dhan)(Common),1355.0,,,
Chattisgarh,Dhamtari,Paddy(Dhan)(Common),1745.0,,,
Chattisgarh,Dhamtari,Paddy(Dhan)(Common),1745.0,,,
Chattisgarh,Dhamtari,Paddy(Dhan)(Common),1745.0,,,
Chattisgarh,Dhamtari,Paddy(Dhan)(Common),1745.0,,,
Chattisgarh,Dhamtari,Paddy(Dhan)(Common),2130.0,,,
Chattisgarh,Dhamtari,Paddy(Dhan)(Common),1800.0,,,
Chattisgarh,Janjgir,Paddy(Dhan)(Common),1500.0,,,
Chattisgarh,Kanker,Maize,1550.0,,,
Chattisgarh,Kanker,Maize,1550.0,,,
Chattisgarh,Kanker,Maize,1550.0,,,
Chattisgarh,Koria,Maize,2025.0,,,
Chattisgarh,Mahasamund,Paddy(Dhan)(Common),2200.0,,,
Chattisgarh,Mahasamund,Paddy(Dhan)(Common),1900.0,,,
Chattisgarh,Mahasamund,Paddy(Dhan)(Common),1990.0,,,
Chattisgarh,Raigarh,Maize,1750.0,,,
Gujarat,Amreli,Arhar (Tur/Red Gram)(Whole),8000.0,,,
Gujarat,Amreli,Bajra(Pearl Millet/Cumbu),2195.0,,,
Gujarat,Amreli,Bengal Gram(Gram)(Whole),4955.0,,,
Gujarat,Amreli,Cotton,6895.0,,,
Gujarat,Amreli,Green Gram (Moong)(Whole),8230.0,,,
Gujarat,Amreli,Wheat,2545.0,,,
Gujarat,Amreli,Wheat,2485.0,,,
Gujarat,Amreli,Cotton,7280.0,,,
Gujarat,Amreli,Bengal Gram(Gram)(Whole),4610.0,,,
Gujarat,Amreli,Cotton,5700.0,,,
Gujarat,Amreli,Wheat,2200.0,,,
Gujarat,Anand,Bajra(Pearl Millet/Cumbu),2140.0,,,
Gujarat,Anand,Wheat,2150.0,,,
Gujarat,Banaskanth,Bajra(Pearl Millet/Cumbu),2225.0,,,
Gujarat,Banaskanth,Mustard,5275.0,,,
Gujarat,Banaskanth,Wheat,2225.0,,,
Gujarat,Banaskanth,Gram Raw(Chholia),8500.0,,,
Gujarat,Banaskanth,Bajra(Pearl Millet/Cumbu),2030.0,,,
Gujarat,Banaskanth,Mustard,5212.0,,,
Gujarat,Banaskanth,Wheat,2295.0,,,
Gujarat,Banaskanth,Bajra(Pearl Millet/Cumbu),1937.5,,,
Gujarat,Bharuch,Arhar (Tur/Red Gram)(Whole),7500.0,,,
Gujarat,Bharuch,Bajra(Pearl Millet/Cumbu),2400.0,,,
Gujarat,Bharuch,Cotton,5800.0,,,
Gujarat,Bharuch,Jowar(Sorghum),2800.0,,,
Gujarat,Bharuch,Maize,2000.0,,,
Gujarat,Bharuch,Arhar (Tur/Red Gram)(Whole),7600.0,,,
Gujarat,Bharuch,Bajra(Pearl Millet/Cumbu),2300.0,,,
Gujarat,Bharuch,Cotton,5600.0,,,
Gujarat,Bharuch,Jowar(Sorghum),2600.0,,,
Gujarat,Bharuch,Maize,2200.0,,,
Gujarat,Dahod,Arhar (Tur/Red Gram)(Whole),7800.0,,,
Gujarat,Dahod,Arhar (Tur/Red Gram)(Whole),8300.0,,,
Gujarat,Dahod,Bajra(Pearl Millet/Cumbu),2200.0,,,
Gujarat,Dahod,Bengal Gram(Gram)(Whole),5125.0,,,
Gujarat,Dahod,Bengal Gram(Gram)(Whole),5250.0,,,
Gujarat,Dahod,Black Gram (Urd Beans)(Whole),7500.0,,,
Gujarat,Dahod,Green Gram (Moong)(Whole),7800.0,,,
Gujarat,Dahod,Maize,2600.0,,,
Gujarat,Dahod,Maize,2200.0,,,
Gujarat,Dahod,Paddy(Dhan)(Common),1830.0,,,
Gujarat,Dahod,Paddy(Dhan)(Common),2050.0,,,
Gujarat,Dahod,Wheat,2700.0,,,
Gujarat,Dahod,Wheat,2550.0,,,
Gujarat,Gandhinagar,Bajra(Pearl Millet/Cumbu),2272.0,,,
Gujarat,Gandhinagar,Paddy(Dhan)(Common),1900.0,,,
Gujarat,Gandhinagar,Wheat,2332.0,,,
Gujarat,Gandhinagar,Bajra(Pearl Millet/Cumbu),1755.0,,,
Gujarat,Gandhinagar,Jowar(Sorghum),4650.0,,,
Gujarat,Gandhinagar,Mustard,5340.0,,,
Gujarat,Gandhinagar,Wheat,2285.0,,,
Gujarat,Jamnagar,Bengal Gram(Gram)(Whole),4160.0,,,
Gujarat,Jamnagar,Cotton,6240.0,,,
Gujarat,Jamnagar,Jowar(Sorghum),4280.0,,,
Gujarat,Jamnagar,Wheat,2150.0,,,
Gujarat,Jamnagar,Bengal Gram(Gram)(Whole),4500.0,,,
Gujarat,Jamnagar,Green Gram (Moong)(Whole),8500.0,,,
Gujarat,Jamnagar,Wheat,2125.0,,,
Gujarat,Junagarh,Arhar (Tur/Red Gram)(Whole),8765.0,,,
Gujarat,Junagarh,Bajra(Pearl Millet/Cumbu),1740.0,,,
Gujarat,Junagarh,Kulthi(Horse Gram),4750.0,,,
Gujarat,Junagarh,Maize,2500.0,,,
Gujarat,Junagarh,Mustard,5365.0,,,
Gujarat,Junagarh,Wheat,2475.0,,,
Gujarat,Mehsana,Bajra(Pearl Millet/Cumbu),1911.0,,,
Gujarat,Morbi,Jowar(Sorghum),4150.0,,,
Gujarat,Morbi,Mustard,6350.0,,,
Gujarat,Morbi,Wheat,2380.0,,,
Gujarat,Panchmahals,Bajra(Pearl Millet/Cumbu),1950.0,,,
Gujarat,Panchmahals,Maize,2175.0,,,
Gujarat,Panchmahals,Paddy(Dhan)(Common),1700.0,,,
Gujarat,Panchmahals,Wheat,2075.0,,,
Gujarat,Patan,Bajra(Pearl Millet/Cumbu),2187.0,,,
Gujarat,Patan,Jowar(Sorghum),6340.0,,,
Gujarat,Patan,Mustard,5370.0,,,
Gujarat,Patan,Wheat,2430.0,,,
Gujarat,Porbandar,Green Gram (Moong)(Whole),8400.0,,,
Gujarat,Porbandar,Wheat,2040.0,,,
Gujarat,Porbandar,Wheat,2205.0,,,
Gujarat,Rajkot,Arhar (Tur/Red Gram)(Whole),8905.0,,,
Gujarat,Rajkot,Black Gram (Urd Beans)(Whole),9230.0,,,
Gujarat,Rajkot,Cotton,5530.0,,,
Gujarat,Rajkot,Wheat,2465.0,,,
Gujarat,Rajkot,Arhar (Tur/Red Gram)(Whole),8000.0,,,
Gujarat,Rajkot,Bajra(Pearl Millet/Cumbu),2055.0,,,
Gujarat,Rajkot,Bengal Gram(Gram)(Whole),4860.0,,,
Gujarat,Rajkot,Bengal Gram(Gram)(Whole),11500.0,,,
Gujarat,Rajkot,Black Gram (Urd Beans)(Whole),7500.0,,,
Gujarat,Rajkot,Cotton,7275.0,,,
Gujarat,Rajkot,Green Gram (Moong)(Whole),8100.0,,,
Gujarat,Rajkot,Jowar(Sorghum),4600.0,,,
Gujarat,Rajkot,Mustard,5150.0,,,
Gujarat,Rajkot,Wheat,2370.0,,,
Gujarat,Rajkot,Wheat,2460.0,,,
Gujarat,Sabarkantha,Bajra(Pearl Millet/Cumbu),1975.0,,,
Gujarat,Sabarkantha,Wheat,2400.0,,,
Gujarat,Surat,Pegeon Pea (Arhar Fali),11500.0,,,
Gujarat,Surendranagar,Mustard,6005.0,,,
Gujarat,Surendranagar,Bengal Gram(Gram)(Whole),4625.0,,,
Gujarat,Surendranagar,Cotton,7150.0,,,
Gujarat,Surendranagar,Mustard,6750.0,,,
Gujarat,Surendranagar,Wheat,2425.0,,,
Karnataka,Raichur,Wheat,2520.0,,,
Kerala,Malappuram,Bengal Gram(Gram)(Whole),6250.0,,,
Kerala,Malappuram,Green Gram (Moong)(Whole),10550.0,,,
Kerala,Palakad,Arhar (Tur/Red Gram)(Whole),14300.0,,,
Kerala,Palakad,Bengal Gram(Gram)(Whole),7600.0,,,
Kerala,Palakad,Black Gram (Urd Beans)(Whole),11100.0,,,
Kerala,Palakad,Black Gram (Urd Beans)(Whole),12600.0,,,
Kerala,Palakad,Green Gram (Moong)(Whole),12600.0,,,
Kerala,Palakad,Green Gram (Moong)(Whole),13600.0,,,
Kerala,Wayanad,Paddy(Dhan)(Common),2260.0,,,
Madhya Pradesh,Ashoknagar,Bengal Gram(Gram)(Whole),4990.0,,,
Madhya Pradesh,Ashoknagar,Black Gram (Urd Beans)(Whole),5050.0,,,
Madhya Pradesh,Ashoknagar,Lentil (Masur)(Whole),5535.0,,,
Madhya Pradesh,Dewas,Wheat,2230.0,,,
Madhya Pradesh,Dhar,Maize,2092.0,,,
Madhya Pradesh,Dhar,Wheat,2480.0,,,
Madhya Pradesh,Jhabua,Wheat,2050.0,,,
Madhya Pradesh,Panna,Bengal Gram(Gram)(Whole),5030.0,,,
Madhya Pradesh,Panna,Lentil (Masur)(Whole),5250.0,,,
Madhya Pradesh,Panna,Wheat,2125.0,,,
Madhya Pradesh,Rewa,Lentil (Masur)(Whole),5250.0,,,
Madhya Pradesh,Rewa,Wheat,2200.0,,,
Madhya Pradesh,Shajapur,Bengal Gram(Gram)(Whole),4380.0,,,
Madhya Pradesh,Shajapur,Bengal Gram(Gram)(Whole),5640.0,,,
Madhya Pradesh,Shajapur,Lentil (Masur)(Whole),5570.0,,,
Madhya Pradesh,Shajapur,Mustard,4975.0,,,
Madhya Pradesh,Shajapur,Wheat,2285.0,,,
Madhya Pradesh,Shajapur,Wheat,2095.0,,,
Madhya Pradesh,Shajapur,Wheat,2780.0,,,
Maharashtra,Beed,Bengal Gram(Gram)(Whole),4352.0,,,
Maharashtra,Beed,Jowar(Sorghum),5300.0,,,
Maharashtra,Beed,Jowar(Sorghum),3900.0,,,
Maharashtra,Beed,Wheat,2825.0,,,
Maharashtra,Chandrapur,Paddy(Dhan)(Common),2600.0,,,
Maharashtra,Chandrapur,Paddy(Dhan)(Common),2780.0,,,
Maharashtra,Chandrapur,Paddy(Dhan)(Common),2200.0,,,
Maharashtra,Gadchiroli,Paddy(Dhan)(Common),2780.0,,,
Maharashtra,Gadchiroli,Paddy(Dhan)(Common),2291.0,,,
Maharashtra,Jalgaon,Bengal Gram(Gram)(Whole),7100.0,,,
Maharashtra,Jalgaon,Wheat,2350.0,,,
Maharashtra,Sholapur,Arhar (Tur/Red Gram)(Whole),9800.0,,,
Maharashtra,Sholapur,Bengal Gram(Gram)(Whole),4800.0,,,
Maharashtra,Sholapur,Black Gram (Urd Beans)(Whole),7500.0,,,
Maharashtra,Sholapur,Green Gram (Moong)(Whole),6000.0,,,
Maharashtra,Sholapur,Jowar(Sorghum),4400.0,,,
Maharashtra,Sholapur,Wheat,2600.0,,,
Maharashtra,Thane,Wheat,2825.0,,,
Nagaland,Longleng,Maize,8000.0,,,
Odisha,Bargarh,Paddy(Dhan)(Common),2040.0,,,
Odisha,Bhadrak,Paddy(Dhan)(Common),2040.0,,,
Odisha,Keonjhar,Paddy(Dhan)(Common),2040.0,,,
Odisha,Nowarangpur,Maize,1500.0,,,
Pondicherry,Karaikal,Paddy(Dhan)(Common),2320.0,,,
Rajasthan,Ajmer,Barley (Jau),1615.0,,,
Rajasthan,Ajmer,Maize,2485.0,,,
Rajasthan,Ajmer,Mustard,5105.0,,,
Rajasthan,Ajmer,Wheat,2250.0,,,
Rajasthan,Chittorgarh,Wheat,2300.0,,,
Rajasthan,Churu,Bajra(Pearl Millet/Cumbu),1750.0,,,
Rajasthan,Hanumangarh,Barley (Jau),1612.0,,,
Rajasthan,Hanumangarh,Mustard,5180.0,,,
Rajasthan,Hanumangarh,Wheat,2207.0,,,
Rajasthan,Jodhpur,Bajra(Pearl Millet/Cumbu),2175.0,,,
Rajasthan,Jodhpur,Green Gram (Moong)(Whole),6900.0,,,
Rajasthan,Jodhpur,Jowar(Sorghum),3450.0,,,
Rajasthan,Kota,Bengal Gram(Gram)(Whole),4700.0,,,
Rajasthan,Kota,Black Gram (Urd Beans)(Whole),7200.0,,,
Rajasthan,Kota,Jowar(Sorghum),2402.0,,,
Rajasthan,Kota,Maize,1875.0,,,
Rajasthan,Kota,Mustard,5250.0,,,
Rajasthan,Kota,Paddy(Dhan)(Common),3800.0,,,
Rajasthan,Kota,Wheat,2250.0,,,
Rajasthan,Sikar,Mustard,4895.0,,,
Rajasthan,Tonk,Bajra(Pearl Millet/Cumbu),1810.0,,,
Rajasthan,Tonk,Mustard,4938.0,,,
Rajasthan,Tonk,Wheat,2255.0,,,
Rajasthan,Tonk,Bajra(Pearl Millet/Cumbu),1930.0,,,
Rajasthan,Tonk,Barley (Jau),1550.0,,,
Rajasthan,Tonk,Bengal Gram(Gram)(Whole),5015.0,,,
Rajasthan,Tonk,Jowar(Sorghum),4100.0,,,
Rajasthan,Tonk,Mustard,5650.0,,,
Rajasthan,Tonk,Wheat,2240.0,,,
Tamil Nadu,Coimbatore,Paddy(Dhan)(Common),2050.0,,,
Tamil Nadu,Coimbatore,Maize,2270.0,,,
Tamil Nadu,Cuddalore,Paddy(Dhan)(Common),1808.0,,,
Tamil Nadu,Cuddalore,Cotton,6978.0,,,
Tamil Nadu,Madurai,Paddy(Dhan)(Common),1970.0,,,
Tamil Nadu,Madurai,Paddy(Dhan)(Common),2123.0,,,
Tamil Nadu,Madurai,Paddy(Dhan)(Common),2508.0,,,
Tamil Nadu,Madurai,Paddy(Dhan)(Common),2816.0,,,
Tamil Nadu,Madurai,Cotton,4550.0,,,
Tamil Nadu,Madurai,Cotton,4450.0,,,
Tamil Nadu,Madurai,Cotton,4350.0,,,
Tamil Nadu,Madurai,Paddy(Dhan)(Common),1750.0,,,
Tamil Nadu,Madurai,Paddy(Dhan)(Common),1800.0,,,
Tamil Nadu,Madurai,Paddy(Dhan)(Common),2100.0,,,
Tamil Nadu,Salem,Paddy(Dhan)(Common),2000.0,,,
Tamil Nadu,Salem,Cotton,6200.0,,,
Tamil Nadu,Thiruvannamalai,Maize,2055.0,,,
Tamil Nadu,Thiruvannamalai,Paddy(Dhan)(Common),1804.0,,,
Tamil Nadu,Thiruvannamalai,Paddy(Dhan)(Common),2359.0,,,
Tamil Nadu,Villupuram,Black Gram (Urd Beans)(Whole),8249.0,,,
Tamil Nadu,Villupuram,Maize,2163.0,,,
Tamil Nadu,Villupuram,Maize,2239.0,,,
Tamil Nadu,Villupuram,Paddy(Dhan)(Common),1918.0,,,
Tamil Nadu,Villupuram,Paddy(Dhan)(Common),1705.0,,,
Tamil Nadu,Villupuram,Maize,2269.0,,,
Tamil Nadu,Villupuram,Paddy(Dhan)(Common),2088.0,,,
Tamil Nadu,Villupuram,Paddy(Dhan)(Common),1824.0,,,
Tamil Nadu,Villupuram,Black Gram (Urd Beans)(Whole),7600.0,,,
Tamil Nadu,Villupuram,Maize,2119.0,,,
Tamil Nadu,Villupuram,Paddy(Dhan)(Common),1707.0,,,
Tamil Nadu,Villupuram,Paddy(Dhan)(Common),1912.0,,,
Tamil Nadu,Villupuram,Paddy(Dhan)(Common),2379.0,,,
Telangana,Adilabad,Jowar(Sorghum),3000.0,,,
Telangana,Adilabad,Maize,2050.0,,,
Telangana,Jagityal,Paddy(Dhan)(Common),2040.0,,,
Telangana,Karimnagar,Maize,2223.0,,,
Telangana,Karimnagar,Paddy(Dhan)(Common),2061.0,,,
Telangana,Karimnagar,Paddy(Dhan)(Common),2060.0,,,
Telangana,Karimnagar,Paddy(Dhan)(Common),2040.0,,,
Telangana,Karimnagar,Paddy(Dhan)(Common),2060.0,,,
Telangana,Karimnagar,Paddy(Dhan)(Common),2040.0,,,
Telangana,Karimnagar,Paddy(Dhan)(Common),2040.0,,,
Telangana,Karimnagar,Cotton,7100.0,,,
Telangana,Karimnagar,Cotton,6231.0,,,
Telangana,Karimnagar,Paddy(Dhan)(Common),2203.0,,,
Telangana,Karimnagar,Paddy(Dhan)(Common),2100.0,,,
Telangana,Karimnagar,Paddy(Dhan)(Common),2060.0,,,
Telangana,Karimnagar,Paddy(Dhan)(Common),2040.0,,,
Telangana,Karimnagar,Paddy(Dhan)(Common),2060.0,,,
Telangana,Karimnagar,Paddy(Dhan)(Common),2060.0,,,
Telangana,Karimnagar,Paddy(Dhan)(Common),2203.0,,,
Telangana,Karimnagar,Cotton,6867.0,,,
Telangana,Karimnagar,Paddy(Dhan)(Common),2060.0,,,
Telangana,Karimnagar,Cotton,6380.0,,,
Telangana,Karimnagar,Paddy(Dhan)(Common),2060.0,,,
Telangana,Karimnagar,Paddy(Dhan)(Common),2060.0,,,
Telangana,Khammam,Paddy(Dhan)(Common),2060.0,,,
Telangana,Khammam,Paddy(Dhan)(Common),2040.0,,,
Telangana,Khammam,Paddy(Dhan)(Common),2040.0,,,
Telangana,Khammam,Cotton,6700.0,,,
Telangana,Khammam,Cotton,6900.0,,,
Telangana,Khammam,Paddy(Dhan)(Common),2040.0,,,
Telangana,Khammam,Paddy(Dhan)(Common),2060.0,,,
Telangana,Khammam,Paddy(Dhan)(Common),2040.0,,,
Telangana,Mahbubnagar,Paddy(Dhan)(Common),2040.0,,,
Telangana,Mahbubnagar,Paddy(Dhan)(Common),2040.0,,,
Telangana,Mahbubnagar,Paddy(Dhan)(Common),2060.0,,,
Telangana,Mahbubnagar,Maize,1962.0,,,
Telangana,Mahbubnagar,Paddy(Dhan)(Common),2040.0,,,
Telangana,Mahbubnagar,Paddy(Dhan)(Common),2059.0,,,
Telangana,Mahbubnagar,Paddy(Dhan)(Common),2040.0,,,
Telangana,Medak,Paddy(Dhan)(Common),2060.0,,,
Telangana,Medak,Paddy(Dhan)(Common),2060.0,,,
Telangana,Medak,Maize,2066.0,,,
Telangana,Medak,Paddy(Dhan)(Basmati),2060.0,,,
Telangana,Nalgonda,Arhar (Tur/Red Gram)(Whole),6600.0,,,
Telangana,Nalgonda,Paddy(Dhan)(Basmati),2060.0,,,
Telangana,Nalgonda,Paddy(Dhan)(Common),2060.0,,,
Telangana,Nalgonda,Cotton,6080.0,,,
Telangana,Nalgonda,Cotton,6080.0,,,
Telangana,Nalgonda,Paddy(Dhan)(Common),2040.0,,,
Telangana,Nalgonda,Paddy(Dhan)(Common),2040.0,,,
Telangana,Nalgonda,Paddy(Dhan)(Common),2060.0,,,
Telangana,Nalgonda,Paddy(Dhan)(Common),2060.0,,,
Telangana,Nalgonda,Paddy(Dhan)(Common),2060.0,,,
Telangana,Nalgonda,Paddy(Dhan)(Common),2060.0,,,
Telangana,Nalgonda,Paddy(Dhan)(Common),2060.0,,,
Telangana,Nalgonda,Paddy(Dhan)(Common),2060.0,,,
Telangana,Nalgonda,Paddy(Dhan)(Common),2203.0,,,
Telangana,Nalgonda,Paddy(Dhan)(Common),2180.0,,,
Telangana,Nalgonda,Paddy(Dhan)(Common),2060.0,,,
Telangana,Nalgonda,Paddy(Dhan)(Common),2060.0,,,
Telangana,Nalgonda,Paddy(Dhan)(Common),2060.0,,,
Telangana,Nizamabad,Paddy(Dhan)(Common),2060.0,,,
Telangana,Nizamabad,Maize,1962.0,,,
Telangana,Nizamabad,Paddy(Dhan)(Common),2040.0,,,
Telangana,Nizamabad,Paddy(Dhan)(Common),2060.0,,,
Telangana,Nizamabad,Maize,1962.0,,,
Telangana,Nizamabad,Maize,1962.0,,,
Telangana,Nizamabad,Cotton,6850.0,,,
Telangana,Ranga Reddy,Paddy(Dhan)(Common),2000.0,,,
Telangana,Warangal,Paddy(Dhan)(Common),2060.0,,,
Telangana,Warangal,Paddy(Dhan)(Common),206.0,,,
Telangana,Warangal,Cotton,6200.0,,,
Telangana,Warangal,Cotton,6600.0,,,
Uttar Pradesh,Agra,Bajra(Pearl Millet/Cumbu),2000.0,,,
Uttar Pradesh,Agra,Barley (Jau),2200.0,,,
Uttar Pradesh,Agra,Mustard,5450.0,,,
Uttar Pradesh,Agra,Wheat,2260.0,,,
Uttar Pradesh,Agra,Arhar (Tur/Red Gram)(Whole),8850.0,,,
Uttar Pradesh,Agra,Arhar Dal(Tur Dal),12950.0,,,
Uttar Pradesh,Agra,Bajra(Pearl Millet/Cumbu),2080.0,,,
Uttar Pradesh,Agra,Barley (Jau),2230.0,,,
Uttar Pradesh,Agra,Bengal Gram Dal (Chana Dal),6520.0,,,
Uttar Pradesh,Agra,Bengal Gram(Gram)(Whole),5560.0,,,
Uttar Pradesh,Agra,Black Gram (Urd Beans)(Whole),8040.0,,,
Uttar Pradesh,Agra,Black Gram Dal (Urd Dal),9550.0,,,
Uttar Pradesh,Agra,Mustard,5500.0,,,
Uttar Pradesh,Agra,Wheat,2290.0,,,
Uttar Pradesh,Agra,Bajra(Pearl Millet/Cumbu),2350.0,,,
Uttar Pradesh,Agra,Mustard,5450.0,,,
Uttar Pradesh,Agra,Bajra(Pearl Millet/Cumbu),2000.0,,,
Uttar Pradesh,Aligarh,Arhar (Tur/Red Gram)(Whole),8600.0,,,
Uttar Pradesh,Aligarh,Bajra(Pearl Millet/Cumbu),2100.0,,,
Uttar Pradesh,Aligarh,Barley (Jau),2230.0,,,
Uttar Pradesh,Aligarh,Bengal Gram(Gram)(Whole),5560.0,,,
Uttar Pradesh,Aligarh,Green Gram (Moong)(Whole),7760.0,,,
Uttar Pradesh,Aligarh,Lentil (Masur)(Whole),7000.0,,,
Uttar Pradesh,Aligarh,Maize,1980.0,,,
Uttar Pradesh,Aligarh,Mustard,5450.0,,,
Uttar Pradesh,Aligarh,Mustard Oil,12850.0,,,
Uttar Pradesh,Aligarh,Paddy(Dhan)(Basmati),3020.0,,,
Uttar Pradesh,Aligarh,Wheat,2235.0,,,
Uttar Pradesh,Aligarh,Bajra(Pearl Millet/Cumbu),1600.0,,,
Uttar Pradesh,Aligarh,Maize,1700.0,,,
Uttar Pradesh,Aligarh,Wheat,2150.0,,,
Uttar Pradesh,Aligarh,Arhar Dal(Tur Dal),12500.0,,,
Uttar Pradesh,Aligarh,Bajra(Pearl Millet/Cumbu),2100.0,,,
Uttar Pradesh,Aligarh,Black Gram Dal (Urd Dal),9500.0,,,
Uttar Pradesh,Aligarh,Maize,1970.0,,,
Uttar Pradesh,Aligarh,Mustard,5450.0,,,
Uttar Pradesh,Aligarh,Mustard Oil,12800.0,,,
Uttar Pradesh,Aligarh,Wheat,2230.0,,,
Uttar Pradesh,Allahabad,Wheat,2250.0,,,
Uttar Pradesh,Allahabad,Bengal Gram(Gram)(Whole),5360.0,,,
Uttar Pradesh,Allahabad,Mustard,5460.0,,,
Uttar Pradesh,Allahabad,Wheat,2360.0,,,
Uttar Pradesh,Ambedkarnagar,Arhar Dal(Tur Dal),12850.0,,,
Uttar Pradesh,Ambedkarnagar,Bengal Gram Dal (Chana Dal),6050.0,,,
Uttar Pradesh,Ambedkarnagar,Bengal Gram(Gram)(Whole),5570.0,,,
Uttar Pradesh,Ambedkarnagar,Lentil (Masur)(Whole),6880.0,,,
Uttar Pradesh,Ambedkarnagar,Mustard,5480.0,,,
Uttar Pradesh,Ambedkarnagar,Mustard Oil,14500.0,,,
Uttar Pradesh,Ambedkarnagar,Wheat,2270.0,,,
Uttar Pradesh,Auraiya,Arhar Dal(Tur Dal),13000.0,,,
Uttar Pradesh,Auraiya,Bajra(Pearl Millet/Cumbu),2350.0,,,
Uttar Pradesh,Auraiya,Bengal Gram(Gram)(Whole),5450.0,,,
Uttar Pradesh,Auraiya,Maize,1750.0,,,
Uttar Pradesh,Auraiya,Mustard,5450.0,,,
Uttar Pradesh,Auraiya,Mustard Oil,12400.0,,,
Uttar Pradesh,Auraiya,Wheat,2250.0,,,
Uttar Pradesh,Badaun,Wheat,2290.0,,,
Uttar Pradesh,Badaun,Bengal Gram(Gram)(Whole),5840.0,,,
Uttar Pradesh,Badaun,Lentil (Masur)(Whole),6885.0,,,
Uttar Pradesh,Badaun,Maize,1760.0,,,
Uttar Pradesh,Badaun,Wheat,2320.0,,,
Uttar Pradesh,Bahraich,Arhar Dal(Tur Dal),13100.0,,,
Uttar Pradesh,Bahraich,Bengal Gram(Gram)(Whole),5615.0,,,
Uttar Pradesh,Bahraich,Black Gram (Urd Beans)(Whole),8720.0,,,
Uttar Pradesh,Bahraich,Green Gram (Moong)(Whole),8470.0,,,
Uttar Pradesh,Bahraich,Lentil (Masur)(Whole),7020.0,,,
Uttar Pradesh,Bahraich,Maize,2000.0,,,
Uttar Pradesh,Bahraich,Mustard,5475.0,,,
Uttar Pradesh,Bahraich,Mustard Oil,14250.0,,,
Uttar Pradesh,Bahraich,Wheat,2295.0,,,
Uttar Pradesh,Bahraich,Arhar Dal(Tur Dal),13100.0,,,
Uttar Pradesh,Bahraich,Bengal Gram Dal (Chana Dal),6100.0,,,
Uttar Pradesh,Bahraich,Bengal Gram(Gram)(Whole),5620.0,,,
Uttar Pradesh,Bahraich,Black Gram (Urd Beans)(Whole),8720.0,,,
Uttar Pradesh,Bahraich,Black Gram Dal (Urd Dal),9500.0,,,
Uttar Pradesh,Bahraich,Lentil (Masur)(Whole),7020.0,,,
Uttar Pradesh,Bahraich,Maize,2000.0,,,
Uttar Pradesh,Bahraich,Mustard Oil,14250.0,,,
Uttar Pradesh,Bahraich,Wheat,2290.0,,,
Uttar Pradesh,Bahraich,Maize,2010.0,,,
Uttar Pradesh,Bahraich,Paddy(Dhan)(Common),1840.0,,,
Uttar Pradesh,Balrampur,Arhar Dal(Tur Dal),13000.0,,,
Uttar Pradesh,Balrampur,Bengal Gram(Gram)(Whole),5600.0,,,
Uttar Pradesh,Balrampur,Black Gram (Urd Beans)(Whole),8700.0,,,
Uttar Pradesh,Balrampur,Lentil (Masur)(Whole),7000.0,,,
Uttar Pradesh,Balrampur,Maize,2010.0,,,
Uttar Pradesh,Balrampur,Mustard,5500.0,,,
Uttar Pradesh,Balrampur,Wheat,2280.0,,,
Uttar Pradesh,Banda,Bengal Gram(Gram)(Whole),5030.0,,,
Uttar Pradesh,Banda,Lentil (Masur)(Whole),5500.0,,,
Uttar Pradesh,Barabanki,Arhar Dal(Tur Dal),13150.0,,,
Uttar Pradesh,Barabanki,Bengal Gram Dal (Chana Dal),6000.0,,,
Uttar Pradesh,Barabanki,Black Gram (Urd Beans)(Whole),8150.0,,,
Uttar Pradesh,Barabanki,Lentil (Masur)(Whole),7000.0,,,
Uttar Pradesh,Bareilly,Arhar Dal(Tur Dal),9975.0,,,
Uttar Pradesh,Bareilly,Black Gram Dal (Urd Dal),9300.0,,,
Uttar Pradesh,Bareilly,Mustard,5450.0,,,
Uttar Pradesh,Bareilly,Wheat,2350.0,,,
Uttar Pradesh,Bareilly,Paddy(Dhan)(Common),2465.0,,,
Uttar Pradesh,Bulandshahar,Bajra(Pearl Millet/Cumbu),1850.0,,,
Uttar Pradesh,Bulandshahar,Barley (Jau),1740.0,,,
Uttar Pradesh,Bulandshahar,Maize,1700.0,,,
Uttar Pradesh,Bulandshahar,Wheat,2200.0,,,
Uttar Pradesh,Bulandshahar,Paddy(Dhan)(Basmati),3000.0,,,
Uttar Pradesh,Bulandshahar,Maize,1560.0,,,
Uttar Pradesh,Bulandshahar,Wheat,2280.0,,,
Uttar Pradesh,Chitrakut,Barley (Jau),1780.0,,,
Uttar Pradesh,Chitrakut,Bengal Gram(Gram)(Whole),5020.0,,,
Uttar Pradesh,Chitrakut,Wheat,2200.0,,,
Uttar Pradesh,Etah,Arhar (Tur/Red Gram)(Whole),8390.0,,,
Uttar Pradesh,Etah,Arhar Dal(Tur Dal),12650.0,,,
Uttar Pradesh,Etah,Bajra(Pearl Millet/Cumbu),2120.0,,,
Uttar Pradesh,Etah,Bengal Gram(Gram)(Whole),5540.0,,,
Uttar Pradesh,Etah,Maize,1970.0,,,
Uttar Pradesh,Etah,Mustard,5450.0,,,
Uttar Pradesh,Etah,Wheat,2150.0,,,
Uttar Pradesh,Etawah,Maize,1750.0,,,
Uttar Pradesh,Faizabad,Bengal Gram(Gram)(Whole),5660.0,,,
Uttar Pradesh,Faizabad,Lentil (Masur)(Whole),6850.0,,,
Uttar Pradesh,Faizabad,Maize,2050.0,,,
Uttar Pradesh,Faizabad,Mustard,5575.0,,,
Uttar Pradesh,Faizabad,Paddy(Dhan)(Common),1960.0,,,
Uttar Pradesh,Faizabad,Wheat,2275.0,,,
Uttar Pradesh,Farukhabad,Bengal Gram(Gram)(Whole),5465.0,,,
Uttar Pradesh,Farukhabad,Maize,1685.0,,,
Uttar Pradesh,Farukhabad,Mustard,5450.0,,,
Uttar Pradesh,Farukhabad,Wheat,2300.0,,,
Uttar Pradesh,Farukhabad,Maize,1810.0,,,
Uttar Pradesh,Farukhabad,Arhar Dal(Tur Dal),12900.0,,,
Uttar Pradesh,Farukhabad,Bengal Gram Dal (Chana Dal),6150.0,,,
Uttar Pradesh,Farukhabad,Bengal Gram(Gram)(Whole),5400.0,,,
Uttar Pradesh,Farukhabad,Black Gram Dal (Urd Dal),8650.0,,,
Uttar Pradesh,Farukhabad,Green Gram Dal (Moong Dal),8800.0,,,
Uttar Pradesh,Farukhabad,Maize,1750.0,,,
Uttar Pradesh,Farukhabad,Mustard,5450.0,,,
Uttar Pradesh,Farukhabad,Mustard Oil,12375.0,,,
Uttar Pradesh,Farukhabad,Wheat,2270.0,,,
Uttar Pradesh,Farukhabad,Maize,1700.0,,,
Uttar Pradesh,Farukhabad,Wheat,2280.0,,,
Uttar Pradesh,Fatehpur,Arhar Dal(Tur Dal),12955.0,,,
Uttar Pradesh,Fatehpur,Bengal Gram Dal (Chana Dal),6055.0,,,
Uttar Pradesh,Fatehpur,Bengal Gram(Gram)(Whole),5345.0,,,
Uttar Pradesh,Fatehpur,Black Gram Dal (Urd Dal),8625.0,,,
Uttar Pradesh,Fatehpur,Green Gram Dal (Moong Dal),8860.0,,,
Uttar Pradesh,Fatehpur,Lentil (Masur)(Whole),6370.0,,,
Uttar Pradesh,Fatehpur,Mustard,5455.0,,,
Uttar Pradesh,Fatehpur,Mustard Oil,12515.0,,,
Uttar Pradesh,Fatehpur,Wheat,2250.0,,,
Uttar Pradesh,Fatehpur,Lentil (Masur)(Whole),5400.0,,,
Uttar Pradesh,Fatehpur,Wheat,2200.0,,,
Uttar Pradesh,Firozabad,Arhar (Tur/Red Gram)(Whole),8900.0,,,
Uttar Pradesh,Firozabad,Bajra(Pearl Millet/Cumbu),1875.0,,,
Uttar Pradesh,Firozabad,Barley (Jau),2180.0,,,
Uttar Pradesh,Firozabad,Maize,2000.0,,,
Uttar Pradesh,Firozabad,Wheat,2270.0,,,
Uttar Pradesh,Firozabad,Maize,1700.0,,,
Uttar Pradesh,Firozabad,Bajra(Pearl Millet/Cumbu),1900.0,,,
Uttar Pradesh,Firozabad,Maize,2025.0,,,
Uttar Pradesh,Firozabad,Wheat,2285.0,,,
Uttar Pradesh,Firozabad,Bajra(Pearl Millet/Cumbu),1695.0,,,
Uttar Pradesh,Firozabad,Barley (Jau),2100.0,,,
Uttar Pradesh,Firozabad,Mustard,5100.0,,,
Uttar Pradesh,Firozabad,Wheat,2240.0,,,
Uttar Pradesh,Ghaziabad,Arhar (Tur/Red Gram)(Whole),9500.0,,,
Uttar Pradesh,Ghaziabad,Arhar Dal(Tur Dal),13500.0,,,
Uttar Pradesh,Ghaziabad,Barley (Jau),2250.0,,,
Uttar Pradesh,Ghaziabad,Bengal Gram(Gram)(Whole),6000.0,,,
Uttar Pradesh,Ghaziabad,Black Gram (Urd Beans)(Whole),8800.0,,,
Uttar Pradesh,Ghaziabad,Black Gram Dal (Urd Dal),9600.0,,,
Uttar Pradesh,Ghaziabad,Green Gram Dal (Moong Dal),9600.0,,,
Uttar Pradesh,Ghaziabad,Maize,2130.0,,,
Uttar Pradesh,Ghaziabad,Mustard,5450.0,,,
Uttar Pradesh,Ghaziabad,Mustard Oil,12100.0,,,
Uttar Pradesh,Ghaziabad,Wheat,2260.0,,,
Uttar Pradesh,Ghaziabad,Bengal Gram Dal (Chana Dal),6570.0,,,
Uttar Pradesh,Ghaziabad,Black Gram Dal (Urd Dal),9550.0,,,
Uttar Pradesh,Ghazipur,Arhar Dal(Tur Dal),13000.0,,,
Uttar Pradesh,Ghazipur,Barley (Jau),2170.0,,,
Uttar Pradesh,Ghazipur,Bengal Gram Dal (Chana Dal),6400.0,,,
Uttar Pradesh,Ghazipur,Bengal Gram(Gram)(Whole),5710.0,,,
Uttar Pradesh,Ghazipur,Black Gram Dal (Urd Dal),9500.0,,,
Uttar Pradesh,Ghazipur,Lentil (Masur)(Whole),6810.0,,,
Uttar Pradesh,Ghazipur,Mustard,5470.0,,,
Uttar Pradesh,Ghazipur,Mustard Oil,13150.0,,,
Uttar Pradesh,Ghazipur,Wheat,2280.0,,,
Uttar Pradesh,Hardoi,Bengal Gram(Gram)(Whole),5640.0,,,
Uttar Pradesh,Hardoi,Lentil (Masur)(Whole),6800.0,,,
Uttar Pradesh,Hardoi,Maize,2025.0,,,
Uttar Pradesh,Hardoi,Mustard,5470.0,,,
Uttar Pradesh,Hardoi,Paddy(Dhan)(Common),2040.0,,,
Uttar Pradesh,Hardoi,Wheat,2270.0,,,
Uttar Pradesh,Hardoi,Arhar Dal(Tur Dal),12600.0,,,
Uttar Pradesh,Hardoi,Bengal Gram(Gram)(Whole),5640.0,,,
Uttar Pradesh,Hardoi,Maize,2020.0,,,
Uttar Pradesh,Hardoi,Paddy(Dhan)(Common),2020.0,,,
Uttar Pradesh,Hardoi,Wheat,2280.0,,,
Uttar Pradesh,Hathras,Bajra(Pearl Millet/Cumbu),1575.0,,,
Uttar Pradesh,Hathras,Maize,1490.0,,,
Uttar Pradesh,Hathras,Wheat,2150.0,,,
Uttar Pradesh,Jaunpur,Arhar Dal(Tur Dal),13125.0,,,
Uttar Pradesh,Jaunpur,Bengal Gram Dal (Chana Dal),6360.0,,,
Uttar Pradesh,Jaunpur,Bengal Gram(Gram)(Whole),5700.0,,,
Uttar Pradesh,Jaunpur,Black Gram (Urd Beans)(Whole),8550.0,,,
Uttar Pradesh,Jaunpur,Black Gram Dal (Urd Dal),9500.0,,,
Uttar Pradesh,Jaunpur,Green Gram (Moong)(Whole),8550.0,,,
Uttar Pradesh,Jaunpur,Green Gram Dal (Moong Dal),9600.0,,,
Uttar Pradesh,Jaunpur,Lentil (Masur)(Whole),6750.0,,,
Uttar Pradesh,Jaunpur,Maize,2185.0,,,
Uttar Pradesh,Jaunpur,Mustard,5500.0,,,
Uttar Pradesh,Jaunpur,Wheat,2310.0,,,
Uttar Pradesh,Jaunpur,Bengal Gram Dal (Chana Dal),6400.0,,,
Uttar Pradesh,Jaunpur,Bengal Gram(Gram)(Whole),5740.0,,,
Uttar Pradesh,Jaunpur,Lentil (Masur)(Whole),6800.0,,,
Uttar Pradesh,Jaunpur,Mustard,5555.0,,,
Uttar Pradesh,Jaunpur,Wheat,2300.0,,,
Uttar Pradesh,Jhansi,Bengal Gram(Gram)(Whole),5350.0,,,
Uttar Pradesh,Jhansi,Lentil (Masur)(Whole),5540.0,,,
Uttar Pradesh,Jhansi,Wheat,2210.0,,,
Uttar Pradesh,Kanpur,Arhar (Tur/Red Gram)(Whole),8730.0,,,
Uttar Pradesh,Kanpur,Barley (Jau),2140.0,,,
Uttar Pradesh,Kanpur,Bengal Gram(Gram)(Whole),5360.0,,,
Uttar Pradesh,Kanpur,Green Gram (Moong)(Whole),7515.0,,,
Uttar Pradesh,Kanpur,Maize,1750.0,,,
Uttar Pradesh,Kanpur,Mustard,5455.0,,,
Uttar Pradesh,Kanpur,Wheat,2240.0,,,
Uttar Pradesh,Lakhimpur,Wheat,2250.0,,,
Uttar Pradesh,Lalitpur,Barley (Jau),2000.0,,,
Uttar Pradesh,Lalitpur,Bengal Gram(Gram)(Whole),5400.0,,,
Uttar Pradesh,Lalitpur,Lentil (Masur)(Whole),6100.0,,,
Uttar Pradesh,Lalitpur,Wheat,2200.0,,,
Uttar Pradesh,Maharajganj,Paddy(Dhan)(Common),2450.0,,,
Uttar Pradesh,Maharajganj,Wheat,2200.0,,,
Uttar Pradesh,Mahoba,Arhar (Tur/Red Gram)(Whole),8650.0,,,
Uttar Pradesh,Mahoba,Barley (Jau),1810.0,,,
Uttar Pradesh,Mahoba,Bengal Gram(Gram)(Whole),5100.0,,,
Uttar Pradesh,Mahoba,Black Gram (Urd Beans)(Whole),7450.0,,,
Uttar Pradesh,Mahoba,Lentil (Masur)(Whole),5520.0,,,
Uttar Pradesh,Mahoba,Wheat,2250.0,,,
Uttar Pradesh,Mainpuri,Maize,1760.0,,,
Uttar Pradesh,Mainpuri,Wheat,2210.0,,,
Uttar Pradesh,Mainpuri,Arhar (Tur/Red Gram)(Whole),8460.0,,,
Uttar Pradesh,Mainpuri,Arhar Dal(Tur Dal),12650.0,,,
Uttar Pradesh,Mainpuri,Bengal Gram(Gram)(Whole),5565.0,,,
Uttar Pradesh,Mainpuri,Maize,2000.0,,,
Uttar Pradesh,Mainpuri,Wheat,2205.0,,,
Uttar Pradesh,Mainpuri,Arhar (Tur/Red Gram)(Whole),8700.0,,,
Uttar Pradesh,Mainpuri,Arhar Dal(Tur Dal),12760.0,,,
Uttar Pradesh,Mainpuri,Bengal Gram(Gram)(Whole),5565.0,,,
Uttar Pradesh,Mainpuri,Black Gram Dal (Urd Dal),9545.0,,,
Uttar Pradesh,Mainpuri,Maize,1990.0,,,
Uttar Pradesh,Mainpuri,Mustard,5455.0,,,
Uttar Pradesh,Mainpuri,Wheat,2211.0,,,
Uttar Pradesh,Mathura,Arhar (Tur/Red Gram)(Whole),8700.0,,,
Uttar Pradesh,Mathura,Arhar Dal(Tur Dal),12700.0,,,
Uttar Pradesh,Mathura,Bajra(Pearl Millet/Cumbu),1960.0,,,
Uttar Pradesh,Mathura,Barley (Jau),2140.0,,,
Uttar Pradesh,Mathura,Bengal Gram(Gram)(Whole),5540.0,,,
Uttar Pradesh,Mathura,Black Gram (Urd Beans)(Whole),7860.0,,,
Uttar Pradesh,Mathura,Black Gram Dal (Urd Dal),9600.0,,,
Uttar Pradesh,Mathura,Green Gram (Moong)(Whole),7920.0,,,
Uttar Pradesh,Mathura,Mustard,5450.0,,,
Uttar Pradesh,Mathura,Wheat,2270.0,,,
Uttar Pradesh,Mirzapur,Arhar (Tur/Red Gram)(Whole),7500.0,,,
Uttar Pradesh,Mirzapur,Arhar Dal(Tur Dal),13135.0,,,
Uttar Pradesh,Mirzapur,Bengal Gram Dal (Chana Dal),6345.0,,,
Uttar Pradesh,Mirzapur,Bengal Gram(Gram)(Whole),5715.0,,,
Uttar Pradesh,Mirzapur,Black Gram Dal (Urd Dal),9460.0,,,
Uttar Pradesh,Mirzapur,Mustard,5525.0,,,
Uttar Pradesh,Mirzapur,Wheat,2310.0,,,
Uttar Pradesh,Muradabad,Maize,1800.0,,,
Uttar Pradesh,Muzaffarnagar,Arhar Dal(Tur Dal),12700.0,,,
Uttar Pradesh,Muzaffarnagar,Barley (Jau),2250.0,,,
Uttar Pradesh,Muzaffarnagar,Bengal Gram Dal (Chana Dal),6580.0,,,
Uttar Pradesh,Muzaffarnagar,Bengal Gram(Gram)(Whole),5785.0,,,
Uttar Pradesh,Muzaffarnagar,Black Gram Dal (Urd Dal),9560.0,,,
Uttar Pradesh,Muzaffarnagar,Green Gram Dal (Moong Dal),9560.0,,,
Uttar Pradesh,Muzaffarnagar,Mustard,5475.0,,,
Uttar Pradesh,Muzaffarnagar,Mustard Oil,12150.0,,,
Uttar Pradesh,Muzaffarnagar,Wheat,2270.0,,,
Uttar Pradesh,Muzaffarnagar,Arhar Dal(Tur Dal),12700.0,,,
Uttar Pradesh,Muzaffarnagar,Barley (Jau),2250.0,,,
Uttar Pradesh,Muzaffarnagar,Bengal Gram Dal (Chana Dal),6580.0,,,
Uttar Pradesh,Muzaffarnagar,Bengal Gram(Gram)(Whole),5780.0,,,
Uttar Pradesh,Muzaffarnagar,Black Gram Dal (Urd Dal),9555.0,,,
Uttar Pradesh,Muzaffarnagar,Green Gram Dal (Moong Dal),9550.0,,,
Uttar Pradesh,Muzaffarnagar,Maize,2125.0,,,
Uttar Pradesh,Muzaffarnagar,Mustard,5475.0,,,
Uttar Pradesh,Muzaffarnagar,Mustard Oil,12150.0,,,
Uttar Pradesh,Muzaffarnagar,Wheat,2270.0,,,
Uttar Pradesh,Pillibhit,Bengal Gram(Gram)(Whole),5855.0,,,
Uttar Pradesh,Pillibhit,Mustard Oil,14795.0,,,
Uttar Pradesh,Pillibhit,Wheat,2395.0,,,
Uttar Pradesh,Pillibhit,Bengal Gram(Gram)(Whole),5850.0,,,
Uttar Pradesh,Pillibhit,Mustard Oil,14790.0,,,
Uttar Pradesh,Pillibhit,Wheat,2390.0,,,
Uttar Pradesh,Pillibhit,Black Gram Dal (Urd Dal),9300.0,,,
Uttar Pradesh,Pillibhit,Wheat,2340.0,,,
Uttar Pradesh,Raebarelli,Paddy(Dhan)(Common),2050.0,,,
Uttar Pradesh,Raebarelli,Wheat,2260.0,,,
Uttar Pradesh,Raebarelli,Arhar Dal(Tur Dal),12350.0,,,
Uttar Pradesh,Raebarelli,Bengal Gram Dal (Chana Dal),5875.0,,,
Uttar Pradesh,Raebarelli,Paddy(Dhan)(Common),2250.0,,,
Uttar Pradesh,Raebarelli,Wheat,2250.0,,,
Uttar Pradesh,Raebarelli,Paddy(Dhan)(Common),1985.0,,,
Uttar Pradesh,Raebarelli,Wheat,2260.0,,,
Uttar Pradesh,Rampur,Bengal Gram(Gram)(Whole),5850.0,,,
Uttar Pradesh,Rampur,Lentil (Masur)(Whole),6850.0,,,
Uttar Pradesh,Rampur,Wheat,2350.0,,,
Uttar Pradesh,Saharanpur,Arhar (Tur/Red Gram)(Whole),8350.0,,,
Uttar Pradesh,Saharanpur,Arhar Dal(Tur Dal),12650.0,,,
Uttar Pradesh,Saharanpur,Barley (Jau),2240.0,,,
Uttar Pradesh,Saharanpur,Bengal Gram Dal (Chana Dal),6575.0,,,
Uttar Pradesh,Saharanpur,Bengal Gram(Gram)(Whole),5780.0,,,
Uttar Pradesh,Saharanpur,Black Gram (Urd Beans)(Whole),8730.0,,,
Uttar Pradesh,Saharanpur,Black Gram Dal (Urd Dal),9550.0,,,
Uttar Pradesh,Saharanpur,Green Gram (Moong)(Whole),8600.0,,,
Uttar Pradesh,Saharanpur,Green Gram Dal (Moong Dal),9550.0,,,
Uttar Pradesh,Saharanpur,Lentil (Masur)(Whole),6530.0,,,
Uttar Pradesh,Saharanpur,Maize,2130.0,,,
Uttar Pradesh,Saharanpur,Mustard,5470.0,,,
Uttar Pradesh,Saharanpur,Mustard Oil,12200.0,,,
Uttar Pradesh,Saharanpur,Wheat,2270.0,,,
Uttar Pradesh,Shahjahanpur,Wheat,2300.0,,,
Uttar Pradesh,Shahjahanpur,Wheat,2340.0,,,
Uttar Pradesh,Siddharth Nagar,Bengal Gram(Gram)(Whole),5730.0,,,
Uttar Pradesh,Sitapur,Wheat,2210.0,,,
Uttar Pradesh,Sitapur,Wheat,2120.0,,,
Uttar Pradesh,Sitapur,Arhar Dal(Tur Dal),12300.0,,,
Uttar Pradesh,Sitapur,Bengal Gram(Gram)(Whole),5650.0,,,
Uttar Pradesh,Sitapur,Black Gram Dal (Urd Dal),9020.0,,,
Uttar Pradesh,Sitapur,Lentil (Masur)(Whole),6800.0,,,
Uttar Pradesh,Sitapur,Mustard,5450.0,,,
Uttar Pradesh,Sitapur,Paddy(Dhan)(Common),2010.0,,,
Uttar Pradesh,Sitapur,Wheat,2270.0,,,
Uttar Pradesh,Sitapur,Arhar Dal(Tur Dal),12350.0,,,
Uttar Pradesh,Sitapur,Black Gram Dal (Urd Dal),9070.0,,,
Uttar Pradesh,Sitapur,Mustard Oil,14550.0,,,
Uttar Pradesh,Sitapur,Paddy(Dhan)(Common),1985.0,,,
Uttar Pradesh,Sitapur,Wheat,2240.0,,,
Uttar Pradesh,Sultanpur,Bengal Gram(Gram)(Whole),5580.0,,,
Uttar Pradesh,Sultanpur,Lentil (Masur)(Whole),7010.0,,,
Uttar Pradesh,Sultanpur,Mustard,5490.0,,,
Uttar Pradesh,Sultanpur,Paddy(Dhan)(Common),1885.0,,,
Uttar Pradesh,Sultanpur,Wheat,2275.0,,,
Uttar Pradesh,Sultanpur,Bengal Gram(Gram)(Whole),5570.0,,,
Uttar Pradesh,Sultanpur,Black Gram (Urd Beans)(Whole),8560.0,,,
Uttar Pradesh,Sultanpur,Green Gram (Moong)(Whole),8550.0,,,
Uttar Pradesh,Sultanpur,Lentil (Masur)(Whole),6985.0,,,
Uttar Pradesh,Sultanpur,Mustard,5470.0,,,
Uttar Pradesh,Sultanpur,Paddy(Dhan)(Common),1915.0,,,
Uttar Pradesh,Sultanpur,Wheat,2250.0,,,
Uttar Pradesh,Unnao,Wheat,2285.0,,,
Uttrakhand,Haridwar,Wheat,2130.0,,,
Uttrakhand,Nanital,Bengal Gram(Gram)(Whole),11000.0,,,
Uttrakhand,Nanital,Green Gram (Moong)(Whole),9400.0,,,
Uttrakhand,Nanital,Wheat,2300.0,,,
Uttrakhand,UdhamSinghNagar,Paddy(Dhan)(Common),2025.0,,,
Uttrakhand,UdhamSinghNagar,Paddy(Dhan)(Common),2100.0,,,
West Bengal,Burdwan,Arhar (Tur/Red Gram)(Whole),7700.0,,,
West Bengal,Burdwan,Black Gram Dal (Urd Dal),8800.0,,,
West Bengal,Burdwan,Green Gram Dal (Moong Dal),10800.0,,,
West Bengal,Burdwan,Lentil (Masur)(Whole),10200.0,,,
West Bengal,Burdwan,Mustard,5900.0,,,
West Bengal,Burdwan,Wheat,2900.0,,,
West Bengal,Burdwan,Lentil (Masur)(Whole),10000.0,,,
West Bengal,Burdwan,Mustard,5900.0,,,
West Bengal,Burdwan,Mustard Oil,12500.0,,,
West Bengal,Burdwan,Wheat,2900.0,,,
West Bengal,Burdwan,Wheat,2750.0,,,
West Bengal,Hooghly,Paddy(Dhan)(Common),2183.0,,,
West Bengal,Hooghly,Paddy(Dhan)(Common),2200.0,,,
West Bengal,Malda,Green Gram Dal (Moong Dal),10000.0,,,
West Bengal,Malda,Lentil (Masur)(Whole),9600.0,,,
West Bengal,Murshidabad,Mustard,5580.0,,,
West Bengal,Murshidabad,Paddy(Dhan)(Common),2190.0,,,
West Bengal,Murshidabad,Mustard,5620.0,,,
West Bengal,Murshidabad,Paddy(Dhan)(Common),2170.0,,,
West Bengal,Murshidabad,Wheat,2260.0,,,
West Bengal,Nadia,Mustard,6100.0,,,
West Bengal,Nadia,Wheat,2500.0,,,
West Bengal,Nadia,Mustard,5700.0,,,
West Bengal,Uttar Dinajpur,Wheat,2350.0,,,
Andhra Pradesh,East Godavari,Paddy(Dhan)(Common),2045.0,,,
Andhra Pradesh,East Godavari,Paddy(Dhan)(Common),2050.0,,,
Andhra Pradesh,East Godavari,Paddy(Dhan)(Common),2040.0,,,
Andhra Pradesh,East Godavari,Paddy(Dhan)(Common),2060.0,,,
Andhra Pradesh,East Godavari,Paddy(Dhan)(Common),2040.0,,,
Andhra Pradesh,Guntur,Black Gram (Urd Beans)(Whole),8200.0,,,
Andhra Pradesh,Kurnool,Cotton,7050.0,,,
Andhra Pradesh,Kurnool,Jowar(Sorghum),3080.0,,,
Andhra Pradesh,Kurnool,Bengal Gram(Gram)(Whole),4800.0,,,
Andhra Pradesh,Kurnool,Jowar(Sorghum),3600.0,,,
Andhra Pradesh,Kurnool,Paddy(Dhan)(Common),2100.0,,,
Andhra Pradesh,Kurnool,Arhar (Tur/Red Gram)(Whole),8600.0,,,
Andhra Pradesh,Kurnool,Bengal Gram(Gram)(Whole),5009.0,,,
Andhra Pradesh,Kurnool,Black Gram (Urd Beans)(Whole),7861.0,,,
Andhra Pradesh,Kurnool,Maize,2009.0,,,
Andhra Pradesh,Kurnool,Bengal Gram(Gram)(Whole),5335.0,,,
Andhra Pradesh,Kurnool,Maize,1962.0,,,
Andhra Pradesh,Kurnool,Paddy(Dhan)(Common),2040.0,,,
Bihar,Sheikhpura,Wheat,2500.0,,,
Bihar,Sheikhpura,Wheat,2500.0,,,
Chattisgarh,Balodabazar,Paddy(Dhan)(Common),1700.0,,,
Chattisgarh,Balodabazar,Paddy(Dhan)(Common),1700.0,,,
Chattisgarh,Balrampur,Wheat,2200.0,,,
Chattisgarh,Balrampur,Maize,1970.0,,,
Chattisgarh,Dhamtari,Paddy(Dhan)(Common),1750.0,,,
Chattisgarh,Dhamtari,Paddy(Dhan)(Common),1750.0,,,
Chattisgarh,Dhamtari,Paddy(Dhan)(Common),1755.0,,,
Chattisgarh,Dhamtari,Paddy(Dhan)(Common),1825.0,,,
Chattisgarh,Gariyaband,Paddy(Dhan)(Common),1600.0,,,
Chattisgarh,Janjgir,Paddy(Dhan)(Common),1700.0,,,
Chattisgarh,Janjgir,Paddy(Dhan)(Common),1500.0,,,
Chattisgarh,Janjgir,Paddy(Dhan)(Common),1700.0,,,
Chattisgarh,Janjgir,Paddy(Dhan)(Common),1550.0,,,
Chattisgarh,Kabirdham,Bengal Gram(Gram)(Whole),5100.0,,,
Chattisgarh,Kanker,Maize,1550.0,,,
Chattisgarh,Kanker,Paddy(Dhan)(Common),1500.0,,,
Chattisgarh,Kanker,Maize,1550.0,,,
Chattisgarh,Kanker,Paddy(Dhan)(Common),1500.0,,,
Chattisgarh,Kanker,Paddy(Dhan)(Common),1500.0,,,
Chattisgarh,Kanker,Maize,1550.0,,,
Chattisgarh,Mahasamund,Paddy(Dhan)(Common),2100.0,,,
Chattisgarh,Raipur,Paddy(Dhan)(Common),1900.0,,,
Chattisgarh,Raipur,Paddy(Dhan)(Common),1799.0,,,
Chattisgarh,Rajnandgaon,Maize,1750.0,,,
Gujarat,Amreli,Cotton,7275.0,,,
Gujarat,Amreli,Arhar (Tur/Red Gram)(Whole),8275.0,,,
Gujarat,Amreli,Bengal Gram(Gram)(Whole),4500.0,,,
Gujarat,Amreli,Wheat,2365.0,,,
Gujarat,Amreli,Arhar (Tur/Red Gram)(Whole),7415.0,,,
Gujarat,Amreli,Bengal Gram(Gram)(Whole),4315.0,,,
Gujarat,Amreli,Cotton,6250.0,,,
Gujarat,Amreli,Green Gram (Moong)(Whole),6065.0,,,
Gujarat,Amreli,Bajra(Pearl Millet/Cumbu),2080.0,,,
Gujarat,Amreli,Bengal Gram(Gram)(Whole),4708.0,,,
Gujarat,Amreli,Cotton,6078.0,,,
Gujarat,Amreli,Jowar(Sorghum),3750.0,,,
Gujarat,Amreli,Wheat,2463.0,,,
Gujarat,Amreli,Wheat,2455.0,,,
Gujarat,Anand,Bajra(Pearl Millet/Cumbu),2150.0,,,
Gujarat,Anand,Wheat,2175.0,,,
Gujarat,Anand,Bajra(Pearl Millet/Cumbu),2250.0,,,
Gujarat,Bharuch,Arhar (Tur/Red Gram)(Whole),7400.0,,,
Gujarat,Bharuch,Bajra(Pearl Millet/Cumbu),2600.0,,,
Gujarat,Bharuch,Cotton,5600.0,,,
Gujarat,Bharuch,Jowar(Sorghum),2800.0,,,
Gujarat,Bharuch,Maize,2000.0,,,
Gujarat,Bharuch,Wheat,3300.0,,,
Gujarat,Bharuch,Arhar (Tur/Red Gram)(Whole),7500.0,,,
Gujarat,Bharuch,Bajra(Pearl Millet/Cumbu),2400.0,,,
Gujarat,Bharuch,Cotton,5800.0,,,
Gujarat,Bharuch,Jowar(Sorghum),2600.0,,,
Gujarat,Bharuch,Maize,2200.0,,,
Gujarat,Bhavnagar,Bengal Gram(Gram)(Whole),4825.0,,,
Gujarat,Bhavnagar,Cotton,6675.0,,,
Gujarat,Bhavnagar,Jowar(Sorghum),3900.0,,,
Gujarat,Bhavnagar,Wheat,2460.0,,,
Gujarat,Bhavnagar,Bajra(Pearl Millet/Cumbu),2245.0,,,
Gujarat,Bhavnagar,Green Gram (Moong)(Whole),8045.0,,,
Gujarat,Bhavnagar,Jowar(Sorghum),4200.0,,,
Gujarat,Bhavnagar,Wheat,2295.0,,,
Gujarat,Bhavnagar,Arhar (Tur/Red Gram)(Whole),5505.0,,,
Gujarat,Bhavnagar,Bajra(Pearl Millet/Cumbu),2115.0,,,
Gujarat,Bhavnagar,Bengal Gram(Gram)(Whole),4680.0,,,
Gujarat,Bhavnagar,Cotton,6625.0,,,
Gujarat,Botad,Bengal Gram(Gram)(Whole),4510.0,,,
Gujarat,Botad,Jowar(Sorghum),4010.0,,,
Gujarat,Botad,Wheat,2520.0,,,
Gujarat,Botad,Cotton,7075.0,,,
Gujarat,Dahod,Arhar (Tur/Red Gram)(Whole),7800.0,,,
Gujarat,Dahod,Arhar (Tur/Red Gram)(Whole),8200.0,,,
Gujarat,Dahod,Bajra(Pearl Millet/Cumbu),2000.0,,,
Gujarat,Dahod,Bengal Gram(Gram)(Whole),5100.0,,,
Gujarat,Dahod,Bengal Gram(Gram)(Whole),5270.0,,,
Gujarat,Dahod,Black Gram (Urd Beans)(Whole),7000.0,,,
Gujarat,Dahod,Green Gram (Moong)(Whole),7500.0,,,
Gujarat,Dahod,Maize,2300.0,,,
Gujarat,Dahod,Maize,2100.0,,,
Gujarat,Dahod,Paddy(Dhan)(Common),1830.0,,,
Gujarat,Dahod,Paddy(Dhan)(Common),2050.0,,,
Gujarat,Dahod,Wheat,2700.0,,,
Gujarat,Dahod,Wheat,2550.0,,,
Gujarat,Dahod,Paddy(Dhan)(Common),1370.0,,,
Gujarat,Dahod,Maize,1940.0,,,
Gujarat,Dahod,Paddy(Dhan)(Common),1670.0,,,
Gujarat,Dahod,Wheat,2170.0,,,
Gujarat,Gandhinagar,Bajra(Pearl Millet/Cumbu),2300.0,,,
Gujarat,Gandhinagar,Paddy(Dhan)(Common),1925.0,,,
Gujarat,Gandhinagar,Wheat,2307.0,,,
Gujarat,Gandhinagar,Bajra(Pearl Millet/Cumbu),1950.0,,,
Gujarat,Gandhinagar,Jowar(Sorghum),5250.0,,,
Gujarat,Gandhinagar,Mustard,5260.0,,,
Gujarat,Gandhinagar,Paddy(Dhan)(Common),2225.0,,,
Gujarat,Gandhinagar,Wheat,2450.0,,,
Gujarat,Gandhinagar,Bajra(Pearl Millet/Cumbu),2125.0,,,
Gujarat,Gandhinagar,Jowar(Sorghum),4350.0,,,
Gujarat,Gandhinagar,Wheat,2345.0,,,
Gujarat,Jamnagar,Bajra(Pearl Millet/Cumbu),2015.0,,,
Gujarat,Jamnagar,Bengal Gram(Gram)(Whole),4510.0,,,
Gujarat,Jamnagar,Cotton,6240.0,,,
Gujarat,Jamnagar,Mustard,4370.0,,,
Gujarat,Jamnagar,Wheat,2335.0,,,
Gujarat,Jamnagar,Bengal Gram(Gram)(Whole),4500.0,,,
Gujarat,Jamnagar,Green Gram (Moong)(Whole),8250.0,,,
Gujarat,Jamnagar,Wheat,2150.0,,,
Gujarat,Jamnagar,Arhar (Tur/Red Gram)(Whole),7950.0,,,
Gujarat,Jamnagar,Bajra(Pearl Millet/Cumbu),2355.0,,,
Gujarat,Jamnagar,Bengal Gram(Gram)(Whole),5335.0,,,
Gujarat,Jamnagar,Cotton,6450.0,,,
Gujarat,Jamnagar,Jowar(Sorghum),3650.0,,,
Gujarat,Jamnagar,Mustard,5450.0,,,
Gujarat,Jamnagar,Wheat,2525.0,,,
Gujarat,Junagarh,Bajra(Pearl Millet/Cumbu),2200.0,,,
Gujarat,Junagarh,Black Gram (Urd Beans)(Whole),8450.0,,,
Gujarat,Junagarh,Wheat,2525.0,,,
Gujarat,Junagarh,Bengal Gram(Gram)(Whole),4630.0,,,
Gujarat,Junagarh,Black Gram (Urd Beans)(Whole),8200.0,,,
Gujarat,Junagarh,Green Gram (Moong)(Whole),7975.0,,,
Gujarat,Junagarh,Wheat,2290.0,,,
Gujarat,Junagarh,Arhar (Tur/Red Gram)(Whole),8465.0,,,
Gujarat,Junagarh,Jowar(Sorghum),4415.0,,,
Gujarat,Junagarh,Kulthi(Horse Gram),4715.0,,,
Gujarat,Junagarh,Wheat,2485.0,,,
Gujarat,Kheda,Wheat,2150.0,,,
Gujarat,Mehsana,Bajra(Pearl Millet/Cumbu),2250.0,,,
Gujarat,Mehsana,Mustard,5225.0,,,
Gujarat,Mehsana,Paddy(Dhan)(Common),2100.0,,,
Gujarat,Mehsana,Wheat,2400.0,,,
Gujarat,Mehsana,Bajra(Pearl Millet/Cumbu),2075.0,,,
Gujarat,Mehsana,Mustard,5375.0,,,
Gujarat,Mehsana,Wheat,2300.0,,,
Gujarat,Mehsana,Bajra(Pearl Millet/Cumbu),2000.0,,,
Gujarat,Mehsana,Mustard,5205.0,,,
Gujarat,Mehsana,Wheat,2175.0,,,
Gujarat,Mehsana,Mustard,5450.0,,,
Gujarat,Mehsana,Jowar(Sorghum),4400.0,,,
Gujarat,Mehsana,Wheat,2375.0,,,
Gujarat,Mehsana,Bajra(Pearl Millet/Cumbu),1935.0,,,
Gujarat,Mehsana,Mustard,5382.0,,,
Gujarat,Mehsana,Wheat,2312.0,,,
Gujarat,Navsari,Pegeon Pea (Arhar Fali),10500.0,,,
Gujarat,Panchmahals,Bajra(Pearl Millet/Cumbu),1950.0,,,
Gujarat,Panchmahals,Maize,2175.0,,,
Gujarat,Panchmahals,Paddy(Dhan)(Common),1700.0,,,
Gujarat,Patan,Wheat,2000.0,,,
Gujarat,Patan,Bajra(Pearl Millet/Cumbu),2032.0,,,
Gujarat,Patan,Jowar(Sorghum),5382.0,,,
Gujarat,Patan,Mustard,5300.0,,,
Gujarat,Patan,Wheat,2310.0,,,
Gujarat,Porbandar,Kulthi(Horse Gram),3775.0,,,
Gujarat,Porbandar,Wheat,2330.0,,,
Gujarat,Rajkot,Bajra(Pearl Millet/Cumbu),2055.0,,,
Gujarat,Rajkot,Jowar(Sorghum),4380.0,,,
Gujarat,Rajkot,Wheat,2435.0,,,
Gujarat,Rajkot,Cotton,7140.0,,,
Gujarat,Rajkot,Bengal Gram(Gram)(Whole),4325.0,,,
Gujarat,Rajkot,Green Gram (Moong)(Whole),7660.0,,,
Gujarat,Rajkot,Jowar(Sorghum),4440.0,,,
Gujarat,Rajkot,Wheat,2430.0,,,
Gujarat,Rajkot,Arhar (Tur/Red Gram)(Whole),8400.0,,,
Gujarat,Rajkot,Bajra(Pearl Millet/Cumbu),2105.0,,,
Gujarat,Rajkot,Bengal Gram(Gram)(Whole),4875.0,,,
Gujarat,Rajkot,Black Gram (Urd Beans)(Whole),7375.0,,,
Gujarat,Rajkot,Cotton,7250.0,,,
Gujarat,Rajkot,Green Gram (Moong)(Whole),7750.0,,,
Gujarat,Rajkot,Jowar(Sorghum),4550.0,,,
Gujarat,Rajkot,Jowar(Sorghum),2800.0,,,
Gujarat,Rajkot,Mustard,5200.0,,,
Gujarat,Rajkot,Wheat,2360.0,,,
Gujarat,Rajkot,Wheat,2450.0,,,
Gujarat,Sabarkantha,Maize,2175.0,,,
Gujarat,Sabarkantha,Wheat,2420.0,,,
Gujarat,Sabarkantha,Bajra(Pearl Millet/Cumbu),2010.0,,,
Gujarat,Sabarkantha,Bengal Gram(Gram)(Whole),4725.0,,,
Gujarat,Sabarkantha,Maize,1953.0,,,
Gujarat,Sabarkantha,Wheat,2533.0,,,
Gujarat,Sabarkantha,Bajra(Pearl Millet/Cumbu),2230.0,,,
Gujarat,Sabarkantha,Wheat,2323.0,,,
Gujarat,Surat,Paddy(Dhan)(Common),1725.0,,,
Gujarat,Surat,Pegeon Pea (Arhar Fali),10500.0,,,
Gujarat,Surat,Bengal Gram(Gram)(Whole),4415.0,,,
Gujarat,Surat,Paddy(Dhan)(Common),2050.0,,,
Gujarat,Surendranagar,Cotton,7000.0,,,
Gujarat,Surendranagar,Wheat,2400.0,,,
Gujarat,Surendranagar,Mustard,6625.0,,,
Gujarat,Surendranagar,Wheat,2500.0,,,
Haryana,Bhiwani,Cotton,6550.0,,,
Haryana,Bhiwani,Maize,2100.0,,,
Haryana,Jhajar,Maize,1100.0,,,
Haryana,Jind,Mustard,5451.0,,,
Haryana,Mahendragarh-Narnaul,Mustard,5000.0,,,
Haryana,Mahendragarh-Narnaul,Mustard,4930.0,,,
Haryana,Sirsa,Bengal Gram(Gram)(Whole),4976.0,,,
Haryana,Sirsa,Cotton,7050.0,,,
Haryana,Sirsa,Mustard,5200.0,,,
Haryana,Sirsa,Cotton,7030.0,,,
Haryana,Sirsa,Mustard,5000.0,,,
Karnataka,Bagalkot,Maize,2279.0,,,
Karnataka,Bellary,Bajra(Pearl Millet/Cumbu),2610.0,,,
Karnataka,Bellary,Bengal Gram(Gram)(Whole),4409.0,,,
Karnataka,Bellary,Jowar(Sorghum),2712.0,,,
Karnataka,Bellary,Maize,2386.0,,,
Karnataka,Bidar,Arhar (Tur/Red Gram)(Whole),10050.0,,,
Karnataka,Bidar,Bengal Gram(Gram)(Whole),5000.0,,,
Karnataka,Bidar,Jowar(Sorghum),3680.0,,,
Karnataka,Bidar,Wheat,2800.0,,,
Karnataka,Bidar,Wheat,2300.0,,,
Karnataka,Bidar,Arhar (Tur/Red Gram)(Whole),9999.0,,,
Karnataka,Bidar,Bengal Gram(Gram)(Whole),5019.0,,,
Karnataka,Bidar,Jowar(Sorghum),4000.0,,,
Karnataka,Bidar,Wheat,3000.0,,,
Karnataka,Bijapur,Cotton,7236.0,,,
Karnataka,Chitradurga,Cotton,7143.0,,,
Karnataka,Dharwad,Bengal Gram(Gram)(Whole),4746.0,,,
Karnataka,Dharwad,Black Gram (Urd Beans)(Whole),6511.0,,,
Karnataka,Dharwad,Green Gram (Moong)(Whole),5893.0,,,
Karnataka,Dharwad,Jowar(Sorghum),4527.0,,,
Karnataka,Dharwad,Maize,2109.0,,,
Karnataka,Gadag,Bengal Gram(Gram)(Whole),4650.0,,,
Karnataka,Gadag,Green Gram (Moong)(Whole),5904.0,,,
Karnataka,Gulbarga,Arhar (Tur/Red Gram)(Whole),10021.0,,,
Karnataka,Gulbarga,Bengal Gram(Gram)(Whole),5252.0,,,
Karnataka,Gulbarga,Black Gram (Urd Beans)(Whole),6800.0,,,
Karnataka,Gulbarga,Green Gram (Moong)(Whole),7300.0,,,
Karnataka,Gulbarga,Jowar(Sorghum),4500.0,,,
Karnataka,Hassan,Black Gram Dal (Urd Dal),11300.0,,,
Karnataka,Hassan,Wheat,3325.0,,,
Karnataka,Kolar,Paddy(Dhan)(Common),2400.0,,,
Karnataka,Raichur,Arhar (Tur/Red Gram)(Whole),10044.0,,,
Karnataka,Raichur,Cotton,7050.0,,,
Karnataka,Raichur,Paddy(Dhan)(Common),2129.0,,,
Karnataka,Shimoga,Arhar Dal(Tur Dal),11750.0,,,
Karnataka,Shimoga,Bengal Gram Dal (Chana Dal),6800.0,,,
Karnataka,Shimoga,Bengal Gram(Gram)(Whole),5800.0,,,
Karnataka,Shimoga,Black Gram Dal (Urd Dal),11900.0,,,
Karnataka,Shimoga,Green Gram (Moong)(Whole),11000.0,,,
Karnataka,Shimoga,Green Gram Dal (Moong Dal),12000.0,,,
Karnataka,Shimoga,Kulthi(Horse Gram),6500.0,,,
Karnataka,Shimoga,Maize,2100.0,,,
Karnataka,Shimoga,Mustard,7500.0,,,
Karnataka,Shimoga,Wheat,4700.0,,,
Karnataka,Tumkur,Maize,2050.0,,,
Kerala,Kasargod,Arhar (Tur/Red Gram)(Whole),12600.0,,,
Kerala,Kasargod,Black Gram (Urd Beans)(Whole),15200.0,,,
Kerala,Kottayam,Bengal Gram(Gram)(Whole),6400.0,,,
Kerala,Kottayam,Black Gram (Urd Beans)(Whole),11000.0,,,
Kerala,Malappuram,Bengal Gram(Gram)(Whole),6250.0,,,
Kerala,Malappuram,Green Gram (Moong)(Whole),10550.0,,,
Kerala,Palakad,Arhar (Tur/Red Gram)(Whole),14300.0,,,
Kerala,Palakad,Bengal Gram(Gram)(Whole),8300.0,,,
Kerala,Palakad,Black Gram (Urd Beans)(Whole),11600.0,,,
Kerala,Palakad,Black Gram (Urd Beans)(Whole),12600.0,,,
Kerala,Palakad,Green Gram (Moong)(Whole),13600.0,,,
Kerala,Palakad,Green Gram (Moong)(Whole),14600.0,,,
Madhya Pradesh,Anupur,Wheat,2210.0,,,
Madhya Pradesh,Ashoknagar,Bengal Gram(Gram)(Whole),4790.0,,,
Madhya Pradesh,Ashoknagar,Wheat,2305.0,,,
Madhya Pradesh,Badwani,Cotton,7250.0,,,
Madhya Pradesh,Badwani,Maize,1975.0,,,
Madhya Pradesh,Badwani,Cotton,6400.0,,,
Madhya Pradesh,Balaghat,Paddy(Dhan)(Common),1875.0,,,
Madhya Pradesh,Bhind,Mustard,5300.0,,,
Madhya Pradesh,Bhind,Wheat,2260.0,,,
Madhya Pradesh,Damoh,Bengal Gram(Gram)(Whole),4925.0,,,
Madhya Pradesh,Damoh,Green Gram (Moong)(Whole),7370.0,,,
Madhya Pradesh,Damoh,Lentil (Masur)(Whole),5550.0,,,
Madhya Pradesh,Damoh,Wheat,2315.0,,,
Madhya Pradesh,Dewas,Green Gram (Moong)(Whole),6000.0,,,
Madhya Pradesh,Dewas,Wheat,2250.0,,,
Madhya Pradesh,Dhar,Wheat,2535.0,,,
Madhya Pradesh,Harda,Bengal Gram(Gram)(Whole),4680.0,,,
Madhya Pradesh,Harda,Green Gram (Moong)(Whole),7230.0,,,
Madhya Pradesh,Harda,Maize,2010.0,,,
Madhya Pradesh,Harda,Mustard,2601.0,,,
Madhya Pradesh,Harda,Wheat,2390.0,,,
Madhya Pradesh,Hoshangabad,Wheat,2050.0,,,
Madhya Pradesh,Jhabua,Wheat,2130.0,,,
Madhya Pradesh,Katni,Gram Raw(Chholia),1000.0,,,
Madhya Pradesh,Katni,Maize,1000.0,,,
Madhya Pradesh,Khargone,Maize,1900.0,,,
Madhya Pradesh,Khargone,Wheat,2410.0,,,
Madhya Pradesh,Khargone,Maize,1980.0,,,
Madhya Pradesh,Khargone,Wheat,2470.0,,,
Madhya Pradesh,Khargone,Bengal Gram(Gram)(Whole),4800.0,,,
Madhya Pradesh,Khargone,Green Gram (Moong)(Whole),7395.0,,,
Madhya Pradesh,Khargone,Wheat,2475.0,,,
Madhya Pradesh,Mandsaur,Black Gram (Urd Beans)(Whole),6575.0,,,
Madhya Pradesh,Mandsaur,Lentil (Masur)(Whole),5270.0,,,
Madhya Pradesh,Mandsaur,Maize,2065.0,,,
Madhya Pradesh,Mandsaur,Mustard,5195.0,,,
Madhya Pradesh,Mandsaur,Wheat,2450.0,,,
Madhya Pradesh,Mandsaur,Wheat,2125.0,,,
Madhya Pradesh,Panna,Alasande Gram,5050.0,,,
Madhya Pradesh,Panna,Arhar (Tur/Red Gram)(Whole),8700.0,,,
Madhya Pradesh,Panna,Wheat,2160.0,,,
Madhya Pradesh,Panna,Wheat,2100.0,,,
Madhya Pradesh,Panna,Wheat,2020.0,,,
Madhya Pradesh,Raisen,Bengal Gram(Gram)(Whole),4875.0,,,
Madhya Pradesh,Raisen,Green Gram (Moong)(Whole),7100.0,,,
Madhya Pradesh,Raisen,Lentil (Masur)(Whole),5400.0,,,
Madhya Pradesh,Raisen,Mustard,5500.0,,,
Madhya Pradesh,Raisen,Wheat,2250.0,,,
Madhya Pradesh,Rajgarh,Bengal Gram(Gram)(Whole),4465.0,,,
Madhya Pradesh,Rajgarh,Lentil (Masur)(Whole),5550.0,,,
Madhya Pradesh,Rajgarh,Mustard,4850.0,,,
Madhya Pradesh,Rajgarh,Wheat,2295.0,,,
Madhya Pradesh,Sagar,Arhar (Tur/Red Gram)(Whole),7705.0,,,
Madhya Pradesh,Sagar,Bengal Gram(Gram)(Whole),5000.0,,,
Madhya Pradesh,Sagar,Black Gram (Urd Beans)(Whole),5805.0,,,
Madhya Pradesh,Sagar,Green Gram (Moong)(Whole),7000.0,,,
Madhya Pradesh,Sagar,Lentil (Masur)(Whole),5500.0,,,
Madhya Pradesh,Sagar,Mustard,4900.0,,,
Madhya Pradesh,Sagar,Wheat,2400.0,,,
Madhya Pradesh,Sehore,Arhar (Tur/Red Gram)(Whole),4400.0,,,
Madhya Pradesh,Sehore,Green Gram (Moong)(Whole),7280.0,,,
Madhya Pradesh,Sehore,Wheat,2450.0,,,
Madhya Pradesh,Seoni,Paddy(Dhan)(Common),2045.0,,,
Madhya Pradesh,Shajapur,Bengal Gram(Gram)(Whole),4500.0,,,
Madhya Pradesh,Shajapur,Lentil (Masur)(Whole),5700.0,,,
Madhya Pradesh,Shajapur,Mustard,5200.0,,,
Madhya Pradesh,Shajapur,Wheat,2350.0,,,
Madhya Pradesh,Shajapur,Bengal Gram(Gram)(Whole),4315.0,,,
Madhya Pradesh,Shajapur,Bengal Gram(Gram)(Whole),5720.0,,,
Madhya Pradesh,Shajapur,Lentil (Masur)(Whole),5535.0,,,
Madhya Pradesh,Shajapur,Mustard,4970.0,,,
Madhya Pradesh,Shajapur,Wheat,2230.0,,,
Madhya Pradesh,Shajapur,Wheat,2070.0,,,
Madhya Pradesh,Shajapur,Wheat,2740.0,,,
Madhya Pradesh,Shajapur,Wheat,2300.0,,,
Madhya Pradesh,Shivpuri,Lentil (Masur)(Whole),5390.0,,,
Madhya Pradesh,Shivpuri,Mustard,5050.0,,,
Madhya Pradesh,Shivpuri,Wheat,2910.0,,,
Madhya Pradesh,Shivpuri,Bengal Gram(Gram)(Whole),4795.0,,,
Madhya Pradesh,Shivpuri,Lentil (Masur)(Whole),5550.0,,,
Madhya Pradesh,Shivpuri,Mustard,5350.0,,,
Madhya Pradesh,Shivpuri,Wheat,2340.0,,,
Madhya Pradesh,Ujjain,Bengal Gram(Gram)(Whole),5080.0,,,
Madhya Pradesh,Ujjain,Wheat,2594.0,,,
Madhya Pradesh,Ujjain,Wheat,2414.0,,,
Madhya Pradesh,Vidisha,Bengal Gram(Gram)(Whole),5000.0,,,
Madhya Pradesh,Vidisha,Lentil (Masur)(Whole),5560.0,,,
Madhya Pradesh,Vidisha,Mustard,5055.0,,,
Madhya Pradesh,Vidisha,Wheat,2340.0,,,
Maharashtra,Ahmednagar,Bengal Gram(Gram)(Whole),4250.0,,,
Maharashtra,Ahmednagar,Jowar(Sorghum),4600.0,,,
Maharashtra,Ahmednagar,Wheat,2250.0,,,
Maharashtra,Ahmednagar,Paddy(Dhan)(Common),2300.0,,,
Maharashtra,Ahmednagar,Bajra(Pearl Millet/Cumbu),2561.0,,,
Maharashtra,Ahmednagar,Bengal Gram(Gram)(Whole),4790.0,,,
Maharashtra,Ahmednagar,Maize,2150.0,,,
Maharashtra,Ahmednagar,Wheat,2405.0,,,
Maharashtra,Ahmednagar,Maize,2100.0,,,
Maharashtra,Ahmednagar,Wheat,2466.0,,,
Maharashtra,Ahmednagar,Bajra(Pearl Millet/Cumbu),2000.0,,,
Maharashtra,Ahmednagar,Bengal Gram(Gram)(Whole),4200.0,,,
Maharashtra,Ahmednagar,Jowar(Sorghum),1850.0,,,
Maharashtra,Ahmednagar,Maize,1600.0,,,
Maharashtra,Ahmednagar,Wheat,2350.0,,,
Maharashtra,Ahmednagar,Bajra(Pearl Millet/Cumbu),2000.0,,,
Maharashtra,Ahmednagar,Bengal Gram(Gram)(Whole),4800.0,,,
Maharashtra,Ahmednagar,Black Gram (Urd Beans)(Whole),6800.0,,,
Maharashtra,Ahmednagar,Wheat,2400.0,,,
Maharashtra,Ahmednagar,Arhar (Tur/Red Gram)(Whole),9000.0,,,
Maharashtra,Ahmednagar,Bajra(Pearl Millet/Cumbu),2400.0,,,
Maharashtra,Ahmednagar,Wheat,2500.0,,,
Maharashtra,Akola,Arhar (Tur/Red Gram)(Whole),9700.0,,,
Maharashtra,Akola,Bengal Gram(Gram)(Whole),4500.0,,,
Maharashtra,Akola,Black Gram (Urd Beans)(Whole),4105.0,,,
Maharashtra,Akola,Green Gram (Moong)(Whole),7110.0,,,
Maharashtra,Akola,Jowar(Sorghum),2845.0,,,
Maharashtra,Akola,Wheat,2300.0,,,
Maharashtra,Akola,Arhar (Tur/Red Gram)(Whole),9750.0,,,
Maharashtra,Akola,Arhar (Tur/Red Gram)(Whole),9940.0,,,
Maharashtra,Akola,Bengal Gram(Gram)(Whole),5090.0,,,
Maharashtra,Akola,Jowar(Sorghum),2850.0,,,
Maharashtra,Akola,Wheat,2270.0,,,
Maharashtra,Amarawati,Arhar (Tur/Red Gram)(Whole),9975.0,,,
Maharashtra,Amarawati,Bajra(Pearl Millet/Cumbu),2400.0,,,
Maharashtra,Amarawati,Bengal Gram(Gram)(Whole),4975.0,,,
Maharashtra,Amarawati,Black Gram (Urd Beans)(Whole),6150.0,,,
Maharashtra,Amarawati,Green Gram (Moong)(Whole),6475.0,,,
Maharashtra,Amarawati,Jowar(Sorghum),2375.0,,,
Maharashtra,Amarawati,Maize,2032.0,,,
Maharashtra,Amarawati,Wheat,2525.0,,,
Maharashtra,Amarawati,Jowar(Sorghum),2300.0,,,
Maharashtra,Amarawati,Wheat,2300.0,,,
Maharashtra,Aurangabad,Jowar(Sorghum),3520.0,,,
Maharashtra,Aurangabad,Maize,2000.0,,,
Maharashtra,Aurangabad,Wheat,2361.0,,,
Maharashtra,Aurangabad,Arhar (Tur/Red Gram)(Whole),9500.0,,,
Maharashtra,Aurangabad,Bajra(Pearl Millet/Cumbu),2350.0,,,
Maharashtra,Aurangabad,Bengal Gram(Gram)(Whole),4100.0,,,
Maharashtra,Aurangabad,Jowar(Sorghum),3100.0,,,
Maharashtra,Aurangabad,Wheat,2440.0,,,
Maharashtra,Aurangabad,Bajra(Pearl Millet/Cumbu),2250.0,,,
Maharashtra,Aurangabad,Maize,2100.0,,,
Maharashtra,Aurangabad,Wheat,2300.0,,,
Maharashtra,Aurangabad,Arhar (Tur/Red Gram)(Whole),9005.0,,,
Maharashtra,Aurangabad,Bajra(Pearl Millet/Cumbu),2360.0,,,
Maharashtra,Aurangabad,Bengal Gram(Gram)(Whole),6700.0,,,
Maharashtra,Aurangabad,Bengal Gram(Gram)(Whole),4750.0,,,
Maharashtra,Aurangabad,Green Gram (Moong)(Whole),6505.0,,,
Maharashtra,Aurangabad,Jowar(Sorghum),3905.0,,,
Maharashtra,Aurangabad,Maize,2050.0,,,
Maharashtra,Aurangabad,Wheat,2455.0,,,
Maharashtra,Beed,Arhar (Tur/Red Gram)(Whole),9350.0,,,
Maharashtra,Beed,Arhar (Tur/Red Gram)(Whole),9011.0,,,
Maharashtra,Beed,Bajra(Pearl Millet/Cumbu),2578.0,,,
Maharashtra,Beed,Bengal Gram(Gram)(Whole),4051.0,,,
Maharashtra,Beed,Jowar(Sorghum),3445.0,,,
Maharashtra,Beed,Maize,2221.0,,,
Maharashtra,Beed,Wheat,2330.0,,,
Maharashtra,Beed,Arhar (Tur/Red Gram)(Whole),9700.0,,,
Maharashtra,Beed,Bajra(Pearl Millet/Cumbu),2500.0,,,
Maharashtra,Beed,Bengal Gram(Gram)(Whole),4800.0,,,
Maharashtra,Beed,Jowar(Sorghum),3800.0,,,
Maharashtra,Beed,Wheat,2500.0,,,
Maharashtra,Bhandara,Bengal Gram(Gram)(Whole),4700.0,,,
Maharashtra,Bhandara,Wheat,2350.0,,,
Maharashtra,Buldhana,Maize,2000.0,,,
Maharashtra,Buldhana,Bajra(Pearl Millet/Cumbu),2225.0,,,
Maharashtra,Buldhana,Bengal Gram(Gram)(Whole),2700.0,,,
Maharashtra,Buldhana,Jowar(Sorghum),3000.0,,,
Maharashtra,Buldhana,Wheat,2550.0,,,
Maharashtra,Buldhana,Arhar (Tur/Red Gram)(Whole),9705.0,,,
Maharashtra,Buldhana,Bengal Gram(Gram)(Whole),4600.0,,,
Maharashtra,Buldhana,Jowar(Sorghum),2940.0,,,
Maharashtra,Buldhana,Maize,2050.0,,,
Maharashtra,Buldhana,Wheat,2450.0,,,
Maharashtra,Buldhana,Arhar (Tur/Red Gram)(Whole),9500.0,,,
Maharashtra,Buldhana,Bengal Gram(Gram)(Whole),4800.0,,,
Maharashtra,Buldhana,Wheat,2500.0,,,
Maharashtra,Chandrapur,Paddy(Dhan)(Common),2800.0,,,
Maharashtra,Chandrapur,Paddy(Dhan)(Common),2770.0,,,
Maharashtra,Chandrapur,Paddy(Dhan)(Common),3075.0,,,
Maharashtra,Chandrapur,Paddy(Dhan)(Common),2800.0,,,
Maharashtra,Dhule,Wheat,2181.0,,,
Maharashtra,Gadchiroli,Paddy(Dhan)(Common),2690.0,,,
Maharashtra,Gadchiroli,Paddy(Dhan)(Common),2780.0,,,
Maharashtra,Hingoli,Arhar (Tur/Red Gram)(Whole),9600.0,,,
Maharashtra,Hingoli,Bengal Gram(Gram)(Whole),4850.0,,,
Maharashtra,Jalana,Maize,2150.0,,,
Maharashtra,Jalana,Wheat,2150.0,,,
Maharashtra,Jalana,Arhar (Tur/Red Gram)(Whole),9100.0,,,
Maharashtra,Jalana,Bajra(Pearl Millet/Cumbu),2400.0,,,
Maharashtra,Jalana,Bengal Gram(Gram)(Whole),9193.0,,,
Maharashtra,Jalana,Bengal Gram(Gram)(Whole),4850.0,,,
Maharashtra,Jalana,Jowar(Sorghum),3600.0,,,
Maharashtra,Jalana,Maize,2125.0,,,
Maharashtra,Jalana,Mustard,5700.0,,,
Maharashtra,Jalana,Wheat,2400.0,,,
Maharashtra,Jalana,Jowar(Sorghum),2130.0,,,
Maharashtra,Jalana,Wheat,2100.0,,,
Maharashtra,Jalgaon,Arhar (Tur/Red Gram)(Whole),9000.0,,,
Maharashtra,Jalgaon,Bajra(Pearl Millet/Cumbu),2375.0,,,
Maharashtra,Jalgaon,Bengal Gram(Gram)(Whole),4700.0,,,
Maharashtra,Jalgaon,Maize,2150.0,,,
Maharashtra,Jalgaon,Wheat,2557.0,,,
Maharashtra,Jalgaon,Bajra(Pearl Millet/Cumbu),2100.0,,,
Maharashtra,Jalgaon,Bengal Gram(Gram)(Whole),4800.0,,,
Maharashtra,Jalgaon,Jowar(Sorghum),2681.0,,,
Maharashtra,Jalgaon,Maize,2061.0,,,
Maharashtra,Jalgaon,Wheat,2300.0,,,
Maharashtra,Jalgaon,Bajra(Pearl Millet/Cumbu),2351.0,,,
Maharashtra,Jalgaon,Green Gram (Moong)(Whole),7392.0,,,
Maharashtra,Jalgaon,Jowar(Sorghum),3700.0,,,
Maharashtra,Jalgaon,Wheat,2518.0,,,
Maharashtra,Jalgaon,Bajra(Pearl Millet/Cumbu),2271.0,,,
Maharashtra,Jalgaon,Jowar(Sorghum),3500.0,,,
Maharashtra,Jalgaon,Bajra(Pearl Millet/Cumbu),2321.0,,,
Maharashtra,Jalgaon,Jowar(Sorghum),2821.0,,,
Maharashtra,Jalgaon,Jowar(Sorghum),3200.0,,,
Maharashtra,Jalgaon,Maize,2051.0,,,
Maharashtra,Jalgaon,Bajra(Pearl Millet/Cumbu),2330.0,,,
Maharashtra,Jalgaon,Bengal Gram(Gram)(Whole),7790.0,,,
Maharashtra,Jalgaon,Jowar(Sorghum),2890.0,,,
Maharashtra,Jalgaon,Wheat,2568.0,,,
Maharashtra,Jalgaon,Wheat,2100.0,,,
Maharashtra,Jalgaon,Bajra(Pearl Millet/Cumbu),2450.0,,,
Maharashtra,Jalgaon,Maize,1530.0,,,
Maharashtra,Jalgaon,Wheat,2650.0,,,
Maharashtra,Latur,Arhar (Tur/Red Gram)(Whole),9843.0,,,
Maharashtra,Latur,Bengal Gram(Gram)(Whole),4763.0,,,
Maharashtra,Latur,Wheat,2315.0,,,
Maharashtra,Latur,Bengal Gram(Gram)(Whole),4794.0,,,
Maharashtra,Latur,Jowar(Sorghum),3359.0,,,
Maharashtra,Latur,Arhar (Tur/Red Gram)(Whole),9916.0,,,
Maharashtra,Latur,Bengal Gram(Gram)(Whole),4366.0,,,
Maharashtra,Latur,Bengal Gram(Gram)(Whole),4700.0,,,
Maharashtra,Latur,Jowar(Sorghum),4000.0,,,
Maharashtra,Mumbai,Arhar Dal(Tur Dal),12500.0,,,
Maharashtra,Mumbai,Bajra(Pearl Millet/Cumbu),3600.0,,,
Maharashtra,Mumbai,Bengal Gram Dal (Chana Dal),6200.0,,,
Maharashtra,Mumbai,Bengal Gram(Gram)(Whole),6000.0,,,
Maharashtra,Mumbai,Black Gram (Urd Beans)(Whole),10200.0,,,
Maharashtra,Mumbai,Black Gram Dal (Urd Dal),10500.0,,,
Maharashtra,Mumbai,Green Gram (Moong)(Whole),10500.0,,,
Maharashtra,Mumbai,Green Gram Dal (Moong Dal),11500.0,,,
Maharashtra,Mumbai,Jowar(Sorghum),4800.0,,,
Maharashtra,Mumbai,Lentil (Masur)(Whole),7400.0,,,
Maharashtra,Mumbai,Maize,3800.0,,,
Maharashtra,Mumbai,Mustard,7000.0,,,
Maharashtra,Mumbai,Wheat,4300.0,,,
Maharashtra,Nagpur,Arhar (Tur/Red Gram)(Whole),9550.0,,,
Maharashtra,Nagpur,Bengal Gram(Gram)(Whole),4450.0,,,
Maharashtra,Nagpur,Cotton,7000.0,,,
Maharashtra,Nagpur,Wheat,2300.0,,,
Maharashtra,Nagpur,Arhar (Tur/Red Gram)(Whole),9858.0,,,
Maharashtra,Nagpur,Bengal Gram(Gram)(Whole),5026.0,,,
Maharashtra,Nagpur,Maize,2150.0,,,
Maharashtra,Nagpur,Wheat,2468.0,,,
Maharashtra,Nagpur,Wheat,3150.0,,,
Maharashtra,Nagpur,Arhar (Tur/Red Gram)(Whole),9720.0,,,
Maharashtra,Nagpur,Cotton,6900.0,,,
Maharashtra,Nagpur,Wheat,1850.0,,,
Maharashtra,Nanded,Arhar (Tur/Red Gram)(Whole),8634.0,,,
Maharashtra,Nanded,Bengal Gram(Gram)(Whole),4512.0,,,
Maharashtra,Nanded,Jowar(Sorghum),2484.0,,,
Maharashtra,Nanded,Wheat,2075.0,,,
Maharashtra,Nandurbar,Bengal Gram(Gram)(Whole),4500.0,,,
Maharashtra,Nandurbar,Wheat,2483.0,,,
Maharashtra,Nashik,Arhar (Tur/Red Gram)(Whole),6105.0,,,
Maharashtra,Nashik,Bajra(Pearl Millet/Cumbu),2675.0,,,
Maharashtra,Nashik,Maize,2145.0,,,
Maharashtra,Nashik,Wheat,2225.0,,,
Maharashtra,Nashik,Bajra(Pearl Millet/Cumbu),2100.0,,,
Maharashtra,Nashik,Maize,2000.0,,,
Maharashtra,Nashik,Wheat,2251.0,,,
Maharashtra,Nashik,Bengal Gram(Gram)(Whole),4752.0,,,
Maharashtra,Nashik,Maize,2357.0,,,
Maharashtra,Nashik,Wheat,2475.0,,,
Maharashtra,Nashik,Arhar (Tur/Red Gram)(Whole),8341.0,,,
Maharashtra,Nashik,Bajra(Pearl Millet/Cumbu),2550.0,,,
Maharashtra,Nashik,Bengal Gram(Gram)(Whole),4300.0,,,
Maharashtra,Nashik,Jowar(Sorghum),2800.0,,,
Maharashtra,Nashik,Maize,2001.0,,,
Maharashtra,Nashik,Wheat,2500.0,,,
Maharashtra,Nashik,Bajra(Pearl Millet/Cumbu),2450.0,,,
Maharashtra,Nashik,Bengal Gram(Gram)(Whole),4550.0,,,
Maharashtra,Nashik,Wheat,2450.0,,,
Maharashtra,Nashik,Bajra(Pearl Millet/Cumbu),2546.0,,,
Maharashtra,Nashik,Bengal Gram(Gram)(Whole),4575.0,,,
Maharashtra,Nashik,Wheat,2400.0,,,
Maharashtra,Osmanabad,Arhar (Tur/Red Gram)(Whole),9599.0,,,
Maharashtra,Osmanabad,Jowar(Sorghum),3786.0,,,
Maharashtra,Osmanabad,Wheat,2601.0,,,
Maharashtra,Osmanabad,Jowar(Sorghum),3500.0,,,
Maharashtra,Osmanabad,Wheat,2300.0,,,
Maharashtra,Osmanabad,Bengal Gram(Gram)(Whole),4900.0,,,
Maharashtra,Osmanabad,Jowar(Sorghum),4450.0,,,
Maharashtra,Pune,Cotton,5500.0,,,
Maharashtra,Pune,Bajra(Pearl Millet/Cumbu),3200.0,,,
Maharashtra,Pune,Bengal Gram(Gram)(Whole),5900.0,,,
Maharashtra,Pune,Black Gram (Urd Beans)(Whole),9300.0,,,
Maharashtra,Pune,Green Gram (Moong)(Whole),9400.0,,,
Maharashtra,Pune,Jowar(Sorghum),5200.0,,,
Maharashtra,Pune,Lentil (Masur)(Whole),7500.0,,,
Maharashtra,Pune,Maize,2650.0,,,
Maharashtra,Pune,Wheat,4600.0,,,
Maharashtra,Raigad,Paddy(Dhan)(Common),2216.0,,,
Maharashtra,Sangli,Bajra(Pearl Millet/Cumbu),2700.0,,,
Maharashtra,Sangli,Black Gram (Urd Beans)(Whole),7500.0,,,
Maharashtra,Sangli,Lentil (Masur)(Whole),6750.0,,,
Maharashtra,Sangli,Wheat,3450.0,,,
Maharashtra,Sangli,Jowar(Sorghum),3270.0,,,
Maharashtra,Sangli,Maize,2170.0,,,
Maharashtra,Sangli,Wheat,2650.0,,,
Maharashtra,Sholapur,Arhar (Tur/Red Gram)(Whole),10000.0,,,
Maharashtra,Sholapur,Jowar(Sorghum),4200.0,,,
Maharashtra,Sholapur,Bengal Gram(Gram)(Whole),4300.0,,,
Maharashtra,Sholapur,Black Gram (Urd Beans)(Whole),6300.0,,,
Maharashtra,Sholapur,Jowar(Sorghum),4751.0,,,
Maharashtra,Sholapur,Maize,1870.0,,,
Maharashtra,Sholapur,Wheat,2405.0,,,
Maharashtra,Sholapur,Bengal Gram(Gram)(Whole),4700.0,,,
Maharashtra,Sholapur,Jowar(Sorghum),4450.0,,,
Maharashtra,Sholapur,Maize,2200.0,,,
Maharashtra,Sholapur,Wheat,2850.0,,,
Maharashtra,Sholapur,Jowar(Sorghum),4280.0,,,
Maharashtra,Sholapur,Wheat,2645.0,,,
Maharashtra,Thane,Black Gram (Urd Beans)(Whole),9300.0,,,
Maharashtra,Thane,Jowar(Sorghum),4800.0,,,
Maharashtra,Thane,Wheat,2600.0,,,
Maharashtra,Thane,Wheat,2955.0,,,
Maharashtra,Vashim,Arhar (Tur/Red Gram)(Whole),9800.0,,,
Maharashtra,Vashim,Bengal Gram(Gram)(Whole),4800.0,,,
Maharashtra,Vashim,Wheat,2440.0,,,
Maharashtra,Vashim,Bengal Gram(Gram)(Whole),4400.0,,,
Maharashtra,Vashim,Arhar (Tur/Red Gram)(Whole),8541.0,,,
Maharashtra,Vashim,Bengal Gram(Gram)(Whole),4639.0,,,
Maharashtra,Vashim,Jowar(Sorghum),2175.0,,,
Maharashtra,Vashim,Wheat,2464.0,,,
Maharashtra,Vashim,Arhar (Tur/Red Gram)(Whole),9200.0,,,
Maharashtra,Vashim,Bengal Gram(Gram)(Whole),4800.0,,,
Maharashtra,Vashim,Black Gram (Urd Beans)(Whole),7000.0,,,
Maharashtra,Vashim,Wheat,2200.0,,,
Maharashtra,Vashim,Arhar (Tur/Red Gram)(Whole),9500.0,,,
Maharashtra,Vashim,Bengal Gram(Gram)(Whole),4900.0,,,
Maharashtra,Vashim,Jowar(Sorghum),2850.0,,,
Maharashtra,Vashim,Wheat,2300.0,,,
Maharashtra,Wardha,Arhar (Tur/Red Gram)(Whole),9500.0,,,
Maharashtra,Wardha,Bengal Gram(Gram)(Whole),4750.0,,,
Maharashtra,Wardha,Arhar (Tur/Red Gram)(Whole),9600.0,,,
Maharashtra,Wardha,Bengal Gram(Gram)(Whole),4300.0,,,
Maharashtra,Wardha,Cotton,6900.0,,,
Maharashtra,Wardha,Wheat,2300.0,,,
Maharashtra,Yavatmal,Arhar (Tur/Red Gram)(Whole),9595.0,,,
Maharashtra,Yavatmal,Bengal Gram(Gram)(Whole),4545.0,,,
Maharashtra,Yavatmal,Arhar (Tur/Red Gram)(Whole),9940.0,,,
Maharashtra,Yavatmal,Bengal Gram(Gram)(Whole),4750.0,,,
Maharashtra,Yavatmal,Green Gram (Moong)(Whole),6830.0,,,
Maharashtra,Yavatmal,Jowar(Sorghum),2691.0,,,
Maharashtra,Yavatmal,Wheat,2571.0,,,
Maharashtra,Yavatmal,Arhar (Tur/Red Gram)(Whole),9600.0,,,
Maharashtra,Yavatmal,Green Gram (Moong)(Whole),6500.0,,,
Maharashtra,Yavatmal,Arhar (Tur/Red Gram)(Whole),9545.0,,,
Maharashtra,Yavatmal,Bengal Gram(Gram)(Whole),4825.0,,,
Odisha,Bargarh,Paddy(Dhan)(Common),2040.0,,,
Odisha,Bargarh,Paddy(Dhan)(Common),2040.0,,,
Odisha,Bhadrak,Paddy(Dhan)(Common),2040.0,,,
Odisha,Mayurbhanja,Paddy(Dhan)(Common),1940.0,,,
Odisha,Nowarangpur,Maize,1500.0,,,
Odisha,Sundergarh,Black Gram (Urd Beans)(Whole),12000.0,,,
Odisha,Sundergarh,Black Gram (Urd Beans)(Whole),12000.0,,,
Odisha,Sundergarh,Paddy(Dhan)(Common),2040.0,,,
Odisha,Sundergarh,Wheat,3000.0,,,
Odisha,Sundergarh,Wheat Atta,4400.0,,,
Pondicherry,Karaikal,Paddy(Dhan)(Common),2320.0,,,
Pondicherry,Pondicherry,Paddy(Dhan)(Common),1774.0,,,
Pondicherry,Pondicherry,Paddy(Dhan)(Common),1760.0,,,
Punjab,Jalandhar,Maize,1485.0,,,
Rajasthan,Ajmer,Barley (Jau),1625.0,,,
Rajasthan,Ajmer,Bengal Gram(Gram)(Whole),4782.0,,,
Rajasthan,Ajmer,Maize,2325.0,,,
Rajasthan,Ajmer,Mustard,5120.0,,,
Rajasthan,Ajmer,Wheat,2350.0,,,
Rajasthan,Baran,Mustard,5043.0,,,
Rajasthan,Baran,Wheat,2263.0,,,
Rajasthan,Baran,Bengal Gram(Gram)(Whole),4830.0,,,
Rajasthan,Baran,Black Gram (Urd Beans)(Whole),6300.0,,,
Rajasthan,Baran,Green Gram (Moong)(Whole),6600.0,,,
Rajasthan,Baran,Mustard,5350.0,,,
Rajasthan,Baran,Paddy(Dhan)(Common),2600.0,,,
Rajasthan,Baran,Wheat,2440.0,,,
Rajasthan,Baran,Mustard,5300.0,,,
Rajasthan,Baran,Wheat,2480.0,,,
Rajasthan,Bundi,Barley (Jau),1600.0,,,
Rajasthan,Bundi,Bengal Gram(Gram)(Whole),4610.0,,,
Rajasthan,Bundi,Black Gram (Urd Beans)(Whole),5694.0,,,
Rajasthan,Bundi,Green Gram (Moong)(Whole),6520.0,,,
Rajasthan,Bundi,Maize,1826.0,,,
Rajasthan,Bundi,Mustard,5123.0,,,
Rajasthan,Bundi,Paddy(Dhan)(Common),3363.0,,,
Rajasthan,Bundi,Wheat,2297.0,,,
Rajasthan,Bundi,Barley (Jau),1725.0,,,
Rajasthan,Bundi,Black Gram (Urd Beans)(Whole),6801.0,,,
Rajasthan,Bundi,Lentil (Masur)(Whole),6175.0,,,
Rajasthan,Bundi,Mustard,5252.0,,,
Rajasthan,Bundi,Wheat,2350.0,,,
Rajasthan,Chittorgarh,Wheat,2150.0,,,
Rajasthan,Chittorgarh,Barley (Jau),1742.0,,,
Rajasthan,Chittorgarh,Maize,231.3,,,
Rajasthan,Chittorgarh,Mustard,5275.0,,,
Rajasthan,Chittorgarh,Wheat,2500.0,,,
Rajasthan,Chittorgarh,Arhar (Tur/Red Gram)(Whole),4525.0,,,
Rajasthan,Chittorgarh,Lentil (Masur)(Whole),4941.0,,,
Rajasthan,Chittorgarh,Maize,1995.0,,,
Rajasthan,Chittorgarh,Mustard,5156.0,,,
Rajasthan,Chittorgarh,Wheat,2439.0,,,
Rajasthan,Churu,Bajra(Pearl Millet/Cumbu),1800.0,,,
Rajasthan,Dausa,Bajra(Pearl Millet/Cumbu),1998.0,,,
Rajasthan,Dausa,Barley (Jau),1578.0,,,
Rajasthan,Dausa,Bengal Gram(Gram)(Whole),4700.0,,,
Rajasthan,Dausa,Mustard,5068.0,,,
Rajasthan,Dausa,Wheat,2275.0,,,
Rajasthan,Dausa,Barley (Jau),1525.0,,,
Rajasthan,Dausa,Bengal Gram(Gram)(Whole),4700.0,,,
Rajasthan,Dausa,Mustard,5313.0,,,
Rajasthan,Dausa,Wheat,2300.0,,,
Rajasthan,Dausa,Bengal Gram(Gram)(Whole),4875.0,,,
Rajasthan,Dausa,Mustard,5490.0,,,
Rajasthan,Dausa,Wheat,2275.0,,,
Rajasthan,Hanumangarh,Barley (Jau),1632.0,,,
Rajasthan,Hanumangarh,Bengal Gram(Gram)(Whole),4967.0,,,
Rajasthan,Hanumangarh,Mustard,5235.0,,,
Rajasthan,Hanumangarh,Wheat,2100.0,,,
Rajasthan,Hanumangarh,Barley (Jau),1617.0,,,
Rajasthan,Hanumangarh,Mustard,5148.0,,,
Rajasthan,Hanumangarh,Wheat,2225.0,,,
Rajasthan,Jaipur,Bajra(Pearl Millet/Cumbu),1875.0,,,
Rajasthan,Jaipur,Barley (Jau),1584.0,,,
Rajasthan,Jaipur,Bengal Gram(Gram)(Whole),4745.0,,,
Rajasthan,Jaipur,Mustard,5056.0,,,
Rajasthan,Jaipur,Wheat,2240.0,,,
Rajasthan,Jalore,Mustard,5250.0,,,
Rajasthan,Jhalawar,Bengal Gram(Gram)(Whole),6500.0,,,
Rajasthan,Jhalawar,Mustard,5195.0,,,
Rajasthan,Jhalawar,Wheat,2330.0,,,
Rajasthan,Jodhpur,Mustard,4850.0,,,
Rajasthan,Kota,Bajra(Pearl Millet/Cumbu),2025.0,,,
Rajasthan,Kota,Barley (Jau),1770.0,,,
Rajasthan,Kota,Bengal Gram(Gram)(Whole),4550.0,,,
Rajasthan,Kota,Black Gram (Urd Beans)(Whole),7200.0,,,
Rajasthan,Kota,Green Gram (Moong)(Whole),7050.0,,,
Rajasthan,Kota,Jowar(Sorghum),2611.0,,,
Rajasthan,Kota,Maize,1900.0,,,
Rajasthan,Kota,Mustard,5400.0,,,
Rajasthan,Kota,Paddy(Dhan)(Common),3900.0,,,
Rajasthan,Kota,Wheat,2350.0,,,
Rajasthan,Nagaur,Bajra(Pearl Millet/Cumbu),1850.0,,,
Rajasthan,Sikar,Barley (Jau),1500.0,,,
Rajasthan,Sikar,Mustard,4900.0,,,
Rajasthan,Swai Madhopur,Barley (Jau),1575.0,,,
Rajasthan,Swai Madhopur,Bengal Gram(Gram)(Whole),4745.0,,,
Rajasthan,Swai Madhopur,Black Gram (Urd Beans)(Whole),6190.0,,,
Rajasthan,Swai Madhopur,Mustard,5320.0,,,
Rajasthan,Swai Madhopur,Wheat,2255.0,,,
Rajasthan,Tonk,Bengal Gram(Gram)(Whole),4750.0,,,
Rajasthan,Tonk,Mustard,5415.0,,,
Rajasthan,Tonk,Wheat,2232.0,,,
Rajasthan,Tonk,Mustard,5330.0,,,
Rajasthan,Tonk,Wheat,2250.0,,,
Rajasthan,Udaipur,Bengal Gram(Gram)(Whole),4400.0,,,
Rajasthan,Udaipur,Maize,2300.0,,,
Rajasthan,Udaipur,Maize,2050.0,,,
Rajasthan,Udaipur,Wheat,2450.0,,,
Rajasthan,Udaipur,Wheat,2050.0,,,
Tamil Nadu,Ariyalur,Maize,2237.0,,,
Tamil Nadu,Coimbatore,Paddy(Dhan)(Common),2050.0,,,
Tamil Nadu,Coimbatore,Maize,2280.0,,,
Tamil Nadu,Cuddalore,Paddy(Dhan)(Common),1705.0,,,
Tamil Nadu,Cuddalore,Paddy(Dhan)(Common),1752.0,,,
Tamil Nadu,Dindigul,Cotton,6800.0,,,
Tamil Nadu,Erode,Maize,2350.0,,,
Tamil Nadu,Madurai,Paddy(Dhan)(Common),1970.0,,,
Tamil Nadu,Madurai,Paddy(Dhan)(Common),2123.0,,,
Tamil Nadu,Madurai,Paddy(Dhan)(Common),2508.0,,,
Tamil Nadu,Madurai,Paddy(Dhan)(Common),2816.0,,,
Tamil Nadu,Madurai,Cotton,5250.0,,,
Tamil Nadu,Madurai,Cotton,5850.0,,,
Tamil Nadu,Madurai,Jowar(Sorghum),3970.0,,,
Tamil Nadu,Madurai,Paddy(Dhan)(Common),1700.0,,,
Tamil Nadu,Madurai,Paddy(Dhan)(Common),2100.0,,,
Tamil Nadu,Namakkal,Maize,2313.0,,,
Tamil Nadu,Namakkal,Paddy(Dhan)(Common),1800.0,,,
Tamil Nadu,Salem,Maize,2270.0,,,
Tamil Nadu,Salem,Cotton,7010.0,,,
Tamil Nadu,Salem,Cotton,6200.0,,,
Tamil Nadu,Salem,Maize,2250.0,,,
Tamil Nadu,Theni,Bajra(Pearl Millet/Cumbu),2490.0,,,
Tamil Nadu,Theni,Cotton,5600.0,,,
Tamil Nadu,Theni,Jowar(Sorghum),4020.0,,,
Tamil Nadu,Theni,Maize,2290.0,,,
Tamil Nadu,Theni,Paddy(Dhan)(Common),1690.0,,,
Tamil Nadu,Thiruvannamalai,Paddy(Dhan)(Common),1781.0,,,
Tamil Nadu,Thiruvannamalai,Paddy(Dhan)(Common),2335.0,,,
Tamil Nadu,Vellore,Paddy(Dhan)(Common),1844.0,,,
Tamil Nadu,Vellore,Paddy(Dhan)(Common),1905.0,,,
Tamil Nadu,Vellore,Paddy(Dhan)(Common),2078.0,,,
Tamil Nadu,Vellore,Paddy(Dhan)(Common),1753.0,,,
Tamil Nadu,Vellore,Paddy(Dhan)(Common),1760.0,,,
Tamil Nadu,Vellore,Paddy(Dhan)(Common),1959.0,,,
Tamil Nadu,Vellore,Paddy(Dhan)(Common),1688.0,,,
Tamil Nadu,Vellore,Black Gram (Urd Beans)(Whole),6938.0,,,
Tamil Nadu,Vellore,Paddy(Dhan)(Common),1750.0,,,
Tamil Nadu,Vellore,Paddy(Dhan)(Common),2500.0,,,
Tamil Nadu,Vellore,Paddy(Dhan)(Common),1650.0,,,
Tamil Nadu,Vellore,Paddy(Dhan)(Common),2520.0,,,
Tamil Nadu,Villupuram,Paddy(Dhan)(Common),1825.0,,,
Tamil Nadu,Villupuram,Paddy(Dhan)(Common),1840.0,,,
Tamil Nadu,Villupuram,Paddy(Dhan)(Common),2300.0,,,
Tamil Nadu,Villupuram,Paddy(Dhan)(Common),2767.0,,,
Tamil Nadu,Villupuram,Maize,2229.0,,,
Tamil Nadu,Villupuram,Black Gram (Urd Beans)(Whole),7200.0,,,
Tamil Nadu,Villupuram,Maize,2247.0,,,
Tamil Nadu,Villupuram,Paddy(Dhan)(Common),1671.0,,,
Tamil Nadu,Villupuram,Paddy(Dhan)(Common),1749.0,,,
Tamil Nadu,Villupuram,Maize,2286.0,,,
Tamil Nadu,Villupuram,Paddy(Dhan)(Common),1852.0,,,
Tamil Nadu,Villupuram,Black Gram (Urd Beans)(Whole),8230.0,,,
Tamil Nadu,Villupuram,Maize,2240.0,,,
Tamil Nadu,Villupuram,Paddy(Dhan)(Common),1867.0,,,
Tamil Nadu,Villupuram,Paddy(Dhan)(Common),1786.0,,,
Tamil Nadu,Villupuram,Paddy(Dhan)(Common),1981.0,,,
Tamil Nadu,Villupuram,Paddy(Dhan)(Common),1804.0,,,
Tamil Nadu,Villupuram,Paddy(Dhan)(Common),1670.0,,,
Tamil Nadu,Villupuram,Black Gram (Urd Beans)(Whole),8549.0,,,
Tamil Nadu,Villupuram,Maize,2089.0,,,
Tamil Nadu,Villupuram,Paddy(Dhan)(Common),1269.0,,,
Tamil Nadu,Villupuram,Paddy(Dhan)(Common),1787.0,,,
Tamil Nadu,Villupuram,Paddy(Dhan)(Common),1269.0,,,
Telangana,Adilabad,Cotton,6900.0,,,
Telangana,Adilabad,Arhar (Tur/Red Gram)(Whole),8529.0,,,
Telangana,Adilabad,Jowar(Sorghum),2767.0,,,
Telangana,Adilabad,Maize,2101.0,,,
Telangana,Adilabad,Jowar(Sorghum),3000.0,,,
Telangana,Adilabad,Cotton,7450.0,,,
Telangana,Adilabad,Maize,2000.0,,,
Telangana,Adilabad,Cotton,6500.0,,,
Telangana,Adilabad,Cotton,7450.0,,,
Telangana,Karimnagar,Paddy(Dhan)(Common),2060.0,,,
Telangana,Karimnagar,Paddy(Dhan)(Common),2040.0,,,
Telangana,Karimnagar,Paddy(Dhan)(Common),2040.0,,,
Telangana,Karimnagar,Maize,2050.0,,,
Telangana,Karimnagar,Paddy(Dhan)(Common),2040.0,,,
Telangana,Karimnagar,Paddy(Dhan)(Common),2060.0,,,
Telangana,Karimnagar,Paddy(Dhan)(Common),2040.0,,,
Telangana,Karimnagar,Cotton,6380.0,,,
Telangana,Karimnagar,Paddy(Dhan)(Common),2060.0,,,
Telangana,Karimnagar,Paddy(Dhan)(Common),2060.0,,,
Telangana,Khammam,Paddy(Dhan)(Common),2060.0,,,
Telangana,Khammam,Paddy(Dhan)(Common),2040.0,,,
Telangana,Khammam,Paddy(Dhan)(Common),2040.0,,,
Telangana,Khammam,Cotton,6500.0,,,
Telangana,Khammam,Arhar (Tur/Red Gram)(Whole),9000.0,,,
Telangana,Khammam,Cotton,6950.0,,,
Telangana,Khammam,Green Gram (Moong)(Whole),6550.0,,,
Telangana,Mahbubnagar,Paddy(Dhan)(Common),2060.0,,,
Telangana,Mahbubnagar,Paddy(Dhan)(Common),2100.0,,,
Telangana,Mahbubnagar,Paddy(Dhan)(Common),2055.0,,,
Telangana,Medak,Paddy(Dhan)(Common),2060.0,,,
Telangana,Medak,Maize,1962.0,,,
Telangana,Medak,Cotton,7000.0,,,
Telangana,Nalgonda,Arhar (Tur/Red Gram)(Whole),6600.0,,,
Telangana,Nalgonda,Cotton,6080.0,,,
Telangana,Nalgonda,Cotton,6080.0,,,
Telangana,Nalgonda,Paddy(Dhan)(Common),2040.0,,,
Telangana,Nalgonda,Paddy(Dhan)(Common),2040.0,,,
Telangana,Nalgonda,Paddy(Dhan)(Common),2060.0,,,
Telangana,Nalgonda,Paddy(Dhan)(Common),2060.0,,,
Telangana,Nalgonda,Paddy(Dhan)(Common),2060.0,,,
Telangana,Nalgonda,Cotton,6380.0,,,
Telangana,Nalgonda,Maize,1930.0,,,
Telangana,Nalgonda,Paddy(Dhan)(Common),2060.0,,,
Telangana,Nalgonda,Paddy(Dhan)(Common),2060.0,,,
Telangana,Nalgonda,Paddy(Dhan)(Common),2060.0,,,
Telangana,Nalgonda,Paddy(Dhan)(Common),2060.0,,,
Telangana,Nalgonda,Paddy(Dhan)(Common),2203.0,,,
Telangana,Nalgonda,Paddy(Dhan)(Common),2060.0,,,
Telangana,Nalgonda,Arhar (Tur/Red Gram)(Whole),8996.0,,,
Telangana,Nalgonda,Green Gram (Moong)(Whole),8011.0,,,
Telangana,Nalgonda,Paddy(Dhan)(Common),2992.0,,,
Telangana,Nalgonda,Paddy(Dhan)(Common),2109.0,,,
Telangana,Nalgonda,Paddy(Dhan)(Common),2089.0,,,
Telangana,Nalgonda,Paddy(Dhan)(Common),2060.0,,,
Telangana,Nalgonda,Paddy(Dhan)(Common),2060.0,,,
Telangana,Nalgonda,Paddy(Dhan)(Common),2060.0,,,
Telangana,Nizamabad,Paddy(Dhan)(Common),2040.0,,,
Telangana,Nizamabad,Paddy(Dhan)(Common),2060.0,,,
Telangana,Nizamabad,Paddy(Dhan)(Common),2040.0,,,
Telangana,Nizamabad,Maize,1962.0,,,
Telangana,Nizamabad,Paddy(Dhan)(Common),2040.0,,,
Telangana,Ranga Reddy,Maize,1962.0,,,
Telangana,Ranga Reddy,Paddy(Dhan)(Common),2060.0,,,
Telangana,Ranga Reddy,Maize,2000.0,,,
Telangana,Ranga Reddy,Arhar (Tur/Red Gram)(Whole),1900.0,,,
Telangana,Ranga Reddy,Arhar (Tur/Red Gram)(Whole),10025.0,,,
Telangana,Warangal,Paddy(Dhan)(Common),206.0,,,
Telangana,Warangal,Arhar (Tur/Red Gram)(Whole),8863.0,,,
Telangana,Warangal,Cotton,6900.0,,,
Telangana,Warangal,Maize,1881.0,,,
Uttar Pradesh,Agra,Arhar (Tur/Red Gram)(Whole),8800.0,,,
Uttar Pradesh,Agra,Arhar Dal(Tur Dal),12900.0,,,
Uttar Pradesh,Agra,Bajra(Pearl Millet/Cumbu),2060.0,,,
Uttar Pradesh,Agra,Barley (Jau),2240.0,,,
Uttar Pradesh,Agra,Bengal Gram Dal (Chana Dal),6500.0,,,
Uttar Pradesh,Agra,Bengal Gram(Gram)(Whole),5550.0,,,
Uttar Pradesh,Agra,Black Gram (Urd Beans)(Whole),8000.0,,,
Uttar Pradesh,Agra,Black Gram Dal (Urd Dal),9540.0,,,
Uttar Pradesh,Agra,Mustard,5480.0,,,
Uttar Pradesh,Agra,Wheat,2270.0,,,
Uttar Pradesh,Agra,Barley (Jau),2230.0,,,
Uttar Pradesh,Agra,Wheat,2250.0,,,
Uttar Pradesh,Agra,Bajra(Pearl Millet/Cumbu),1975.0,,,
Uttar Pradesh,Agra,Mustard,5125.0,,,
Uttar Pradesh,Agra,Wheat,2175.0,,,
Uttar Pradesh,Aligarh,Maize,1700.0,,,
Uttar Pradesh,Aligarh,Wheat,2150.0,,,
Uttar Pradesh,Allahabad,Wheat,2250.0,,,
Uttar Pradesh,Allahabad,Bengal Gram(Gram)(Whole),5350.0,,,
Uttar Pradesh,Allahabad,Mustard,5460.0,,,
Uttar Pradesh,Allahabad,Mustard Oil,12500.0,,,
Uttar Pradesh,Allahabad,Wheat,2390.0,,,
Uttar Pradesh,Ambedkarnagar,Arhar Dal(Tur Dal),12850.0,,,
Uttar Pradesh,Ambedkarnagar,Bengal Gram Dal (Chana Dal),6050.0,,,
Uttar Pradesh,Ambedkarnagar,Bengal Gram(Gram)(Whole),5570.0,,,
Uttar Pradesh,Ambedkarnagar,Lentil (Masur)(Whole),6880.0,,,
Uttar Pradesh,Ambedkarnagar,Mustard,5480.0,,,
Uttar Pradesh,Ambedkarnagar,Mustard Oil,14500.0,,,
Uttar Pradesh,Ambedkarnagar,Wheat,2270.0,,,
Uttar Pradesh,Auraiya,Arhar Dal(Tur Dal),12900.0,,,
Uttar Pradesh,Auraiya,Bajra(Pearl Millet/Cumbu),2350.0,,,
Uttar Pradesh,Auraiya,Bengal Gram(Gram)(Whole),5450.0,,,
Uttar Pradesh,Auraiya,Maize,1750.0,,,
Uttar Pradesh,Auraiya,Mustard,5450.0,,,
Uttar Pradesh,Auraiya,Mustard Oil,12500.0,,,
Uttar Pradesh,Auraiya,Wheat,2250.0,,,
Uttar Pradesh,Auraiya,Arhar (Tur/Red Gram)(Whole),9200.0,,,
Uttar Pradesh,Auraiya,Arhar Dal(Tur Dal),12950.0,,,
Uttar Pradesh,Auraiya,Bengal Gram Dal (Chana Dal),6180.0,,,
Uttar Pradesh,Auraiya,Bengal Gram(Gram)(Whole),5390.0,,,
Uttar Pradesh,Auraiya,Green Gram (Moong)(Whole),7250.0,,,
Uttar Pradesh,Auraiya,Mustard,5270.0,,,
Uttar Pradesh,Auraiya,Mustard Oil,12500.0,,,
Uttar Pradesh,Auraiya,Wheat,2260.0,,,
Uttar Pradesh,Azamgarh,Arhar Dal(Tur Dal),13250.0,,,
Uttar Pradesh,Azamgarh,Barley (Jau),2250.0,,,
Uttar Pradesh,Azamgarh,Bengal Gram Dal (Chana Dal),6415.0,,,
Uttar Pradesh,Azamgarh,Bengal Gram(Gram)(Whole),5725.0,,,
Uttar Pradesh,Azamgarh,Black Gram (Urd Beans)(Whole),8450.0,,,
Uttar Pradesh,Azamgarh,Black Gram Dal (Urd Dal),9525.0,,,
Uttar Pradesh,Azamgarh,Green Gram Dal (Moong Dal),9560.0,,,
Uttar Pradesh,Azamgarh,Lentil (Masur)(Whole),6820.0,,,
Uttar Pradesh,Azamgarh,Wheat,2275.0,,,
Uttar Pradesh,Badaun,Bengal Gram(Gram)(Whole),5845.0,,,
Uttar Pradesh,Badaun,Lentil (Masur)(Whole),6885.0,,,
Uttar Pradesh,Badaun,Maize,1755.0,,,
Uttar Pradesh,Badaun,Wheat,2335.0,,,
Uttar Pradesh,Badaun,Maize,1780.0,,,
Uttar Pradesh,Badaun,Wheat,2270.0,,,
Uttar Pradesh,Badaun,Maize,1725.0,,,
Uttar Pradesh,Badaun,Wheat,2325.0,,,
Uttar Pradesh,Bahraich,Arhar Dal(Tur Dal),13150.0,,,
Uttar Pradesh,Bahraich,Bengal Gram(Gram)(Whole),5620.0,,,
Uttar Pradesh,Bahraich,Black Gram (Urd Beans)(Whole),8725.0,,,
Uttar Pradesh,Bahraich,Green Gram (Moong)(Whole),8470.0,,,
Uttar Pradesh,Bahraich,Lentil (Masur)(Whole),7040.0,,,
Uttar Pradesh,Bahraich,Maize,2020.0,,,
Uttar Pradesh,Bahraich,Mustard,5475.0,,,
Uttar Pradesh,Bahraich,Mustard Oil,14250.0,,,
Uttar Pradesh,Bahraich,Wheat,2295.0,,,
Uttar Pradesh,Bahraich,Arhar Dal(Tur Dal),13150.0,,,
Uttar Pradesh,Bahraich,Bengal Gram Dal (Chana Dal),6100.0,,,
Uttar Pradesh,Bahraich,Bengal Gram(Gram)(Whole),5620.0,,,
Uttar Pradesh,Bahraich,Black Gram (Urd Beans)(Whole),8730.0,,,
Uttar Pradesh,Bahraich,Black Gram Dal (Urd Dal),9500.0,,,
Uttar Pradesh,Bahraich,Lentil (Masur)(Whole),7040.0,,,
Uttar Pradesh,Bahraich,Maize,2020.0,,,
Uttar Pradesh,Bahraich,Mustard Oil,14250.0,,,
Uttar Pradesh,Bahraich,Wheat,2300.0,,,
Uttar Pradesh,Ballia,Barley (Jau),2235.0,,,
Uttar Pradesh,Ballia,Bengal Gram(Gram)(Whole),5710.0,,,
Uttar Pradesh,Ballia,Lentil (Masur)(Whole),6780.0,,,
Uttar Pradesh,Ballia,Mustard,5535.0,,,
Uttar Pradesh,Ballia,Wheat,2290.0,,,
Uttar Pradesh,Ballia,Arhar Dal(Tur Dal),13160.0,,,
Uttar Pradesh,Ballia,Barley (Jau),2230.0,,,
Uttar Pradesh,Ballia,Bengal Gram Dal (Chana Dal),6760.0,,,
Uttar Pradesh,Ballia,Bengal Gram(Gram)(Whole),5720.0,,,
Uttar Pradesh,Ballia,Green Gram (Moong)(Whole),8480.0,,,
Uttar Pradesh,Ballia,Lentil (Masur)(Whole),6760.0,,,
Uttar Pradesh,Ballia,Mustard,5520.0,,,
Uttar Pradesh,Ballia,Wheat,2270.0,,,
Uttar Pradesh,Balrampur,Arhar Dal(Tur Dal),13000.0,,,
Uttar Pradesh,Balrampur,Bengal Gram(Gram)(Whole),5600.0,,,
Uttar Pradesh,Balrampur,Black Gram (Urd Beans)(Whole),8700.0,,,
Uttar Pradesh,Balrampur,Lentil (Masur)(Whole),7000.0,,,
Uttar Pradesh,Balrampur,Maize,2010.0,,,
Uttar Pradesh,Balrampur,Mustard,5500.0,,,
Uttar Pradesh,Balrampur,Arhar Dal(Tur Dal),13000.0,,,
Uttar Pradesh,Balrampur,Bengal Gram(Gram)(Whole),5600.0,,,
Uttar Pradesh,Balrampur,Lentil (Masur)(Whole),7000.0,,,
Uttar Pradesh,Balrampur,Mustard,5485.0,,,
Uttar Pradesh,Balrampur,Paddy(Dhan)(Common),1850.0,,,
Uttar Pradesh,Balrampur,Wheat,2290.0,,,
Uttar Pradesh,Banda,Arhar Dal(Tur Dal),12150.0,,,
Uttar Pradesh,Banda,Bengal Gram(Gram)(Whole),4950.0,,,
Uttar Pradesh,Banda,Black Gram Dal (Urd Dal),8900.0,,,
Uttar Pradesh,Banda,Lentil (Masur)(Whole),5400.0,,,
Uttar Pradesh,Barabanki,Arhar Dal(Tur Dal),13120.0,,,
Uttar Pradesh,Barabanki,Bengal Gram Dal (Chana Dal),6040.0,,,
Uttar Pradesh,Barabanki,Black Gram (Urd Beans)(Whole),8750.0,,,
Uttar Pradesh,Barabanki,Lentil (Masur)(Whole),7000.0,,,
Uttar Pradesh,Barabanki,Wheat,2320.0,,,
Uttar Pradesh,Bareilly,Arhar Dal(Tur Dal),10000.0,,,
Uttar Pradesh,Bareilly,Black Gram Dal (Urd Dal),9280.0,,,
Uttar Pradesh,Bareilly,Mustard,5400.0,,,
Uttar Pradesh,Bareilly,Wheat,2345.0,,,
Uttar Pradesh,Basti,Bengal Gram(Gram)(Whole),5715.0,,,
Uttar Pradesh,Basti,Paddy(Dhan)(Common),1915.0,,,
Uttar Pradesh,Basti,Wheat,2260.0,,,
Uttar Pradesh,Bulandshahar,Maize,2110.0,,,
Uttar Pradesh,Bulandshahar,Mustard,5460.0,,,
Uttar Pradesh,Bulandshahar,Mustard Oil,12100.0,,,
Uttar Pradesh,Bulandshahar,Paddy(Dhan)(Basmati),3001.0,,,
Uttar Pradesh,Bulandshahar,Wheat,2220.0,,,
Uttar Pradesh,Bulandshahar,Bajra(Pearl Millet/Cumbu),1800.0,,,
Uttar Pradesh,Bulandshahar,Barley (Jau),1750.0,,,
Uttar Pradesh,Bulandshahar,Maize,1700.0,,,
Uttar Pradesh,Bulandshahar,Mustard,5500.0,,,
Uttar Pradesh,Bulandshahar,Wheat,2200.0,,,
Uttar Pradesh,Bulandshahar,Arhar Dal(Tur Dal),12800.0,,,
Uttar Pradesh,Bulandshahar,Bengal Gram Dal (Chana Dal),6570.0,,,
Uttar Pradesh,Bulandshahar,Bengal Gram(Gram)(Whole),5800.0,,,
Uttar Pradesh,Bulandshahar,Black Gram Dal (Urd Dal),9565.0,,,
Uttar Pradesh,Bulandshahar,Green Gram Dal (Moong Dal),9570.0,,,
Uttar Pradesh,Bulandshahar,Maize,2101.0,,,
Uttar Pradesh,Bulandshahar,Paddy(Dhan)(Basmati),3351.0,,,
Uttar Pradesh,Bulandshahar,Wheat,2260.0,,,
Uttar Pradesh,Chandauli,Bengal Gram(Gram)(Whole),5750.0,,,
Uttar Pradesh,Chandauli,Mustard,5475.0,,,
Uttar Pradesh,Chandauli,Wheat,2300.0,,,
Uttar Pradesh,Deoria,Arhar Dal(Tur Dal),13250.0,,,
Uttar Pradesh,Deoria,Bengal Gram(Gram)(Whole),5765.0,,,
Uttar Pradesh,Deoria,Mustard,5530.0,,,
Uttar Pradesh,Deoria,Paddy(Dhan)(Common),1910.0,,,
Uttar Pradesh,Deoria,Wheat,2260.0,,,
Uttar Pradesh,Etah,Bajra(Pearl Millet/Cumbu),1920.0,,,
Uttar Pradesh,Etah,Maize,1620.0,,,
Uttar Pradesh,Etah,Bajra(Pearl Millet/Cumbu),2220.0,,,
Uttar Pradesh,Etah,Bengal Gram(Gram)(Whole),5560.0,,,
Uttar Pradesh,Etah,Maize,1850.0,,,
Uttar Pradesh,Etah,Wheat,2260.0,,,
Uttar Pradesh,Etawah,Arhar Dal(Tur Dal),12950.0,,,
Uttar Pradesh,Etawah,Bengal Gram Dal (Chana Dal),6200.0,,,
Uttar Pradesh,Etawah,Bengal Gram(Gram)(Whole),5420.0,,,
Uttar Pradesh,Etawah,Maize,1750.0,,,
Uttar Pradesh,Etawah,Mustard,5450.0,,,
Uttar Pradesh,Etawah,Mustard Oil,12650.0,,,
Uttar Pradesh,Etawah,Wheat,2260.0,,,
Uttar Pradesh,Etawah,Arhar (Tur/Red Gram)(Whole),8800.0,,,
Uttar Pradesh,Etawah,Arhar Dal(Tur Dal),12900.0,,,
Uttar Pradesh,Etawah,Barley (Jau),2190.0,,,
Uttar Pradesh,Etawah,Bengal Gram(Gram)(Whole),5400.0,,,
Uttar Pradesh,Etawah,Green Gram Dal (Moong Dal),8860.0,,,
Uttar Pradesh,Etawah,Mustard,5455.0,,,
Uttar Pradesh,Etawah,Mustard Oil,12600.0,,,
Uttar Pradesh,Etawah,Wheat,2280.0,,,
Uttar Pradesh,Etawah,Maize,1750.0,,,
Uttar Pradesh,Faizabad,Bengal Gram(Gram)(Whole),5670.0,,,
Uttar Pradesh,Faizabad,Lentil (Masur)(Whole),6850.0,,,
Uttar Pradesh,Faizabad,Maize,2050.0,,,
Uttar Pradesh,Faizabad,Mustard,5570.0,,,
Uttar Pradesh,Faizabad,Paddy(Dhan)(Common),1970.0,,,
Uttar Pradesh,Faizabad,Wheat,2270.0,,,
Uttar Pradesh,Farukhabad,Bengal Gram(Gram)(Whole),5450.0,,,
Uttar Pradesh,Farukhabad,Maize,1725.0,,,
Uttar Pradesh,Farukhabad,Mustard,5465.0,,,
Uttar Pradesh,Farukhabad,Wheat,2350.0,,,
Uttar Pradesh,Farukhabad,Maize,1810.0,,,
Uttar Pradesh,Farukhabad,Arhar Dal(Tur Dal),12900.0,,,
Uttar Pradesh,Farukhabad,Bengal Gram Dal (Chana Dal),6175.0,,,
Uttar Pradesh,Farukhabad,Bengal Gram(Gram)(Whole),5420.0,,,
Uttar Pradesh,Farukhabad,Black Gram Dal (Urd Dal),8700.0,,,
Uttar Pradesh,Farukhabad,Green Gram Dal (Moong Dal),8825.0,,,
Uttar Pradesh,Farukhabad,Maize,1750.0,,,
Uttar Pradesh,Farukhabad,Mustard,5450.0,,,
Uttar Pradesh,Farukhabad,Mustard Oil,12450.0,,,
Uttar Pradesh,Farukhabad,Wheat,2270.0,,,
Uttar Pradesh,Fatehpur,Arhar (Tur/Red Gram)(Whole),8900.0,,,
Uttar Pradesh,Fatehpur,Arhar Dal(Tur Dal),12960.0,,,
Uttar Pradesh,Fatehpur,Bengal Gram(Gram)(Whole),5380.0,,,
Uttar Pradesh,Fatehpur,Green Gram (Moong)(Whole),7400.0,,,
Uttar Pradesh,Fatehpur,Green Gram Dal (Moong Dal),8840.0,,,
Uttar Pradesh,Fatehpur,Mustard,5450.0,,,
Uttar Pradesh,Fatehpur,Mustard Oil,12400.0,,,
Uttar Pradesh,Fatehpur,Paddy(Dhan)(Common),2140.0,,,
Uttar Pradesh,Fatehpur,Wheat,2250.0,,,
Uttar Pradesh,Fatehpur,Arhar Dal(Tur Dal),12950.0,,,
Uttar Pradesh,Fatehpur,Bengal Gram Dal (Chana Dal),6060.0,,,
Uttar Pradesh,Fatehpur,Bengal Gram(Gram)(Whole),5350.0,,,
Uttar Pradesh,Fatehpur,Black Gram Dal (Urd Dal),8660.0,,,
Uttar Pradesh,Fatehpur,Green Gram Dal (Moong Dal),8865.0,,,
Uttar Pradesh,Fatehpur,Lentil (Masur)(Whole),6360.0,,,
Uttar Pradesh,Fatehpur,Mustard,5460.0,,,
Uttar Pradesh,Fatehpur,Mustard Oil,12500.0,,,
Uttar Pradesh,Fatehpur,Wheat,2255.0,,,
Uttar Pradesh,Fatehpur,Green Gram (Moong)(Whole),7500.0,,,
Uttar Pradesh,Fatehpur,Mustard,5200.0,,,
Uttar Pradesh,Fatehpur,Wheat,2240.0,,,
Uttar Pradesh,Firozabad,Maize,1600.0,,,
Uttar Pradesh,Firozabad,Bajra(Pearl Millet/Cumbu),1875.0,,,
Uttar Pradesh,Firozabad,Maize,2030.0,,,
Uttar Pradesh,Firozabad,Wheat,2275.0,,,
Uttar Pradesh,Ghaziabad,Arhar Dal(Tur Dal),12720.0,,,
Uttar Pradesh,Ghaziabad,Bengal Gram(Gram)(Whole),5770.0,,,
Uttar Pradesh,Ghaziabad,Black Gram Dal (Urd Dal),9560.0,,,
Uttar Pradesh,Ghaziabad,Maize,2120.0,,,
Uttar Pradesh,Ghaziabad,Mustard,5470.0,,,
Uttar Pradesh,Ghaziabad,Mustard Oil,12000.0,,,
Uttar Pradesh,Ghaziabad,Paddy(Dhan)(Basmati),3100.0,,,
Uttar Pradesh,Ghaziabad,Wheat,2275.0,,,
Uttar Pradesh,Ghazipur,Arhar Dal(Tur Dal),13000.0,,,
Uttar Pradesh,Ghazipur,Barley (Jau),2180.0,,,
Uttar Pradesh,Ghazipur,Bengal Gram Dal (Chana Dal),6400.0,,,
Uttar Pradesh,Ghazipur,Bengal Gram(Gram)(Whole),5710.0,,,
Uttar Pradesh,Ghazipur,Black Gram Dal (Urd Dal),9500.0,,,
Uttar Pradesh,Ghazipur,Lentil (Masur)(Whole),6810.0,,,
Uttar Pradesh,Ghazipur,Mustard,5470.0,,,
Uttar Pradesh,Ghazipur,Mustard Oil,13150.0,,,
Uttar Pradesh,Ghazipur,Wheat,2280.0,,,
Uttar Pradesh,Gonda,Arhar Dal(Tur Dal),13100.0,,,
Uttar Pradesh,Gonda,Bengal Gram(Gram)(Whole),5600.0,,,
Uttar Pradesh,Gonda,Black Gram (Urd Beans)(Whole),8700.0,,,
Uttar Pradesh,Gonda,Black Gram Dal (Urd Dal),9500.0,,,
Uttar Pradesh,Gonda,Green Gram Dal (Moong Dal),9620.0,,,
Uttar Pradesh,Gonda,Lentil (Masur)(Whole),7025.0,,,
Uttar Pradesh,Gonda,Maize,2000.0,,,
Uttar Pradesh,Gonda,Mustard,5485.0,,,
Uttar Pradesh,Gonda,Paddy(Dhan)(Common),1830.0,,,
Uttar Pradesh,Gonda,Wheat,2285.0,,,
Uttar Pradesh,Gorakhpur,Arhar Dal(Tur Dal),13200.0,,,
Uttar Pradesh,Gorakhpur,Bengal Gram(Gram)(Whole),5725.0,,,
Uttar Pradesh,Gorakhpur,Wheat,2260.0,,,
Uttar Pradesh,Hamirpur,Arhar Dal(Tur Dal),11875.0,,,
Uttar Pradesh,Hamirpur,Bengal Gram(Gram)(Whole),4400.0,,,
Uttar Pradesh,Hamirpur,Black Gram Dal (Urd Dal),8970.0,,,
Uttar Pradesh,Hamirpur,Lentil (Masur)(Whole),5500.0,,,
Uttar Pradesh,Hamirpur,Mustard,5025.0,,,
Uttar Pradesh,Hamirpur,Mustard Oil,13500.0,,,
Uttar Pradesh,Hamirpur,Bengal Gram(Gram)(Whole),5025.0,,,
Uttar Pradesh,Hamirpur,Lentil (Masur)(Whole),5530.0,,,
Uttar Pradesh,Hamirpur,Mustard,5225.0,,,
Uttar Pradesh,Hamirpur,Wheat,2225.0,,,
Uttar Pradesh,Hamirpur,Mustard,5310.0,,,
Uttar Pradesh,Hamirpur,Wheat,2150.0,,,
Uttar Pradesh,Hamirpur,Arhar (Tur/Red Gram)(Whole),8500.0,,,
Uttar Pradesh,Hamirpur,Arhar Dal(Tur Dal),11850.0,,,
Uttar Pradesh,Hamirpur,Barley (Jau),1700.0,,,
Uttar Pradesh,Hamirpur,Bengal Gram(Gram)(Whole),5150.0,,,
Uttar Pradesh,Hamirpur,Black Gram Dal (Urd Dal),8900.0,,,
Uttar Pradesh,Hamirpur,Lentil (Masur)(Whole),5500.0,,,
Uttar Pradesh,Hamirpur,Mustard,5100.0,,,
Uttar Pradesh,Hamirpur,Mustard Oil,13460.0,,,
Uttar Pradesh,Hamirpur,Wheat,2230.0,,,
Uttar Pradesh,Hardoi,Bengal Gram(Gram)(Whole),5635.0,,,
Uttar Pradesh,Hardoi,Black Gram (Urd Beans)(Whole),7930.0,,,
Uttar Pradesh,Hardoi,Maize,2020.0,,,
Uttar Pradesh,Hardoi,Wheat,2275.0,,,
Uttar Pradesh,Hardoi,Bengal Gram(Gram)(Whole),5640.0,,,
Uttar Pradesh,Hardoi,Lentil (Masur)(Whole),6800.0,,,
Uttar Pradesh,Hardoi,Maize,2035.0,,,
Uttar Pradesh,Hardoi,Mustard,5470.0,,,
Uttar Pradesh,Hardoi,Paddy(Dhan)(Common),2050.0,,,
Uttar Pradesh,Hardoi,Wheat,2270.0,,,
Uttar Pradesh,Hardoi,Wheat,2050.0,,,
Uttar Pradesh,Hardoi,Arhar Dal(Tur Dal),12650.0,,,
Uttar Pradesh,Hardoi,Bengal Gram(Gram)(Whole),5630.0,,,
Uttar Pradesh,Hardoi,Maize,2030.0,,,
Uttar Pradesh,Hardoi,Paddy(Dhan)(Common),2040.0,,,
Uttar Pradesh,Hardoi,Wheat,2260.0,,,
Uttar Pradesh,Hathras,Bajra(Pearl Millet/Cumbu),2105.0,,,
Uttar Pradesh,Hathras,Maize,1960.0,,,
Uttar Pradesh,Hathras,Mustard,5450.0,,,
Uttar Pradesh,Hathras,Wheat,2225.0,,,
Uttar Pradesh,Jalaun (Orai),Lentil (Masur)(Whole),5400.0,,,
Uttar Pradesh,Jalaun (Orai),Wheat,2160.0,,,
Uttar Pradesh,Jalaun (Orai),Wheat,2250.0,,,
Uttar Pradesh,Jalaun (Orai),Wheat,2190.0,,,
Uttar Pradesh,Jaunpur,Arhar Dal(Tur Dal),13150.0,,,
Uttar Pradesh,Jaunpur,Black Gram Dal (Urd Dal),9550.0,,,
Uttar Pradesh,Jaunpur,Green Gram Dal (Moong Dal),9550.0,,,
Uttar Pradesh,Jaunpur,Wheat,2325.0,,,
Uttar Pradesh,Jaunpur,Bengal Gram Dal (Chana Dal),6400.0,,,
Uttar Pradesh,Jaunpur,Bengal Gram(Gram)(Whole),5730.0,,,
Uttar Pradesh,Jaunpur,Lentil (Masur)(Whole),6785.0,,,
Uttar Pradesh,Jaunpur,Mustard,5540.0,,,
Uttar Pradesh,Jaunpur,Wheat,2310.0,,,
Uttar Pradesh,Jaunpur,Bengal Gram(Gram)(Whole),5700.0,,,
Uttar Pradesh,Jaunpur,Black Gram (Urd Beans)(Whole),8450.0,,,
Uttar Pradesh,Jaunpur,Mustard,5550.0,,,
Uttar Pradesh,Jaunpur,Wheat,2280.0,,,
Uttar Pradesh,Jhansi,Bengal Gram(Gram)(Whole),5350.0,,,
Uttar Pradesh,Jhansi,Wheat,2320.0,,,
Uttar Pradesh,Jhansi,Bengal Gram(Gram)(Whole),5350.0,,,
Uttar Pradesh,Jhansi,Lentil (Masur)(Whole),5500.0,,,
Uttar Pradesh,Jhansi,Bengal Gram(Gram)(Whole),5500.0,,,
Uttar Pradesh,Jhansi,Wheat,2300.0,,,
Uttar Pradesh,Kannuj,Maize,1750.0,,,
Uttar Pradesh,Kannuj,Wheat,2225.0,,,
Uttar Pradesh,Kanpur,Arhar (Tur/Red Gram)(Whole),8850.0,,,
Uttar Pradesh,Kanpur,Barley (Jau),2145.0,,,
Uttar Pradesh,Kanpur,Bengal Gram(Gram)(Whole),5335.0,,,
Uttar Pradesh,Kanpur,Green Gram (Moong)(Whole),7625.0,,,
Uttar Pradesh,Kanpur,Maize,1800.0,,,
Uttar Pradesh,Kanpur,Mustard,5385.0,,,
Uttar Pradesh,Kanpur,Wheat,2330.0,,,
Uttar Pradesh,Kanpur,Arhar (Tur/Red Gram)(Whole),8850.0,,,
Uttar Pradesh,Kanpur,Arhar Dal(Tur Dal),12900.0,,,
Uttar Pradesh,Kanpur,Barley (Jau),2165.0,,,
Uttar Pradesh,Kanpur,Bengal Gram Dal (Chana Dal),6250.0,,,
Uttar Pradesh,Kanpur,Bengal Gram(Gram)(Whole),5365.0,,,
Uttar Pradesh,Kanpur,Maize,1875.0,,,
Uttar Pradesh,Kanpur,Mustard,5475.0,,,
Uttar Pradesh,Kanpur,Wheat,2285.0,,,
Uttar Pradesh,Kanpur,Arhar (Tur/Red Gram)(Whole),8800.0,,,
Uttar Pradesh,Kanpur,Bajra(Pearl Millet/Cumbu),1900.0,,,
Uttar Pradesh,Kanpur,Barley (Jau),2050.0,,,
Uttar Pradesh,Kanpur,Bengal Gram(Gram)(Whole),5200.0,,,
Uttar Pradesh,Kanpur,Black Gram (Urd Beans)(Whole),7550.0,,,
Uttar Pradesh,Kanpur,Green Gram (Moong)(Whole),7530.0,,,
Uttar Pradesh,Kanpur,Jowar(Sorghum),2720.0,,,
Uttar Pradesh,Kanpur,Lentil (Masur)(Whole),6150.0,,,
Uttar Pradesh,Kanpur,Maize,1925.0,,,
Uttar Pradesh,Kanpur,Mustard,5380.0,,,
Uttar Pradesh,Kanpur,Wheat,2325.0,,,
Uttar Pradesh,Kanpur,Arhar (Tur/Red Gram)(Whole),8700.0,,,
Uttar Pradesh,Kanpur,Barley (Jau),2155.0,,,
Uttar Pradesh,Kanpur,Bengal Gram(Gram)(Whole),5350.0,,,
Uttar Pradesh,Kanpur,Maize,1800.0,,,
Uttar Pradesh,Kanpur,Mustard,5450.0,,,
Uttar Pradesh,Kanpur,Wheat,2270.0,,,
Uttar Pradesh,Khiri (Lakhimpur),Mustard Oil,14400.0,,,
Uttar Pradesh,Khiri (Lakhimpur),Paddy(Dhan)(Common),1950.0,,,
Uttar Pradesh,Khiri (Lakhimpur),Wheat,2250.0,,,
Uttar Pradesh,Khiri (Lakhimpur),Arhar Dal(Tur Dal),12650.0,,,
Uttar Pradesh,Khiri (Lakhimpur),Black Gram Dal (Urd Dal),9020.0,,,
Uttar Pradesh,Khiri (Lakhimpur),Mustard Oil,14520.0,,,
Uttar Pradesh,Khiri (Lakhimpur),Paddy(Dhan)(Common),2000.0,,,
Uttar Pradesh,Khiri (Lakhimpur),Wheat,2275.0,,,
Uttar Pradesh,Khiri (Lakhimpur),Wheat,2250.0,,,
Uttar Pradesh,Lakhimpur,Arhar Dal(Tur Dal),12650.0,,,
Uttar Pradesh,Lakhimpur,Bengal Gram(Gram)(Whole),5650.0,,,
Uttar Pradesh,Lakhimpur,Lentil (Masur)(Whole),6820.0,,,
Uttar Pradesh,Lakhimpur,Paddy(Dhan)(Common),1990.0,,,
Uttar Pradesh,Lakhimpur,Wheat,2280.0,,,
Uttar Pradesh,Lakhimpur,Bengal Gram(Gram)(Whole),5640.0,,,
Uttar Pradesh,Lakhimpur,Lentil (Masur)(Whole),6840.0,,,
Uttar Pradesh,Lakhimpur,Maize,2025.0,,,
Uttar Pradesh,Lakhimpur,Mustard,5545.0,,,
Uttar Pradesh,Lakhimpur,Paddy(Dhan)(Common),1980.0,,,
Uttar Pradesh,Lakhimpur,Wheat,2270.0,,,
Uttar Pradesh,Lakhimpur,Wheat,2200.0,,,
Uttar Pradesh,Lalitpur,Barley (Jau),1670.0,,,
Uttar Pradesh,Lalitpur,Bengal Gram(Gram)(Whole),4800.0,,,
Uttar Pradesh,Lalitpur,Black Gram (Urd Beans)(Whole),6310.0,,,
Uttar Pradesh,Lalitpur,Barley (Jau),2000.0,,,
Uttar Pradesh,Lalitpur,Bengal Gram(Gram)(Whole),5400.0,,,
Uttar Pradesh,Lalitpur,Lentil (Masur)(Whole),6100.0,,,
Uttar Pradesh,Lalitpur,Wheat,2200.0,,,
Uttar Pradesh,Lucknow,Arhar Dal(Tur Dal),12700.0,,,
Uttar Pradesh,Lucknow,Bengal Gram Dal (Chana Dal),6200.0,,,
Uttar Pradesh,Lucknow,Bengal Gram(Gram)(Whole),5680.0,,,
Uttar Pradesh,Lucknow,Black Gram (Urd Beans)(Whole),7900.0,,,
Uttar Pradesh,Lucknow,Black Gram Dal (Urd Dal),9050.0,,,
Uttar Pradesh,Lucknow,Green Gram (Moong)(Whole),8060.0,,,
Uttar Pradesh,Lucknow,Mustard,5500.0,,,
Uttar Pradesh,Lucknow,Wheat,2320.0,,,
Uttar Pradesh,Maharajganj,Bengal Gram(Gram)(Whole),5735.0,,,
Uttar Pradesh,Maharajganj,Paddy(Dhan)(Common),1910.0,,,
Uttar Pradesh,Maharajganj,Wheat,2240.0,,,
Uttar Pradesh,Maharajganj,Paddy(Dhan)(Common),2450.0,,,
Uttar Pradesh,Maharajganj,Wheat,2200.0,,,
Uttar Pradesh,Mainpuri,Maize,1750.0,,,
Uttar Pradesh,Mainpuri,Wheat,2210.0,,,
Uttar Pradesh,Mainpuri,Arhar (Tur/Red Gram)(Whole),8630.0,,,
Uttar Pradesh,Mainpuri,Arhar Dal(Tur Dal),12750.0,,,
Uttar Pradesh,Mainpuri,Bengal Gram(Gram)(Whole),5560.0,,,
Uttar Pradesh,Mainpuri,Maize,1990.0,,,
Uttar Pradesh,Mainpuri,Wheat,2210.0,,,
Uttar Pradesh,Mainpuri,Arhar (Tur/Red Gram)(Whole),8720.0,,,
Uttar Pradesh,Mainpuri,Arhar Dal(Tur Dal),12700.0,,,
Uttar Pradesh,Mainpuri,Bengal Gram(Gram)(Whole),5560.0,,,
Uttar Pradesh,Mainpuri,Black Gram Dal (Urd Dal),9555.0,,,
Uttar Pradesh,Mainpuri,Maize,1870.0,,,
Uttar Pradesh,Mainpuri,Mustard,5460.0,,,
Uttar Pradesh,Mainpuri,Wheat,2200.0,,,
Uttar Pradesh,Mathura,Arhar (Tur/Red Gram)(Whole),8720.0,,,
Uttar Pradesh,Mathura,Arhar Dal(Tur Dal),12800.0,,,
Uttar Pradesh,Mathura,Bajra(Pearl Millet/Cumbu),1940.0,,,
Uttar Pradesh,Mathura,Barley (Jau),2110.0,,,
Uttar Pradesh,Mathura,Bengal Gram(Gram)(Whole),5580.0,,,
Uttar Pradesh,Mathura,Black Gram (Urd Beans)(Whole),7820.0,,,
Uttar Pradesh,Mathura,Black Gram Dal (Urd Dal),9600.0,,,
Uttar Pradesh,Mathura,Green Gram (Moong)(Whole),7850.0,,,
Uttar Pradesh,Mathura,Mustard,5520.0,,,
Uttar Pradesh,Mathura,Wheat,2250.0,,,
Uttar Pradesh,Mirzapur,Arhar Dal(Tur Dal),13160.0,,,
Uttar Pradesh,Mirzapur,Bengal Gram Dal (Chana Dal),6360.0,,,
Uttar Pradesh,Mirzapur,Bengal Gram(Gram)(Whole),5700.0,,,
Uttar Pradesh,Mirzapur,Mustard,5530.0,,,
Uttar Pradesh,Mirzapur,Mustard Oil,13160.0,,,
Uttar Pradesh,Mirzapur,Wheat,2310.0,,,
Uttar Pradesh,Mirzapur,Arhar (Tur/Red Gram)(Whole),7485.0,,,
Uttar Pradesh,Mirzapur,Arhar Dal(Tur Dal),13150.0,,,
Uttar Pradesh,Mirzapur,Bengal Gram Dal (Chana Dal),6315.0,,,
Uttar Pradesh,Mirzapur,Bengal Gram(Gram)(Whole),5665.0,,,
Uttar Pradesh,Mirzapur,Black Gram Dal (Urd Dal),9465.0,,,
Uttar Pradesh,Mirzapur,Lentil (Masur)(Whole),6525.0,,,
Uttar Pradesh,Mirzapur,Mustard,5535.0,,,
Uttar Pradesh,Mirzapur,Mustard Oil,13175.0,,,
Uttar Pradesh,Mirzapur,Wheat,2300.0,,,
Uttar Pradesh,Muzaffarnagar,Wheat,2100.0,,,
Uttar Pradesh,Muzaffarnagar,Arhar Dal(Tur Dal),12750.0,,,
Uttar Pradesh,Muzaffarnagar,Barley (Jau),2245.0,,,
Uttar Pradesh,Muzaffarnagar,Bengal Gram Dal (Chana Dal),6575.0,,,
Uttar Pradesh,Muzaffarnagar,Bengal Gram(Gram)(Whole),5785.0,,,
Uttar Pradesh,Muzaffarnagar,Black Gram Dal (Urd Dal),9560.0,,,
Uttar Pradesh,Muzaffarnagar,Green Gram Dal (Moong Dal),9560.0,,,
Uttar Pradesh,Muzaffarnagar,Mustard,5475.0,,,
Uttar Pradesh,Muzaffarnagar,Mustard Oil,12200.0,,,
Uttar Pradesh,Muzaffarnagar,Wheat,2260.0,,,
Uttar Pradesh,Muzaffarnagar,Arhar Dal(Tur Dal),12700.0,,,
Uttar Pradesh,Muzaffarnagar,Barley (Jau),2245.0,,,
Uttar Pradesh,Muzaffarnagar,Bengal Gram Dal (Chana Dal),6580.0,,,
Uttar Pradesh,Muzaffarnagar,Bengal Gram(Gram)(Whole),5815.0,,,
Uttar Pradesh,Muzaffarnagar,Black Gram Dal (Urd Dal),9560.0,,,
Uttar Pradesh,Muzaffarnagar,Green Gram Dal (Moong Dal),9550.0,,,
Uttar Pradesh,Muzaffarnagar,Maize,2130.0,,,
Uttar Pradesh,Muzaffarnagar,Mustard,5475.0,,,
Uttar Pradesh,Muzaffarnagar,Mustard Oil,12150.0,,,
Uttar Pradesh,Muzaffarnagar,Wheat,2270.0,,,
Uttar Pradesh,Padrauna(Kusinagar),Arhar Dal(Tur Dal),13260.0,,,
Uttar Pradesh,Padrauna(Kusinagar),Wheat,2260.0,,,
Uttar Pradesh,Pillibhit,Bengal Gram(Gram)(Whole),5860.0,,,
Uttar Pradesh,Pillibhit,Mustard Oil,14790.0,,,
Uttar Pradesh,Pillibhit,Wheat,2390.0,,,
Uttar Pradesh,Pillibhit,Bengal Gram(Gram)(Whole),5855.0,,,
Uttar Pradesh,Pillibhit,Wheat,2385.0,,,
Uttar Pradesh,Pratapgarh,Arhar Dal(Tur Dal),13100.0,,,
Uttar Pradesh,Pratapgarh,Bengal Gram Dal (Chana Dal),6120.0,,,
Uttar Pradesh,Pratapgarh,Bengal Gram(Gram)(Whole),5600.0,,,
Uttar Pradesh,Pratapgarh,Mustard Oil,14400.0,,,
Uttar Pradesh,Pratapgarh,Wheat,2290.0,,,
Uttar Pradesh,Raebarelli,Arhar Dal(Tur Dal),12400.0,,,
Uttar Pradesh,Raebarelli,Bengal Gram Dal (Chana Dal),5875.0,,,
Uttar Pradesh,Raebarelli,Paddy(Dhan)(Common),2260.0,,,
Uttar Pradesh,Raebarelli,Wheat,2200.0,,,
Uttar Pradesh,Raebarelli,Arhar Dal(Tur Dal),12625.0,,,
Uttar Pradesh,Raebarelli,Barley (Jau),2240.0,,,
Uttar Pradesh,Raebarelli,Bengal Gram(Gram)(Whole),5480.0,,,
Uttar Pradesh,Raebarelli,Black Gram (Urd Beans)(Whole),7930.0,,,
Uttar Pradesh,Raebarelli,Mustard,5450.0,,,
Uttar Pradesh,Raebarelli,Mustard Oil,14600.0,,,
Uttar Pradesh,Raebarelli,Paddy(Dhan)(Common),2090.0,,,
Uttar Pradesh,Raebarelli,Wheat,2200.0,,,
Uttar Pradesh,Raebarelli,Paddy(Dhan)(Common),1985.0,,,
Uttar Pradesh,Raebarelli,Wheat,2220.0,,,
Uttar Pradesh,Rampur,Bengal Gram(Gram)(Whole),5850.0,,,
Uttar Pradesh,Rampur,Lentil (Masur)(Whole),6850.0,,,
Uttar Pradesh,Rampur,Wheat,2350.0,,,
Uttar Pradesh,Saharanpur,Arhar Dal(Tur Dal),12700.0,,,
Uttar Pradesh,Saharanpur,Barley (Jau),2240.0,,,
Uttar Pradesh,Saharanpur,Bengal Gram Dal (Chana Dal),6575.0,,,
Uttar Pradesh,Saharanpur,Bengal Gram(Gram)(Whole),5780.0,,,
Uttar Pradesh,Saharanpur,Black Gram Dal (Urd Dal),9560.0,,,
Uttar Pradesh,Saharanpur,Green Gram (Moong)(Whole),8620.0,,,
Uttar Pradesh,Saharanpur,Green Gram Dal (Moong Dal),9560.0,,,
Uttar Pradesh,Saharanpur,Lentil (Masur)(Whole),6550.0,,,
Uttar Pradesh,Saharanpur,Maize,2125.0,,,
Uttar Pradesh,Saharanpur,Mustard,5475.0,,,
Uttar Pradesh,Saharanpur,Mustard Oil,12200.0,,,
Uttar Pradesh,Saharanpur,Wheat,2260.0,,,
Uttar Pradesh,Shahjahanpur,Wheat,2340.0,,,
Uttar Pradesh,Shahjahanpur,Wheat,2340.0,,,
Uttar Pradesh,Shahjahanpur,Arhar Dal(Tur Dal),9530.0,,,
Uttar Pradesh,Shahjahanpur,Wheat,2335.0,,,
Uttar Pradesh,Siddharth Nagar,Bengal Gram(Gram)(Whole),5740.0,,,
Uttar Pradesh,Siddharth Nagar,Mustard,5550.0,,,
Uttar Pradesh,Siddharth Nagar,Paddy(Dhan)(Common),2040.0,,,
Uttar Pradesh,Siddharth Nagar,Arhar Dal(Tur Dal),11300.0,,,
Uttar Pradesh,Siddharth Nagar,Paddy(Dhan)(Common),2040.0,,,
Uttar Pradesh,Sitapur,Wheat,2210.0,,,
Uttar Pradesh,Sitapur,Arhar Dal(Tur Dal),12400.0,,,
Uttar Pradesh,Sitapur,Bengal Gram(Gram)(Whole),5640.0,,,
Uttar Pradesh,Sitapur,Black Gram Dal (Urd Dal),9000.0,,,
Uttar Pradesh,Sitapur,Lentil (Masur)(Whole),6820.0,,,
Uttar Pradesh,Sitapur,Mustard,5450.0,,,
Uttar Pradesh,Sitapur,Paddy(Dhan)(Common),2000.0,,,
Uttar Pradesh,Sitapur,Wheat,2280.0,,,
Uttar Pradesh,Sitapur,Arhar Dal(Tur Dal),12425.0,,,
Uttar Pradesh,Sitapur,Black Gram Dal (Urd Dal),9050.0,,,
Uttar Pradesh,Sitapur,Mustard Oil,14525.0,,,
Uttar Pradesh,Sitapur,Paddy(Dhan)(Common),1975.0,,,
Uttar Pradesh,Sitapur,Wheat,2240.0,,,
Uttar Pradesh,Sultanpur,Bengal Gram(Gram)(Whole),5580.0,,,
Uttar Pradesh,Sultanpur,Lentil (Masur)(Whole),6990.0,,,
Uttar Pradesh,Sultanpur,Mustard,5480.0,,,
Uttar Pradesh,Sultanpur,Paddy(Dhan)(Common),1900.0,,,
Uttar Pradesh,Sultanpur,Wheat,2260.0,,,
Uttar Pradesh,Sultanpur,Bengal Gram(Gram)(Whole),5575.0,,,
Uttar Pradesh,Sultanpur,Black Gram (Urd Beans)(Whole),8555.0,,,
Uttar Pradesh,Sultanpur,Green Gram (Moong)(Whole),8545.0,,,
Uttar Pradesh,Sultanpur,Lentil (Masur)(Whole),6980.0,,,
Uttar Pradesh,Sultanpur,Mustard,5475.0,,,
Uttar Pradesh,Sultanpur,Paddy(Dhan)(Common),1920.0,,,
Uttar Pradesh,Sultanpur,Wheat,2265.0,,,
Uttar Pradesh,Unnao,Bengal Gram(Gram)(Whole),5640.0,,,
Uttar Pradesh,Unnao,Maize,2000.0,,,
Uttar Pradesh,Unnao,Wheat,2260.0,,,
Uttar Pradesh,Unnao,Wheat,2285.0,,,
Uttar Pradesh,Varanasi,Arhar Dal(Tur Dal),13200.0,,,
Uttar Pradesh,Varanasi,Barley (Jau),2175.0,,,
Uttar Pradesh,Varanasi,Bengal Gram Dal (Chana Dal),6300.0,,,
Uttar Pradesh,Varanasi,Bengal Gram(Gram)(Whole),5680.0,,,
Uttar Pradesh,Varanasi,Black Gram (Urd Beans)(Whole),8550.0,,,
Uttar Pradesh,Varanasi,Black Gram Dal (Urd Dal),9450.0,,,
Uttar Pradesh,Varanasi,Green Gram Dal (Moong Dal),9500.0,,,
Uttar Pradesh,Varanasi,Lentil (Masur)(Whole),6775.0,,,
Uttar Pradesh,Varanasi,Maize,2130.0,,,
Uttar Pradesh,Varanasi,Mustard,5500.0,,,
Uttar Pradesh,Varanasi,Wheat,2300.0,,,
Uttrakhand,UdhamSinghNagar,Paddy(Dhan)(Common),1750.0,,,
Uttrakhand,UdhamSinghNagar,Wheat,2150.0,,,
West Bengal,Bankura,Mustard,5600.0,,,
West Bengal,Bankura,Paddy(Dhan)(Common),2183.0,,,
West Bengal,Bankura,Mustard,5600.0,,,
West Bengal,Bankura,Wheat,2800.0,,,
West Bengal,Bankura,Paddy(Dhan)(Common),2183.0,,,
West Bengal,Bankura,Mustard,5650.0,,,
West Bengal,Bankura,Paddy(Dhan)(Common),2050.0,,,
West Bengal,Bankura,Wheat,2800.0,,,
West Bengal,Birbhum,Mustard Oil,1830.0,,,
West Bengal,Birbhum,Paddy(Dhan)(Common),1930.0,,,
West Bengal,Birbhum,Wheat,2860.0,,,
West Bengal,Birbhum,Paddy(Dhan)(Common),1930.0,,,
West Bengal,Birbhum,Wheat,2850.0,,,
West Bengal,Birbhum,Mustard,5800.0,,,
West Bengal,Birbhum,Paddy(Dhan)(Common),1960.0,,,
West Bengal,Birbhum,Paddy(Dhan)(Common),2060.0,,,
West Bengal,Birbhum,Wheat,2600.0,,,
West Bengal,Birbhum,Arhar Dal(Tur Dal),14800.0,,,
West Bengal,Birbhum,Black Gram Dal (Urd Dal),10800.0,,,
West Bengal,Birbhum,Mustard Oil,12300.0,,,
West Bengal,Birbhum,Paddy(Dhan)(Common),2150.0,,,
West Bengal,Birbhum,Paddy(Dhan)(Common),2200.0,,,
West Bengal,Birbhum,Wheat,2600.0,,,
West Bengal,Burdwan,Arhar (Tur/Red Gram)(Whole),7500.0,,,
West Bengal,Burdwan,Black Gram Dal (Urd Dal),8900.0,,,
West Bengal,Burdwan,Green Gram Dal (Moong Dal),10600.0,,,
West Bengal,Burdwan,Lentil (Masur)(Whole),9600.0,,,
West Bengal,Burdwan,Mustard,5900.0,,,
West Bengal,Burdwan,Wheat,2800.0,,,
West Bengal,Burdwan,Lentil (Masur)(Whole),9650.0,,,
West Bengal,Burdwan,Mustard,5900.0,,,
West Bengal,Burdwan,Mustard Oil,12000.0,,,
West Bengal,Burdwan,Wheat,2850.0,,,
West Bengal,Burdwan,Wheat,2700.0,,,
West Bengal,Burdwan,Mustard,5500.0,,,
West Bengal,Burdwan,Paddy(Dhan)(Common),2183.0,,,
West Bengal,Burdwan,Paddy(Dhan)(Common),2203.0,,,
West Bengal,Burdwan,Mustard,5500.0,,,
West Bengal,Burdwan,Mustard Oil,13500.0,,,
West Bengal,Burdwan,Paddy(Dhan)(Common),2183.0,,,
West Bengal,Burdwan,Paddy(Dhan)(Common),2203.0,,,
West Bengal,Hooghly,Paddy(Dhan)(Common),2183.0,,,
West Bengal,Hooghly,Paddy(Dhan)(Common),2200.0,,,
West Bengal,Howrah,Arhar Dal(Tur Dal),13500.0,,,
West Bengal,Howrah,Bengal Gram Dal (Chana Dal),7500.0,,,
West Bengal,Howrah,Green Gram Dal (Moong Dal),11000.0,,,
West Bengal,Malda,Green Gram Dal (Moong Dal),10000.0,,,
West Bengal,Malda,Lentil (Masur)(Whole),9600.0,,,
West Bengal,Medinipur(W),Paddy(Dhan)(Common),2040.0,,,
West Bengal,Medinipur(W),Mustard,5700.0,,,
West Bengal,Medinipur(W),Paddy(Dhan)(Common),2100.0,,,
West Bengal,Medinipur(W),Arhar Dal(Tur Dal),12700.0,,,
West Bengal,Medinipur(W),Bengal Gram(Gram)(Whole),6100.0,,,
West Bengal,Medinipur(W),Black Gram Dal (Urd Dal),9600.0,,,
West Bengal,Murshidabad,Mustard,5500.0,,,
West Bengal,Nadia,Mustard,5700.0,,,
West Bengal,Puruliya,Lentil (Masur)(Whole),9500.0,,,
West Bengal,Puruliya,Mustard Oil,15570.0,,,
West Bengal,Puruliya,Mustard Oil,12400.0,,,
West Bengal,Puruliya,Mustard Oil,12460.0,,,
West Bengal,Uttar Dinajpur,Wheat,2350.0,,,
West Bengal,Uttar Dinajpur,Wheat,2350.0,,,
Bihar,Madhubani,Wheat,24000.0,,,
Rajasthan,Hanumangarh,Barley (Jau),1617.0,,,
Rajasthan,Hanumangarh,Mustard,5148.0,,,
Rajasthan,Hanumangarh,Wheat,2225.0,,,
Telangana,Medak,Paddy(Dhan)(Common),2060.0,,,
