state,district,crop,modal_price,min_price,max_price,date,month,day_of_week,price_lag_1,price_lag_7,price_lag_30,rolling_mean_7,rolling_std_7,price_direction
Rajasthan,Chittorgarh,Wheat,2250.0,,,2016-12-18 00:09:21.221315,12,6,2250.0,2250.0,2250.0,2250.0,0.0,0
Andhra Pradesh,East Godavari,Paddy(Dhan)(Common),2050.0,,,2016-12-19 00:09:21.221315,12,0,2050.0,2050.0,2050.0,2050.0,0.0,0
Andhra Pradesh,East Godavari,Paddy(Dhan)(Common),2040.0,,,2016-12-20 00:09:21.221315,12,1,2050.0,2040.0,2040.0,2045.0,7.0710678118654755,0
Andhra Pradesh,East Godavari,Paddy(Dhan)(Common),2060.0,,,2016-12-21 00:09:21.221315,12,2,2040.0,2060.0,2060.0,2050.0,10.0,1
Andhra Pradesh,East Godavari,Paddy(Dhan)(Common),2040.0,,,2016-12-22 00:09:21.221315,12,3,2060.0,2040.0,2040.0,2047.5,9.574271077563381,0
Andhra Pradesh,Guntur,Black Gram (Urd Beans)(Whole),8200.0,,,2016-12-23 00:09:21.221315,12,4,8200.0,8200.0,8200.0,8200.0,0.0,0
Andhra Pradesh,Kurnool,Jowar(Sorghum),3060.0,,,2016-12-24 00:09:21.221315,12,5,3060.0,3060.0,3060.0,3060.0,0.0,0
Andhra Pradesh,Kurnool,Maize,1962.0,,,2016-12-25 00:09:21.221315,12,6,1962.0,1962.0,1962.0,1962.0,0.0,0
Andhra Pradesh,Kurnool,Paddy(Dhan)(Common),2040.0,,,2016-12-26 00:09:21.221315,12,0,2040.0,2040.0,2040.0,2040.0,0.0,0
Andhra Pradesh,Kurnool,Bengal Gram(Gram)(Whole),5335.0,,,2016-12-27 00:09:21.221315,12,1,5335.0,5335.0,5335.0,5335.0,0.0,0
Andhra Pradesh,Kurnool,Maize,1962.0,,,2016-12-28 00:09:21.221315,12,2,1962.0,1962.0,1962.0,1962.0,0.0,0
Andhra Pradesh,Kurnool,Paddy(Dhan)(Common),2040.0,,,2016-12-29 00:09:21.221315,12,3,2040.0,2040.0,2040.0,2040.0,0.0,0
Chattisgarh,Balodabazar,Paddy(Dhan)(Common),1355.0,,,2016-12-30 00:09:21.221315,12,4,1355.0,1355.0,1355.0,1355.0,0.0,0
Chattisgarh,Dhamtari,Paddy(Dhan)(Common),1500.0,,,2016-12-31 00:09:21.221315,12,5,1500.0,1500.0,1500.0,1500.0,0.0,0
Chattisgarh,Dhamtari,Maize,2000.0,,,2017-01-01 00:09:21.221315,1,6,2000.0,2000.0,2000.0,2000.0,0.0,0
Chattisgarh,Dhamtari,Paddy(Dhan)(Common),1500.0,,,2017-01-02 00:09:21.221315,1,0,1500.0,1500.0,1500.0,1500.0,0.0,0
Chattisgarh,Dhamtari,Paddy(Dhan)(Common),1550.0,,,2017-01-03 00:09:21.221315,1,1,1500.0,1550.0,1550.0,1516.6666666666667,28.867513459481255,1
Chattisgarh,Dhamtari,Paddy(Dhan)(Common),1800.0,,,2017-01-04 00:09:21.221315,1,2,1550.0,1800.0,1800.0,1587.5,143.6140661634507,1
Chattisgarh,Kabirdham,Wheat,2200.0,,,2017-01-05 00:09:21.221315,1,3,2200.0,2200.0,2200.0,2200.0,0.0,0
Chattisgarh,Kanker,Maize,1550.0,,,2017-01-06 00:09:21.221315,1,4,1550.0,1550.0,1550.0,1550.0,0.0,0
Chattisgarh,Kanker,Paddy(Dhan)(Common),2000.0,,,2017-01-07 00:09:21.221315,1,5,2000.0,2000.0,2000.0,2000.0,0.0,0
Chattisgarh,Kanker,Maize,1550.0,,,2017-01-08 00:09:21.221315,1,6,1550.0,1550.0,1550.0,1550.0,0.0,0
Chattisgarh,Kanker,Paddy(Dhan)(Common),2000.0,,,2017-01-09 00:09:21.221315,1,0,2000.0,2000.0,2000.0,2000.0,0.0,0
Chattisgarh,Kanker,Paddy(Dhan)(Common),2000.0,,,2017-01-10 00:09:21.221315,1,1,2000.0,2000.0,2000.0,2000.0,0.0,0
Chattisgarh,Kanker,Paddy(Dhan)(Common),1500.0,,,2017-01-11 00:09:21.221315,1,2,2000.0,1500.0,1500.0,1875.0,250.0,0
Chattisgarh,Koria,Maize,1965.0,,,2017-01-12 00:09:21.221315,1,3,1965.0,1965.0,1965.0,1965.0,0.0,0
Chattisgarh,Koria,Wheat,2130.0,,,2017-01-13 00:09:21.221315,1,4,2130.0,2130.0,2130.0,2130.0,0.0,0
Chattisgarh,Mungeli,Paddy(Dhan)(Common),1820.0,,,2017-01-14 00:09:21.221315,1,5,1820.0,1820.0,1820.0,1820.0,0.0,0
Chattisgarh,Mungeli,Paddy(Dhan)(Common),1770.0,,,2017-01-15 00:09:21.221315,1,6,1820.0,1770.0,1770.0,1795.0,35.35533905932738,0
Chattisgarh,Raipur,Paddy(Dhan)(Common),2100.0,,,2017-01-16 00:09:21.221315,1,0,2100.0,2100.0,2100.0,2100.0,0.0,0
Chattisgarh,Surajpur,Maize,2000.0,,,2017-01-17 00:09:21.221315,1,1,2000.0,2000.0,2000.0,2000.0,0.0,0
Chattisgarh,Surajpur,Maize,1965.0,,,2017-01-18 00:09:21.221315,1,2,2000.0,1965.0,1965.0,1982.5,24.748737341529164,0
Gujarat,Amreli,Arhar (Tur/Red Gram)(Whole),8250.0,,,2017-01-19 00:09:21.221315,1,3,8250.0,8250.0,8250.0,8250.0,0.0,0
Gujarat,Amreli,Bengal Gram(Gram)(Whole),4900.0,,,2017-01-20 00:09:21.221315,1,4,4900.0,4900.0,4900.0,4900.0,0.0,0
Gujarat,Amreli,Cotton,6895.0,,,2017-01-21 00:09:21.221315,1,5,6895.0,6895.0,6895.0,6895.0,0.0,0
Gujarat,Amreli,Green Gram (Moong)(Whole),7500.0,,,2017-01-22 00:09:21.221315,1,6,7500.0,7500.0,7500.0,7500.0,0.0,0
Gujarat,Amreli,Jowar(Sorghum),4375.0,,,2017-01-23 00:09:21.221315,1,0,4375.0,4375.0,4375.0,4375.0,0.0,0
Gujarat,Amreli,Wheat,2555.0,,,2017-01-24 00:09:21.221315,1,1,2555.0,2555.0,2555.0,2555.0,0.0,0
Gujarat,Amreli,Wheat,2480.0,,,2017-01-25 00:09:21.221315,1,2,2555.0,2480.0,2480.0,2517.5,53.033008588991066,0
Gujarat,Amreli,Cotton,7175.0,,,2017-01-26 00:09:21.221315,1,3,6895.0,7175.0,7175.0,7035.0,197.9898987322333,1
Gujarat,Amreli,Arhar (Tur/Red Gram)(Whole),8525.0,,,2017-01-27 00:09:21.221315,1,4,8250.0,8525.0,8525.0,8387.5,194.45436482630058,1
Gujarat,Amreli,Bengal Gram(Gram)(Whole),4585.0,,,2017-01-28 00:09:21.221315,1,5,4900.0,4585.0,4585.0,4742.5,222.73863607376248,0
Gujarat,Amreli,Cotton,5850.0,,,2017-01-29 00:09:21.221315,1,6,7175.0,5850.0,5850.0,6640.0,698.3373110467462,0
Gujarat,Amreli,Jowar(Sorghum),3360.0,,,2017-01-30 00:09:21.221315,1,0,4375.0,3360.0,3360.0,3867.5,717.7133829043457,0
Gujarat,Amreli,Bajra(Pearl Millet/Cumbu),2003.0,,,2017-01-31 00:09:21.221315,1,1,2003.0,2003.0,2003.0,2003.0,0.0,0
Gujarat,Amreli,Bengal Gram(Gram)(Whole),4593.0,,,2017-02-01 00:09:21.221315,2,2,4585.0,4593.0,4593.0,4692.666666666667,179.6004825531751,1
Gujarat,Amreli,Cotton,6903.0,,,2017-02-02 00:09:21.221315,2,3,5850.0,6903.0,6903.0,6705.75,585.1571726183203,1
Gujarat,Amreli,Jowar(Sorghum),3600.0,,,2017-02-03 00:09:21.221315,2,4,3360.0,3600.0,3600.0,3778.3333333333335,530.4793429845628,1
Gujarat,Amreli,Wheat,2503.0,,,2017-02-04 00:09:21.221315,2,5,2480.0,2503.0,2503.0,2512.6666666666665,38.423083339749454,1
Gujarat,Amreli,Wheat,2460.0,,,2017-02-05 00:09:21.221315,2,6,2503.0,2460.0,2460.0,2499.5,40.9593294215941,0
Gujarat,Banaskanth,Bajra(Pearl Millet/Cumbu),2225.0,,,2017-02-06 00:09:21.221315,2,0,2225.0,2225.0,2225.0,2225.0,0.0,0
Gujarat,Banaskanth,Mustard,5305.0,,,2017-02-07 00:09:21.221315,2,1,5305.0,5305.0,5305.0,5305.0,0.0,0
Gujarat,Banaskanth,Wheat,2175.0,,,2017-02-08 00:09:21.221315,2,2,2175.0,2175.0,2175.0,2175.0,0.0,0
Gujarat,Banaskanth,Bajra(Pearl Millet/Cumbu),2250.0,,,2017-02-09 00:09:21.221315,2,3,2225.0,2250.0,2250.0,2237.5,17.67766952966369,1
Gujarat,Banaskanth,Wheat,2200.0,,,2017-02-10 00:09:21.221315,2,4,2175.0,2200.0,2200.0,2187.5,17.67766952966369,1
Gujarat,Banaskanth,Gram Raw(Chholia),8525.0,,,2017-02-11 00:09:21.221315,2,5,8525.0,8525.0,8525.0,8525.0,0.0,0
Gujarat,Banaskanth,Bajra(Pearl Millet/Cumbu),2185.0,,,2017-02-12 00:09:21.221315,2,6,2250.0,2185.0,2185.0,2220.0,32.78719262151,0
Gujarat,Banaskanth,Mustard,5260.0,,,2017-02-13 00:09:21.221315,2,0,5305.0,5260.0,5260.0,5282.5,31.81980515339464,0
Gujarat,Banaskanth,Wheat,2030.0,,,2017-02-14 00:09:21.221315,2,1,2200.0,2030.0,2030.0,2135.0,91.7877987534291,0
Gujarat,Banaskanth,Bajra(Pearl Millet/Cumbu),2005.0,,,2017-02-15 00:09:21.221315,2,2,2185.0,2005.0,2005.0,2166.25,110.78319668012233,0
Gujarat,Banaskanth,Mustard,5255.0,,,2017-02-16 00:09:21.221315,2,3,5260.0,5255.0,5255.0,5273.333333333333,27.537852736430434,0
Gujarat,Banaskanth,Wheat,2232.0,,,2017-02-17 00:09:21.221315,2,4,2030.0,2232.0,2232.0,2159.25,89.26878887196055,1
Gujarat,Banaskanth,Bajra(Pearl Millet/Cumbu),1967.5,,,2017-02-18 00:09:21.221315,2,5,2005.0,1967.5,1967.5,2126.5,130.78608488673405,0
Gujarat,Banaskanth,Mustard,5182.5,,,2017-02-19 00:09:21.221315,2,6,5255.0,5182.5,5182.5,5250.625,50.67769890855994,0
Gujarat,Banaskanth,Wheat,2250.0,,,2017-02-20 00:09:21.221315,2,0,2232.0,2250.0,2250.0,2177.4,87.31437453249033,1
Gujarat,Bharuch,Arhar (Tur/Red Gram)(Whole),7600.0,,,2017-02-21 00:09:21.221315,2,1,7600.0,7600.0,7600.0,7600.0,0.0,0
Gujarat,Bharuch,Bajra(Pearl Millet/Cumbu),2400.0,,,2017-02-22 00:09:21.221315,2,2,2400.0,2400.0,2400.0,2400.0,0.0,0
Gujarat,Bharuch,Cotton,5800.0,,,2017-02-23 00:09:21.221315,2,3,5800.0,5800.0,5800.0,5800.0,0.0,0
Gujarat,Bharuch,Jowar(Sorghum),2800.0,,,2017-02-24 00:09:21.221315,2,4,2800.0,2800.0,2800.0,2800.0,0.0,0
Gujarat,Bharuch,Maize,2200.0,,,2017-02-25 00:09:21.221315,2,5,2200.0,2200.0,2200.0,2200.0,0.0,0
Gujarat,Bharuch,Wheat,3200.0,,,2017-02-26 00:09:21.221315,2,6,3200.0,3200.0,3200.0,3200.0,0.0,0
Gujarat,Bharuch,Arhar (Tur/Red Gram)(Whole),7600.0,,,2017-02-27 00:09:21.221315,2,0,7600.0,7600.0,7600.0,7600.0,0.0,0
Gujarat,Bharuch,Bajra(Pearl Millet/Cumbu),2200.0,,,2017-02-28 00:09:21.221315,2,1,2400.0,2200.0,2200.0,2300.0,141.4213562373095,0
Gujarat,Bharuch,Cotton,5600.0,,,2017-03-01 00:09:21.221315,3,2,5800.0,5600.0,5600.0,5700.0,141.4213562373095,0
Gujarat,Bharuch,Jowar(Sorghum),2600.0,,,2017-03-02 00:09:21.221315,3,3,2800.0,2600.0,2600.0,2700.0,141.4213562373095,0
Gujarat,Bharuch,Maize,2000.0,,,2017-03-03 00:09:21.221315,3,4,2200.0,2000.0,2000.0,2100.0,141.4213562373095,0
Gujarat,Botad,Cotton,6955.0,,,2017-03-04 00:09:21.221315,3,5,6955.0,6955.0,6955.0,6955.0,0.0,0
Gujarat,Dahod,Arhar (Tur/Red Gram)(Whole),7800.0,,,2017-03-05 00:09:21.221315,3,6,7800.0,7800.0,7800.0,7800.0,0.0,0
Gujarat,Dahod,Arhar (Tur/Red Gram)(Whole),8000.0,,,2017-03-06 00:09:21.221315,3,0,7800.0,8000.0,8000.0,7900.0,141.4213562373095,1
Gujarat,Dahod,Bengal Gram(Gram)(Whole),5075.0,,,2017-03-07 00:09:21.221315,3,1,5075.0,5075.0,5075.0,5075.0,0.0,0
Gujarat,Dahod,Bengal Gram(Gram)(Whole),5200.0,,,2017-03-08 00:09:21.221315,3,2,5075.0,5200.0,5200.0,5137.5,88.38834764831844,1
Gujarat,Dahod,Black Gram (Urd Beans)(Whole),7700.0,,,2017-03-09 00:09:21.221315,3,3,7700.0,7700.0,7700.0,7700.0,0.0,0
Gujarat,Dahod,Green Gram (Moong)(Whole),7800.0,,,2017-03-10 00:09:21.221315,3,4,7800.0,7800.0,7800.0,7800.0,0.0,0
Gujarat,Dahod,Maize,2600.0,,,2017-03-11 00:09:21.221315,3,5,2600.0,2600.0,2600.0,2600.0,0.0,0
Gujarat,Dahod,Maize,2200.0,,,2017-03-12 00:09:21.221315,3,6,2600.0,2200.0,2200.0,2400.0,282.842712474619,0
Gujarat,Dahod,Paddy(Dhan)(Common),1885.0,,,2017-03-13 00:09:21.221315,3,0,1885.0,1885.0,1885.0,1885.0,0.0,0
Gujarat,Dahod,Paddy(Dhan)(Common),2100.0,,,2017-03-14 00:09:21.221315,3,1,1885.0,2100.0,2100.0,1992.5,152.02795795510772,1
Gujarat,Dahod,Wheat,2700.0,,,2017-03-15 00:09:21.221315,3,2,2700.0,2700.0,2700.0,2700.0,0.0,0
Gujarat,Dahod,Wheat,2550.0,,,2017-03-16 00:09:21.221315,3,3,2700.0,2550.0,2550.0,2625.0,106.06601717798213,0
Gujarat,Gandhinagar,Bajra(Pearl Millet/Cumbu),2290.0,,,2017-03-17 00:09:21.221315,3,4,2290.0,2290.0,2290.0,2290.0,0.0,0
Gujarat,Gandhinagar,Paddy(Dhan)(Common),1950.0,,,2017-03-18 00:09:21.221315,3,5,1950.0,1950.0,1950.0,1950.0,0.0,0
Gujarat,Gandhinagar,Wheat,2312.0,,,2017-03-19 00:09:21.221315,3,6,2312.0,2312.0,2312.0,2312.0,0.0,0
Gujarat,Jamnagar,Bajra(Pearl Millet/Cumbu),1950.0,,,2017-03-20 00:09:21.221315,3,0,1950.0,1950.0,1950.0,1950.0,0.0,0
Gujarat,Jamnagar,Bengal Gram(Gram)(Whole),4525.0,,,2017-03-21 00:09:21.221315,3,1,4525.0,4525.0,4525.0,4525.0,0.0,0
Gujarat,Jamnagar,Cotton,6015.0,,,2017-03-22 00:09:21.221315,3,2,6015.0,6015.0,6015.0,6015.0,0.0,0
Gujarat,Jamnagar,Jowar(Sorghum),4225.0,,,2017-03-23 00:09:21.221315,3,3,4225.0,4225.0,4225.0,4225.0,0.0,0
Gujarat,Jamnagar,Wheat,2380.0,,,2017-03-24 00:09:21.221315,3,4,2380.0,2380.0,2380.0,2380.0,0.0,0
Gujarat,Junagarh,Bajra(Pearl Millet/Cumbu),2125.0,,,2017-03-25 00:09:21.221315,3,5,2125.0,2125.0,2125.0,2125.0,0.0,0
Gujarat,Junagarh,Black Gram (Urd Beans)(Whole),8600.0,,,2017-03-26 00:09:21.221315,3,6,8600.0,8600.0,8600.0,8600.0,0.0,0
Gujarat,Junagarh,Wheat,2475.0,,,2017-03-27 00:09:21.221315,3,0,2475.0,2475.0,2475.0,2475.0,0.0,0
Gujarat,Junagarh,Arhar (Tur/Red Gram)(Whole),8690.0,,,2017-03-28 00:09:21.221315,3,1,8690.0,8690.0,8690.0,8690.0,0.0,0
Gujarat,Junagarh,Green Gram (Moong)(Whole),7315.0,,,2017-03-29 00:09:21.221315,3,2,7315.0,7315.0,7315.0,7315.0,0.0,0
Gujarat,Junagarh,Kulthi(Horse Gram),4745.0,,,2017-03-30 00:09:21.221315,3,3,4745.0,4745.0,4745.0,4745.0,0.0,0
Gujarat,Junagarh,Wheat,2425.0,,,2017-03-31 00:09:21.221315,3,4,2475.0,2425.0,2425.0,2450.0,35.35533905932738,0
Gujarat,Mehsana,Bajra(Pearl Millet/Cumbu),2250.0,,,2017-04-01 00:09:21.221315,4,5,2250.0,2250.0,2250.0,2250.0,0.0,0
Gujarat,Mehsana,Mustard,5290.0,,,2017-04-02 00:09:21.221315,4,6,5290.0,5290.0,5290.0,5290.0,0.0,0
Gujarat,Mehsana,Paddy(Dhan)(Common),2200.0,,,2017-04-03 00:09:21.221315,4,0,2200.0,2200.0,2200.0,2200.0,0.0,0
Gujarat,Mehsana,Wheat,2450.0,,,2017-04-04 00:09:21.221315,4,1,2450.0,2450.0,2450.0,2450.0,0.0,0
Gujarat,Morbi,Wheat,2350.0,,,2017-04-05 00:09:21.221315,4,2,2350.0,2350.0,2350.0,2350.0,0.0,0
Gujarat,Patan,Wheat,2125.0,,,2017-04-06 00:09:21.221315,4,3,2125.0,2125.0,2125.0,2125.0,0.0,0
Gujarat,Patan,Bajra(Pearl Millet/Cumbu),1940.0,,,2017-04-07 00:09:21.221315,4,4,1940.0,1940.0,1940.0,1940.0,0.0,0
Gujarat,Patan,Jowar(Sorghum),5577.0,,,2017-04-08 00:09:21.221315,4,5,5577.0,5577.0,5577.0,5577.0,0.0,0
Gujarat,Patan,Mustard,5327.0,,,2017-04-09 00:09:21.221315,4,6,5327.0,5327.0,5327.0,5327.0,0.0,0
Gujarat,Patan,Wheat,2367.0,,,2017-04-10 00:09:21.221315,4,0,2125.0,2367.0,2367.0,2246.0,171.1198410471445,1
Gujarat,Porbandar,Bajra(Pearl Millet/Cumbu),2205.0,,,2017-04-11 00:09:21.221315,4,1,2205.0,2205.0,2205.0,2205.0,0.0,0
Gujarat,Porbandar,Green Gram (Moong)(Whole),8315.0,,,2017-04-12 00:09:21.221315,4,2,8315.0,8315.0,8315.0,8315.0,0.0,0
Gujarat,Porbandar,Kulthi(Horse Gram),4350.0,,,2017-04-13 00:09:21.221315,4,3,4350.0,4350.0,4350.0,4350.0,0.0,0
Gujarat,Porbandar,Wheat,1990.0,,,2017-04-14 00:09:21.221315,4,4,1990.0,1990.0,1990.0,1990.0,0.0,0
Gujarat,Porbandar,Wheat,2280.0,,,2017-04-15 00:09:21.221315,4,5,1990.0,2280.0,2280.0,2135.0,205.0609665440988,1
Gujarat,Rajkot,Arhar (Tur/Red Gram)(Whole),9305.0,,,2017-04-16 00:09:21.221315,4,6,9305.0,9305.0,9305.0,9305.0,0.0,0
Gujarat,Rajkot,Bengal Gram(Gram)(Whole),4980.0,,,2017-04-17 00:09:21.221315,4,0,4980.0,4980.0,4980.0,4980.0,0.0,0
Gujarat,Rajkot,Wheat,2465.0,,,2017-04-18 00:09:21.221315,4,1,2465.0,2465.0,2465.0,2465.0,0.0,0
Gujarat,Rajkot,Arhar (Tur/Red Gram)(Whole),7000.0,,,2017-04-19 00:09:21.221315,4,2,9305.0,7000.0,7000.0,8152.5,1629.8811306349921,0
Gujarat,Rajkot,Bajra(Pearl Millet/Cumbu),1940.0,,,2017-04-20 00:09:21.221315,4,3,1940.0,1940.0,1940.0,1940.0,0.0,0
Gujarat,Rajkot,Cotton,7075.0,,,2017-04-21 00:09:21.221315,4,4,7075.0,7075.0,7075.0,7075.0,0.0,0
Gujarat,Rajkot,Green Gram (Moong)(Whole),6750.0,,,2017-04-22 00:09:21.221315,4,5,6750.0,6750.0,6750.0,6750.0,0.0,0
Gujarat,Rajkot,Jowar(Sorghum),4250.0,,,2017-04-23 00:09:21.221315,4,6,4250.0,4250.0,4250.0,4250.0,0.0,0
Gujarat,Rajkot,Maize,2605.0,,,2017-04-24 00:09:21.221315,4,0,2605.0,2605.0,2605.0,2605.0,0.0,0
Gujarat,Rajkot,Mustard,4900.0,,,2017-04-25 00:09:21.221315,4,1,4900.0,4900.0,4900.0,4900.0,0.0,0
Gujarat,Rajkot,Wheat,2175.0,,,2017-04-26 00:09:21.221315,4,2,2465.0,2175.0,2175.0,2320.0,205.0609665440988,0
Gujarat,Rajkot,Wheat,2225.0,,,2017-04-27 00:09:21.221315,4,3,2175.0,2225.0,2225.0,2288.3333333333335,155.02687938977982,1
Gujarat,Rajkot,Cotton,6960.0,,,2017-04-28 00:09:21.221315,4,4,7075.0,6960.0,6960.0,7017.5,81.31727983645297,0
Gujarat,Rajkot,Bajra(Pearl Millet/Cumbu),2265.0,,,2017-04-29 00:09:21.221315,4,5,1940.0,2265.0,2265.0,2102.5,229.80970388562795,1
Gujarat,Rajkot,Bengal Gram(Gram)(Whole),4305.0,,,2017-04-30 00:09:21.221315,4,6,4980.0,4305.0,4305.0,4642.5,477.29707730091957,0
Gujarat,Rajkot,Cotton,6000.0,,,2017-05-01 00:09:21.221315,5,0,6960.0,6000.0,6000.0,6678.333333333333,590.2612415984411,0
Gujarat,Rajkot,Jowar(Sorghum),3520.0,,,2017-05-02 00:09:21.221315,5,1,4250.0,3520.0,3520.0,3885.0,516.1879502661797,0
Gujarat,Rajkot,Wheat,2330.0,,,2017-05-03 00:09:21.221315,5,2,2225.0,2330.0,2330.0,2298.75,128.281916106675,1
Gujarat,Rajkot,Arhar (Tur/Red Gram)(Whole),8250.0,,,2017-05-04 00:09:21.221315,5,3,7000.0,8250.0,8250.0,8185.0,1153.8739099225704,1
Gujarat,Rajkot,Bajra(Pearl Millet/Cumbu),2075.0,,,2017-05-05 00:09:21.221315,5,4,2265.0,2075.0,2075.0,2093.3333333333335,163.27379867367983,0
Gujarat,Rajkot,Bengal Gram(Gram)(Whole),4900.0,,,2017-05-06 00:09:21.221315,5,5,4305.0,4900.0,4900.0,4728.333333333333,368.7930765799886,1
Gujarat,Rajkot,Bengal Gram(Gram)(Whole),11750.0,,,2017-05-07 00:09:21.221315,5,6,4900.0,11750.0,11750.0,6483.75,3523.722877393548,1
Gujarat,Rajkot,Black Gram (Urd Beans)(Whole),7680.0,,,2017-05-08 00:09:21.221315,5,0,7680.0,7680.0,7680.0,7680.0,0.0,0
Gujarat,Rajkot,Cotton,7200.0,,,2017-05-09 00:09:21.221315,5,1,6000.0,7200.0,7200.0,6808.75,548.0020529158627,1
Gujarat,Rajkot,Green Gram (Moong)(Whole),8125.0,,,2017-05-10 00:09:21.221315,5,2,6750.0,8125.0,8125.0,7437.5,972.2718241315029,1
Gujarat,Rajkot,Jowar(Sorghum),4750.0,,,2017-05-11 00:09:21.221315,5,3,3520.0,4750.0,4750.0,4173.333333333333,618.5736280616346,1
Gujarat,Rajkot,Mustard,5100.0,,,2017-05-12 00:09:21.221315,5,4,4900.0,5100.0,5100.0,5000.0,141.4213562373095,1
Gujarat,Rajkot,Wheat,2335.0,,,2017-05-13 00:09:21.221315,5,5,2330.0,2335.0,2335.0,2306.0,112.2719911643149,1
Gujarat,Rajkot,Wheat,2450.0,,,2017-05-14 00:09:21.221315,5,6,2335.0,2450.0,2450.0,2330.0,116.36150566231085,1
Gujarat,Sabarkantha,Wheat,2350.0,,,2017-05-15 00:09:21.221315,5,0,2350.0,2350.0,2350.0,2350.0,0.0,0
Gujarat,Surat,Pegeon Pea (Arhar Fali),12500.0,,,2017-05-16 00:09:21.221315,5,1,12500.0,12500.0,12500.0,12500.0,0.0,0
Gujarat,Surendranagar,Cotton,7000.0,,,2017-05-17 00:09:21.221315,5,2,7000.0,7000.0,7000.0,7000.0,0.0,0
Gujarat,Surendranagar,Wheat,2400.0,,,2017-05-18 00:09:21.221315,5,3,2400.0,2400.0,2400.0,2400.0,0.0,0
Gujarat,Surendranagar,Cotton,7025.0,,,2017-05-19 00:09:21.221315,5,4,7000.0,7025.0,7025.0,7012.5,17.67766952966369,1
Gujarat,Surendranagar,Mustard,6900.0,,,2017-05-20 00:09:21.221315,5,5,6900.0,6900.0,6900.0,6900.0,0.0,0
Gujarat,Surendranagar,Wheat,2450.0,,,2017-05-21 00:09:21.221315,5,6,2400.0,2450.0,2450.0,2425.0,35.35533905932738,1
Karnataka,Haveri,Maize,2050.0,,,2017-05-22 00:09:21.221315,5,0,2050.0,2050.0,2050.0,2050.0,0.0,0
Karnataka,Kolar,Paddy(Dhan)(Common),2080.0,,,2017-05-23 00:09:21.221315,5,1,2080.0,2080.0,2080.0,2080.0,0.0,0
Karnataka,Raichur,Paddy(Dhan)(Common),3005.0,,,2017-05-24 00:09:21.221315,5,2,3005.0,3005.0,3005.0,3005.0,0.0,0
Karnataka,Shimoga,Arhar Dal(Tur Dal),11750.0,,,2017-05-25 00:09:21.221315,5,3,11750.0,11750.0,11750.0,11750.0,0.0,0
Karnataka,Shimoga,Bengal Gram Dal (Chana Dal),6750.0,,,2017-05-26 00:09:21.221315,5,4,6750.0,6750.0,6750.0,6750.0,0.0,0
Karnataka,Shimoga,Bengal Gram(Gram)(Whole),5850.0,,,2017-05-27 00:09:21.221315,5,5,5850.0,5850.0,5850.0,5850.0,0.0,0
Karnataka,Shimoga,Black Gram Dal (Urd Dal),11900.0,,,2017-05-28 00:09:21.221315,5,6,11900.0,11900.0,11900.0,11900.0,0.0,0
Karnataka,Shimoga,Green Gram (Moong)(Whole),11000.0,,,2017-05-29 00:09:21.221315,5,0,11000.0,11000.0,11000.0,11000.0,0.0,0
Karnataka,Shimoga,Green Gram Dal (Moong Dal),12000.0,,,2017-05-30 00:09:21.221315,5,1,12000.0,12000.0,12000.0,12000.0,0.0,0
Karnataka,Shimoga,Jowar(Sorghum),3750.0,,,2017-05-31 00:09:21.221315,5,2,3750.0,3750.0,3750.0,3750.0,0.0,0
Karnataka,Shimoga,Kulthi(Horse Gram),6500.0,,,2017-06-01 00:09:21.221315,6,3,6500.0,6500.0,6500.0,6500.0,0.0,0
Karnataka,Shimoga,Maize,2100.0,,,2017-06-02 00:09:21.221315,6,4,2100.0,2100.0,2100.0,2100.0,0.0,0
Karnataka,Shimoga,Mustard,7500.0,,,2017-06-03 00:09:21.221315,6,5,7500.0,7500.0,7500.0,7500.0,0.0,0
Karnataka,Shimoga,Wheat,5250.0,,,2017-06-04 00:09:21.221315,6,6,5250.0,5250.0,5250.0,5250.0,0.0,0
Madhya Pradesh,Ashoknagar,Wheat,2125.0,,,2017-06-05 00:09:21.221315,6,0,2125.0,2125.0,2125.0,2125.0,0.0,0
Madhya Pradesh,Bhopal,Green Gram (Moong)(Whole),5615.0,,,2017-06-06 00:09:21.221315,6,1,5615.0,5615.0,5615.0,5615.0,0.0,0
Madhya Pradesh,Dewas,Arhar (Tur/Red Gram)(Whole),8000.0,,,2017-06-07 00:09:21.221315,6,2,8000.0,8000.0,8000.0,8000.0,0.0,0
Madhya Pradesh,Dewas,Green Gram (Moong)(Whole),7100.0,,,2017-06-08 00:09:21.221315,6,3,7100.0,7100.0,7100.0,7100.0,0.0,0
Madhya Pradesh,Dewas,Wheat,2361.0,,,2017-06-09 00:09:21.221315,6,4,2361.0,2361.0,2361.0,2361.0,0.0,0
Madhya Pradesh,Jhabua,Wheat,2115.0,,,2017-06-10 00:09:21.221315,6,5,2115.0,2115.0,2115.0,2115.0,0.0,0
Madhya Pradesh,Panna,Bengal Gram(Gram)(Whole),5030.0,,,2017-06-11 00:09:21.221315,6,6,5030.0,5030.0,5030.0,5030.0,0.0,0
Madhya Pradesh,Panna,Lentil (Masur)(Whole),5325.0,,,2017-06-12 00:09:21.221315,6,0,5325.0,5325.0,5325.0,5325.0,0.0,0
Madhya Pradesh,Panna,Wheat,2120.0,,,2017-06-13 00:09:21.221315,6,1,2120.0,2120.0,2120.0,2120.0,0.0,0
Madhya Pradesh,Panna,Wheat,2025.0,,,2017-06-14 00:09:21.221315,6,2,2120.0,2025.0,2025.0,2072.5,67.17514421272202,0
Madhya Pradesh,Rajgarh,Bengal Gram(Gram)(Whole),4335.0,,,2017-06-15 00:09:21.221315,6,3,4335.0,4335.0,4335.0,4335.0,0.0,0
Madhya Pradesh,Rajgarh,Lentil (Masur)(Whole),5700.0,,,2017-06-16 00:09:21.221315,6,4,5700.0,5700.0,5700.0,5700.0,0.0,0
Madhya Pradesh,Rajgarh,Mustard,5100.0,,,2017-06-17 00:09:21.221315,6,5,5100.0,5100.0,5100.0,5100.0,0.0,0
Madhya Pradesh,Rajgarh,Wheat,2305.0,,,2017-06-18 00:09:21.221315,6,6,2305.0,2305.0,2305.0,2305.0,0.0,0
Madhya Pradesh,Ratlam,Wheat,2500.0,,,2017-06-19 00:09:21.221315,6,0,2500.0,2500.0,2500.0,2500.0,0.0,0
Madhya Pradesh,Shajapur,Bengal Gram(Gram)(Whole),4250.0,,,2017-06-20 00:09:21.221315,6,1,4250.0,4250.0,4250.0,4250.0,0.0,0
Madhya Pradesh,Shajapur,Bengal Gram(Gram)(Whole),5485.0,,,2017-06-21 00:09:21.221315,6,2,4250.0,5485.0,5485.0,4867.5,873.2768747653862,1
Madhya Pradesh,Shajapur,Lentil (Masur)(Whole),5490.0,,,2017-06-22 00:09:21.221315,6,3,5490.0,5490.0,5490.0,5490.0,0.0,0
Madhya Pradesh,Shajapur,Mustard,5090.0,,,2017-06-23 00:09:21.221315,6,4,5090.0,5090.0,5090.0,5090.0,0.0,0
Madhya Pradesh,Shajapur,Wheat,2290.0,,,2017-06-24 00:09:21.221315,6,5,2290.0,2290.0,2290.0,2290.0,0.0,0
Madhya Pradesh,Shajapur,Wheat,2090.0,,,2017-06-25 00:09:21.221315,6,6,2290.0,2090.0,2090.0,2190.0,141.4213562373095,0
Madhya Pradesh,Shajapur,Wheat,2780.0,,,2017-06-26 00:09:21.221315,6,0,2090.0,2780.0,2780.0,2386.6666666666665,355.01173689518123,1
Madhya Pradesh,Sheopur,Mustard,5210.0,,,2017-06-27 00:09:21.221315,6,1,5210.0,5210.0,5210.0,5210.0,0.0,0
Madhya Pradesh,Sidhi,Lentil (Masur)(Whole),5000.0,,,2017-06-28 00:09:21.221315,6,2,5000.0,5000.0,5000.0,5000.0,0.0,0
Maharashtra,Amarawati,Wheat,2300.0,,,2017-06-29 00:09:21.221315,6,3,2300.0,2300.0,2300.0,2300.0,0.0,0
Maharashtra,Aurangabad,Arhar (Tur/Red Gram)(Whole),6400.0,,,2017-06-30 00:09:21.221315,6,4,6400.0,6400.0,6400.0,6400.0,0.0,0
Maharashtra,Aurangabad,Bajra(Pearl Millet/Cumbu),2335.0,,,2017-07-01 00:09:21.221315,7,5,2335.0,2335.0,2335.0,2335.0,0.0,0
Maharashtra,Aurangabad,Jowar(Sorghum),4000.0,,,2017-07-02 00:09:21.221315,7,6,4000.0,4000.0,4000.0,4000.0,0.0,0
Maharashtra,Aurangabad,Wheat,2361.0,,,2017-07-03 00:09:21.221315,7,0,2361.0,2361.0,2361.0,2361.0,0.0,0
Maharashtra,Chandrapur,Paddy(Dhan)(Common),2800.0,,,2017-07-04 00:09:21.221315,7,1,2800.0,2800.0,2800.0,2800.0,0.0,0
Maharashtra,Jalana,Bengal Gram(Gram)(Whole),4230.0,,,2017-07-05 00:09:21.221315,7,2,4230.0,4230.0,4230.0,4230.0,0.0,0
Maharashtra,Jalana,Jowar(Sorghum),3656.0,,,2017-07-06 00:09:21.221315,7,3,3656.0,3656.0,3656.0,3656.0,0.0,0
Maharashtra,Jalana,Wheat,2225.0,,,2017-07-07 00:09:21.221315,7,4,2225.0,2225.0,2225.0,2225.0,0.0,0
Maharashtra,Mumbai,Arhar Dal(Tur Dal),12500.0,,,2017-07-08 00:09:21.221315,7,5,12500.0,12500.0,12500.0,12500.0,0.0,0
Maharashtra,Mumbai,Bajra(Pearl Millet/Cumbu),3600.0,,,2017-07-09 00:09:21.221315,7,6,3600.0,3600.0,3600.0,3600.0,0.0,0
Maharashtra,Mumbai,Bengal Gram Dal (Chana Dal),6200.0,,,2017-07-10 00:09:21.221315,7,0,6200.0,6200.0,6200.0,6200.0,0.0,0
Maharashtra,Mumbai,Bengal Gram(Gram)(Whole),6000.0,,,2017-07-11 00:09:21.221315,7,1,6000.0,6000.0,6000.0,6000.0,0.0,0
Maharashtra,Mumbai,Black Gram (Urd Beans)(Whole),10200.0,,,2017-07-12 00:09:21.221315,7,2,10200.0,10200.0,10200.0,10200.0,0.0,0
Maharashtra,Mumbai,Black Gram Dal (Urd Dal),10500.0,,,2017-07-13 00:09:21.221315,7,3,10500.0,10500.0,10500.0,10500.0,0.0,0
Maharashtra,Mumbai,Green Gram (Moong)(Whole),10500.0,,,2017-07-14 00:09:21.221315,7,4,10500.0,10500.0,10500.0,10500.0,0.0,0
Maharashtra,Mumbai,Green Gram Dal (Moong Dal),11500.0,,,2017-07-15 00:09:21.221315,7,5,11500.0,11500.0,11500.0,11500.0,0.0,0
Maharashtra,Mumbai,Jowar(Sorghum),4800.0,,,2017-07-16 00:09:21.221315,7,6,4800.0,4800.0,4800.0,4800.0,0.0,0
Maharashtra,Mumbai,Lentil (Masur)(Whole),7400.0,,,2017-07-17 00:09:21.221315,7,0,7400.0,7400.0,7400.0,7400.0,0.0,0
Maharashtra,Mumbai,Maize,3800.0,,,2017-07-18 00:09:21.221315,7,1,3800.0,3800.0,3800.0,3800.0,0.0,0
Maharashtra,Mumbai,Wheat,4300.0,,,2017-07-19 00:09:21.221315,7,2,4300.0,4300.0,4300.0,4300.0,0.0,0
Maharashtra,Nashik,Bajra(Pearl Millet/Cumbu),2535.0,,,2017-07-20 00:09:21.221315,7,3,2535.0,2535.0,2535.0,2535.0,0.0,0
Maharashtra,Nashik,Bengal Gram(Gram)(Whole),4735.0,,,2017-07-21 00:09:21.221315,7,4,4735.0,4735.0,4735.0,4735.0,0.0,0
Maharashtra,Nashik,Maize,2125.0,,,2017-07-22 00:09:21.221315,7,5,2125.0,2125.0,2125.0,2125.0,0.0,0
Maharashtra,Parbhani,Arhar (Tur/Red Gram)(Whole),9850.0,,,2017-07-23 00:09:21.221315,7,6,9850.0,9850.0,9850.0,9850.0,0.0,0
Maharashtra,Parbhani,Bengal Gram(Gram)(Whole),4450.0,,,2017-07-24 00:09:21.221315,7,0,4450.0,4450.0,4450.0,4450.0,0.0,0
Maharashtra,Pune,Jowar(Sorghum),5250.0,,,2017-07-25 00:09:21.221315,7,1,5250.0,5250.0,5250.0,5250.0,0.0,0
Maharashtra,Pune,Wheat,4500.0,,,2017-07-26 00:09:21.221315,7,2,4500.0,4500.0,4500.0,4500.0,0.0,0
Maharashtra,Raigad,Paddy(Dhan)(Common),2216.0,,,2017-07-27 00:09:21.221315,7,3,2216.0,2216.0,2216.0,2216.0,0.0,0
Maharashtra,Thane,Bajra(Pearl Millet/Cumbu),2650.0,,,2017-07-28 00:09:21.221315,7,4,2650.0,2650.0,2650.0,2650.0,0.0,0
Maharashtra,Thane,Black Gram (Urd Beans)(Whole),9400.0,,,2017-07-29 00:09:21.221315,7,5,9400.0,9400.0,9400.0,9400.0,0.0,0
Maharashtra,Thane,Jowar(Sorghum),4750.0,,,2017-07-30 00:09:21.221315,7,6,4750.0,4750.0,4750.0,4750.0,0.0,0
Maharashtra,Thane,Wheat,2650.0,,,2017-07-31 00:09:21.221315,7,0,2650.0,2650.0,2650.0,2650.0,0.0,0
Maharashtra,Thane,Wheat,3500.0,,,2017-08-01 00:09:21.221315,8,1,2650.0,3500.0,3500.0,3075.0,601.0407640085654,1
Maharashtra,Thane,Wheat,3460.0,,,2017-08-02 00:09:21.221315,8,2,3500.0,3460.0,3460.0,3203.3333333333335,479.617903474561,0
Nagaland,Longleng,Maize,7700.0,,,2017-08-03 00:09:21.221315,8,3,7700.0,7700.0,7700.0,7700.0,0.0,0
Odisha,Bargarh,Paddy(Dhan)(Common),2040.0,,,2017-08-04 00:09:21.221315,8,4,2040.0,2040.0,2040.0,2040.0,0.0,0
Odisha,Bargarh,Paddy(Dhan)(Common),2040.0,,,2017-08-05 00:09:21.221315,8,5,2040.0,2040.0,2040.0,2040.0,0.0,0
Odisha,Bhadrak,Paddy(Dhan)(Common),2040.0,,,2017-08-06 00:09:21.221315,8,6,2040.0,2040.0,2040.0,2040.0,0.0,0
Odisha,Bhadrak,Paddy(Dhan)(Common),2040.0,,,2017-08-07 00:09:21.221315,8,0,2040.0,2040.0,2040.0,2040.0,0.0,0
Odisha,Nowarangpur,Maize,1500.0,,,2017-08-08 00:09:21.221315,8,1,1500.0,1500.0,1500.0,1500.0,0.0,0
Pondicherry,Karaikal,Paddy(Dhan)(Common),2560.0,,,2017-08-09 00:09:21.221315,8,2,2560.0,2560.0,2560.0,2560.0,0.0,0
Punjab,Hoshiarpur,Maize,1100.0,,,2017-08-10 00:09:21.221315,8,3,1100.0,1100.0,1100.0,1100.0,0.0,0
Punjab,Sangrur,Maize,1675.0,,,2017-08-11 00:09:21.221315,8,4,1675.0,1675.0,1675.0,1675.0,0.0,0
Rajasthan,Ajmer,Barley (Jau),1615.0,,,2017-08-12 00:09:21.221315,8,5,1615.0,1615.0,1615.0,1615.0,0.0,0
Rajasthan,Ajmer,Bengal Gram(Gram)(Whole),4682.0,,,2017-08-13 00:09:21.221315,8,6,4682.0,4682.0,4682.0,4682.0,0.0,0
Rajasthan,Ajmer,Maize,2450.0,,,2017-08-14 00:09:21.221315,8,0,2450.0,2450.0,2450.0,2450.0,0.0,0
Rajasthan,Ajmer,Mustard,4875.0,,,2017-08-15 00:09:21.221315,8,1,4875.0,4875.0,4875.0,4875.0,0.0,0
Rajasthan,Ajmer,Barley (Jau),1635.0,,,2017-08-16 00:09:21.221315,8,2,1615.0,1635.0,1635.0,1625.0,14.142135623730951,1
Rajasthan,Ajmer,Maize,2450.0,,,2017-08-17 00:09:21.221315,8,3,2450.0,2450.0,2450.0,2450.0,0.0,0
Rajasthan,Ajmer,Wheat,2215.0,,,2017-08-18 00:09:21.221315,8,4,2215.0,2215.0,2215.0,2215.0,0.0,0
Rajasthan,Chittorgarh,Maize,1970.0,,,2017-08-19 00:09:21.221315,8,5,1970.0,1970.0,1970.0,1970.0,0.0,0
Rajasthan,Chittorgarh,Wheat,2200.0,,,2017-08-20 00:09:21.221315,8,6,2250.0,2200.0,2200.0,2225.0,35.35533905932738,0
Rajasthan,Chittorgarh,Wheat,2250.0,,,2017-08-21 00:09:21.221315,8,0,2200.0,2250.0,2250.0,2233.3333333333335,28.867513459481255,1
Rajasthan,Churu,Bajra(Pearl Millet/Cumbu),1750.0,,,2017-08-22 00:09:21.221315,8,1,1750.0,1750.0,1750.0,1750.0,0.0,0
Rajasthan,Dausa,Bajra(Pearl Millet/Cumbu),2011.0,,,2017-08-23 00:09:21.221315,8,2,2011.0,2011.0,2011.0,2011.0,0.0,0
Rajasthan,Dausa,Bengal Gram(Gram)(Whole),4800.0,,,2017-08-24 00:09:21.221315,8,3,4800.0,4800.0,4800.0,4800.0,0.0,0
Rajasthan,Dausa,Mustard,5350.0,,,2017-08-25 00:09:21.221315,8,4,5350.0,5350.0,5350.0,5350.0,0.0,0
Rajasthan,Dausa,Wheat,2224.0,,,2017-08-26 00:09:21.221315,8,5,2224.0,2224.0,2224.0,2224.0,0.0,0
Rajasthan,Dausa,Barley (Jau),1515.0,,,2017-08-27 00:09:21.221315,8,6,1515.0,1515.0,1515.0,1515.0,0.0,0
Rajasthan,Dausa,Bengal Gram(Gram)(Whole),4840.0,,,2017-08-28 00:09:21.221315,8,0,4800.0,4840.0,4840.0,4820.0,28.284271247461902,1
Rajasthan,Dausa,Mustard,5400.0,,,2017-08-29 00:09:21.221315,8,1,5350.0,5400.0,5400.0,5375.0,35.35533905932738,1
Rajasthan,Dausa,Wheat,2255.0,,,2017-08-30 00:09:21.221315,8,2,2224.0,2255.0,2255.0,2239.5,21.920310216782973,1
Rajasthan,Ganganagar,Barley (Jau),1700.0,,,2017-08-31 00:09:21.221315,8,3,1700.0,1700.0,1700.0,1700.0,0.0,0
Rajasthan,Hanumangarh,Mustard,5171.0,,,2017-09-01 00:09:21.221315,9,4,5171.0,5171.0,5171.0,5171.0,0.0,0
Rajasthan,Hanumangarh,Barley (Jau),1650.0,,,2017-09-02 00:09:21.221315,9,5,1650.0,1650.0,1650.0,1650.0,0.0,0
Rajasthan,Hanumangarh,Bengal Gram(Gram)(Whole),4651.0,,,2017-09-03 00:09:21.221315,9,6,4651.0,4651.0,4651.0,4651.0,0.0,0
Rajasthan,Hanumangarh,Mustard,5060.0,,,2017-09-04 00:09:21.221315,9,0,5171.0,5060.0,5060.0,5115.5,78.48885271170677,0
Rajasthan,Hanumangarh,Wheat,2151.0,,,2017-09-05 00:09:21.221315,9,1,2151.0,2151.0,2151.0,2151.0,0.0,0
Rajasthan,Jaipur,Bajra(Pearl Millet/Cumbu),2027.0,,,2017-09-06 00:09:21.221315,9,2,2027.0,2027.0,2027.0,2027.0,0.0,0
Rajasthan,Jaipur,Barley (Jau),1615.0,,,2017-09-07 00:09:21.221315,9,3,1615.0,1615.0,1615.0,1615.0,0.0,0
Rajasthan,Jaipur,Bengal Gram(Gram)(Whole),4687.0,,,2017-09-08 00:09:21.221315,9,4,4687.0,4687.0,4687.0,4687.0,0.0,0
Rajasthan,Jaipur,Mustard,5055.0,,,2017-09-09 00:09:21.221315,9,5,5055.0,5055.0,5055.0,5055.0,0.0,0
Rajasthan,Jaipur,Wheat,2281.0,,,2017-09-10 00:09:21.221315,9,6,2281.0,2281.0,2281.0,2281.0,0.0,0
Rajasthan,Jodhpur,Bajra(Pearl Millet/Cumbu),2500.0,,,2017-09-11 00:09:21.221315,9,0,2500.0,2500.0,2500.0,2500.0,0.0,0
Rajasthan,Jodhpur,Mustard,4850.0,,,2017-09-12 00:09:21.221315,9,1,4850.0,4850.0,4850.0,4850.0,0.0,0
Rajasthan,Jodhpur,Green Gram (Moong)(Whole),6900.0,,,2017-09-13 00:09:21.221315,9,2,6900.0,6900.0,6900.0,6900.0,0.0,0
Rajasthan,Jodhpur,Jowar(Sorghum),3550.0,,,2017-09-14 00:09:21.221315,9,3,3550.0,3550.0,3550.0,3550.0,0.0,0
Rajasthan,Kota,Barley (Jau),1725.0,,,2017-09-15 00:09:21.221315,9,4,1725.0,1725.0,1725.0,1725.0,0.0,0
Rajasthan,Kota,Bengal Gram(Gram)(Whole),4750.0,,,2017-09-16 00:09:21.221315,9,5,4750.0,4750.0,4750.0,4750.0,0.0,0
Rajasthan,Kota,Black Gram (Urd Beans)(Whole),6500.0,,,2017-09-17 00:09:21.221315,9,6,6500.0,6500.0,6500.0,6500.0,0.0,0
Rajasthan,Kota,Green Gram (Moong)(Whole),6800.0,,,2017-09-18 00:09:21.221315,9,0,6800.0,6800.0,6800.0,6800.0,0.0,0
Rajasthan,Kota,Jowar(Sorghum),2000.0,,,2017-09-19 00:09:21.221315,9,1,2000.0,2000.0,2000.0,2000.0,0.0,0
Rajasthan,Kota,Maize,1900.0,,,2017-09-20 00:09:21.221315,9,2,1900.0,1900.0,1900.0,1900.0,0.0,0
Rajasthan,Kota,Mustard,5200.0,,,2017-09-21 00:09:21.221315,9,3,5200.0,5200.0,5200.0,5200.0,0.0,0
Rajasthan,Kota,Paddy(Dhan)(Common),3800.0,,,2017-09-22 00:09:21.221315,9,4,3800.0,3800.0,3800.0,3800.0,0.0,0
Rajasthan,Kota,Wheat,2300.0,,,2017-09-23 00:09:21.221315,9,5,2300.0,2300.0,2300.0,2300.0,0.0,0
Rajasthan,Sikar,Barley (Jau),1500.0,,,2017-09-24 00:09:21.221315,9,6,1500.0,1500.0,1500.0,1500.0,0.0,0
Rajasthan,Tonk,Barley (Jau),1560.0,,,2017-09-25 00:09:21.221315,9,0,1560.0,1560.0,1560.0,1560.0,0.0,0
Rajasthan,Tonk,Bengal Gram(Gram)(Whole),4925.0,,,2017-09-26 00:09:21.221315,9,1,4925.0,4925.0,4925.0,4925.0,0.0,0
Rajasthan,Tonk,Green Gram (Moong)(Whole),6300.0,,,2017-09-27 00:09:21.221315,9,2,6300.0,6300.0,6300.0,6300.0,0.0,0
Rajasthan,Tonk,Maize,2570.0,,,2017-09-28 00:09:21.221315,9,3,2570.0,2570.0,2570.0,2570.0,0.0,0
Rajasthan,Tonk,Mustard,5400.0,,,2017-09-29 00:09:21.221315,9,4,5400.0,5400.0,5400.0,5400.0,0.0,0
Rajasthan,Tonk,Wheat,2210.0,,,2017-09-30 00:09:21.221315,9,5,2210.0,2210.0,2210.0,2210.0,0.0,0
Tamil Nadu,Ariyalur,Black Gram Dal (Urd Dal),7500.0,,,2017-10-01 00:09:21.221315,10,6,7500.0,7500.0,7500.0,7500.0,0.0,0
Tamil Nadu,Ariyalur,Maize,2235.0,,,2017-10-02 00:09:21.221315,10,0,2235.0,2235.0,2235.0,2235.0,0.0,0
Tamil Nadu,Ariyalur,Paddy(Dhan)(Common),2050.0,,,2017-10-03 00:09:21.221315,10,1,2050.0,2050.0,2050.0,2050.0,0.0,0
Tamil Nadu,Coimbatore,Maize,2200.0,,,2017-10-04 00:09:21.221315,10,2,2200.0,2200.0,2200.0,2200.0,0.0,0
Tamil Nadu,Coimbatore,Paddy(Dhan)(Common),2050.0,,,2017-10-05 00:09:21.221315,10,3,2050.0,2050.0,2050.0,2050.0,0.0,0
Tamil Nadu,Coimbatore,Maize,2250.0,,,2017-10-06 00:09:21.221315,10,4,2200.0,2250.0,2250.0,2225.0,35.35533905932738,1
Tamil Nadu,Cuddalore,Paddy(Dhan)(Common),1828.0,,,2017-10-07 00:09:21.221315,10,5,1828.0,1828.0,1828.0,1828.0,0.0,0
Tamil Nadu,Cuddalore,Paddy(Dhan)(Common),1572.0,,,2017-10-08 00:09:21.221315,10,6,1828.0,1572.0,1572.0,1700.0,181.01933598375618,0
Tamil Nadu,Erode,Maize,2350.0,,,2017-10-09 00:09:21.221315,10,0,2350.0,2350.0,2350.0,2350.0,0.0,0
Tamil Nadu,Madurai,Paddy(Dhan)(Common),2046.0,,,2017-10-10 00:09:21.221315,10,1,2046.0,2046.0,2046.0,2046.0,0.0,0
Tamil Nadu,Madurai,Paddy(Dhan)(Common),2123.0,,,2017-10-11 00:09:21.221315,10,2,2046.0,2123.0,2123.0,2084.5,54.44722215136416,1
Tamil Nadu,Madurai,Paddy(Dhan)(Common),2585.0,,,2017-10-12 00:09:21.221315,10,3,2123.0,2585.0,2585.0,2251.3333333333335,291.517295084414,1
Tamil Nadu,Madurai,Paddy(Dhan)(Common),2816.0,,,2017-10-13 00:09:21.221315,10,4,2585.0,2816.0,2816.0,2392.5,369.27902729507935,1
Tamil Nadu,Madurai,Cotton,5200.0,,,2017-10-14 00:09:21.221315,10,5,5200.0,5200.0,5200.0,5200.0,0.0,0
Tamil Nadu,Madurai,Cotton,5850.0,,,2017-10-15 00:09:21.221315,10,6,5200.0,5850.0,5850.0,5525.0,459.6194077712559,1
Tamil Nadu,Madurai,Jowar(Sorghum),3950.0,,,2017-10-16 00:09:21.221315,10,0,3950.0,3950.0,3950.0,3950.0,0.0,0
Tamil Nadu,Madurai,Paddy(Dhan)(Common),1900.0,,,2017-10-17 00:09:21.221315,10,1,2816.0,1900.0,1900.0,2294.0,388.3123742555727,0
Tamil Nadu,Madurai,Paddy(Dhan)(Common),2050.0,,,2017-10-18 00:09:21.221315,10,2,1900.0,2050.0,2050.0,2253.3333333333335,361.3196184359032,1
Tamil Nadu,Namakkal,Maize,2307.0,,,2017-10-19 00:09:21.221315,10,3,2307.0,2307.0,2307.0,2307.0,0.0,0
Tamil Nadu,Salem,Cotton,6200.0,,,2017-10-20 00:09:21.221315,10,4,6200.0,6200.0,6200.0,6200.0,0.0,0
Tamil Nadu,Thanjavur,Paddy(Dhan)(Common),1900.0,,,2017-10-21 00:09:21.221315,10,5,1900.0,1900.0,1900.0,1900.0,0.0,0
Tamil Nadu,Theni,Cotton,7600.0,,,2017-10-22 00:09:21.221315,10,6,7600.0,7600.0,7600.0,7600.0,0.0,0
Tamil Nadu,Theni,Paddy(Dhan)(Common),1760.0,,,2017-10-23 00:09:21.221315,10,0,1760.0,1760.0,1760.0,1760.0,0.0,0
Tamil Nadu,Theni,Paddy(Dhan)(Common),1770.0,,,2017-10-24 00:09:21.221315,10,1,1760.0,1770.0,1770.0,1765.0,7.0710678118654755,1
Tamil Nadu,Theni,Bajra(Pearl Millet/Cumbu),2535.0,,,2017-10-25 00:09:21.221315,10,2,2535.0,2535.0,2535.0,2535.0,0.0,0
Tamil Nadu,Theni,Cotton,5500.0,,,2017-10-26 00:09:21.221315,10,3,7600.0,5500.0,5500.0,6550.0,1484.9242404917497,0
Tamil Nadu,Theni,Jowar(Sorghum),4030.0,,,2017-10-27 00:09:21.221315,10,4,4030.0,4030.0,4030.0,4030.0,0.0,0
Tamil Nadu,Theni,Maize,2305.0,,,2017-10-28 00:09:21.221315,10,5,2305.0,2305.0,2305.0,2305.0,0.0,0
Tamil Nadu,Theni,Paddy(Dhan)(Common),1695.0,,,2017-10-29 00:09:21.221315,10,6,1770.0,1695.0,1695.0,1741.6666666666667,40.72263907623542,0
Tamil Nadu,Thiruvannamalai,Paddy(Dhan)(Common),1728.0,,,2017-10-30 00:09:21.221315,10,0,1728.0,1728.0,1728.0,1728.0,0.0,0
Tamil Nadu,Villupuram,Maize,2038.0,,,2017-10-31 00:09:21.221315,10,1,2038.0,2038.0,2038.0,2038.0,0.0,0
Tamil Nadu,Villupuram,Black Gram (Urd Beans)(Whole),6453.0,,,2017-11-01 00:09:21.221315,11,2,6453.0,6453.0,6453.0,6453.0,0.0,0
Tamil Nadu,Villupuram,Paddy(Dhan)(Common),1573.0,,,2017-11-02 00:09:21.221315,11,3,1573.0,1573.0,1573.0,1573.0,0.0,0
Tamil Nadu,Villupuram,Paddy(Dhan)(Common),1364.0,,,2017-11-03 00:09:21.221315,11,4,1573.0,1364.0,1364.0,1468.5,147.78531726798843,0
Tamil Nadu,Villupuram,Black Gram (Urd Beans)(Whole),8160.0,,,2017-11-04 00:09:21.221315,11,5,6453.0,8160.0,8160.0,7306.5,1207.0312754854367,1
Tamil Nadu,Villupuram,Maize,2190.0,,,2017-11-05 00:09:21.221315,11,6,2038.0,2190.0,2190.0,2114.0,107.48023074035522,1
Tamil Nadu,Villupuram,Paddy(Dhan)(Common),1759.0,,,2017-11-06 00:09:21.221315,11,0,1364.0,1759.0,1759.0,1565.3333333333333,197.61157186089417,1
Tamil Nadu,Villupuram,Paddy(Dhan)(Common),1713.0,,,2017-11-07 00:09:21.221315,11,1,1759.0,1713.0,1713.0,1602.25,177.4398959272313,0
Tamil Nadu,Villupuram,Paddy(Dhan)(Common),1767.0,,,2017-11-08 00:09:21.221315,11,2,1713.0,1767.0,1767.0,1635.2,170.4177220831214,1
Tamil Nadu,Villupuram,Paddy(Dhan)(Common),1760.0,,,2017-11-09 00:09:21.221315,11,3,1767.0,1760.0,1760.0,1656.0,160.71589840460715,0
Tamil Nadu,Villupuram,Black Gram (Urd Beans)(Whole),7389.0,,,2017-11-10 00:09:21.221315,11,4,8160.0,7389.0,7389.0,7334.0,854.8280528854912,0
Tamil Nadu,Villupuram,Paddy(Dhan)(Common),1725.0,,,2017-11-11 00:09:21.221315,11,5,1760.0,1725.0,1725.0,1665.857142857143,149.0127830885979,0
Tamil Nadu,Villupuram,Paddy(Dhan)(Common),1787.0,,,2017-11-12 00:09:21.221315,11,6,1725.0,1573.0,1787.0,1696.4285714285713,148.7389851864188,1
Tamil Nadu,Villupuram,Paddy(Dhan)(Common),1881.0,,,2017-11-13 00:09:21.221315,11,0,1787.0,1364.0,1881.0,1770.2857142857142,54.944560803638566,1
Tamil Nadu,Villupuram,Paddy(Dhan)(Common),2445.0,,,2017-11-14 00:09:21.221315,11,1,1881.0,1759.0,2445.0,1868.2857142857142,260.1273497639916,1
Telangana,Adilabad,Cotton,6900.0,,,2017-11-15 00:09:21.221315,11,2,6900.0,6900.0,6900.0,6900.0,0.0,0
Telangana,Adilabad,Jowar(Sorghum),3000.0,,,2017-11-16 00:09:21.221315,11,3,3000.0,3000.0,3000.0,3000.0,0.0,0
Telangana,Adilabad,Cotton,7450.0,,,2017-11-17 00:09:21.221315,11,4,6900.0,7450.0,7450.0,7175.0,388.90872965260115,1
Telangana,Adilabad,Cotton,7320.0,,,2017-11-18 00:09:21.221315,11,5,7450.0,7320.0,7320.0,7223.333333333333,287.4601421646719,0
Telangana,Adilabad,Cotton,7450.0,,,2017-11-19 00:09:21.221315,11,6,7320.0,7450.0,7450.0,7280.0,260.64023736432824,1
Telangana,Jagityal,Paddy(Dhan)(Common),2040.0,,,2017-11-20 00:09:21.221315,11,0,2040.0,2040.0,2040.0,2040.0,0.0,0
Telangana,Karimnagar,Paddy(Dhan)(Common),2060.0,,,2017-11-21 00:09:21.221315,11,1,2060.0,2060.0,2060.0,2060.0,0.0,0
Telangana,Karimnagar,Paddy(Dhan)(Common),2040.0,,,2017-11-22 00:09:21.221315,11,2,2060.0,2040.0,2040.0,2050.0,14.142135623730951,0
Telangana,Karimnagar,Paddy(Dhan)(Common),2040.0,,,2017-11-23 00:09:21.221315,11,3,2040.0,2040.0,2040.0,2046.6666666666667,11.547005383792532,0
Telangana,Karimnagar,Maize,2050.0,,,2017-11-24 00:09:21.221315,11,4,2050.0,2050.0,2050.0,2050.0,0.0,0
Telangana,Karimnagar,Paddy(Dhan)(Common),2040.0,,,2017-11-25 00:09:21.221315,11,5,2040.0,2040.0,2040.0,2045.0,10.00000000000002,0
Telangana,Karimnagar,Paddy(Dhan)(Common),2060.0,,,2017-11-26 00:09:21.221315,11,6,2040.0,2060.0,2060.0,2048.0,10.954451150103335,1
Telangana,Karimnagar,Paddy(Dhan)(Common),2040.0,,,2017-11-27 00:09:21.221315,11,0,2060.0,2040.0,2040.0,2046.6666666666667,10.327955589886463,0
Telangana,Karimnagar,Paddy(Dhan)(Common),2203.0,,,2017-11-28 00:09:21.221315,11,1,2040.0,2203.0,2203.0,2069.0,59.83588666789632,1
Telangana,Karimnagar,Paddy(Dhan)(Common),2100.0,,,2017-11-29 00:09:21.221315,11,2,2203.0,2060.0,2100.0,2074.714285714286,60.736354532559496,0
Telangana,Karimnagar,Paddy(Dhan)(Common),2060.0,,,2017-11-30 00:09:21.221315,11,3,2100.0,2040.0,2060.0,2077.5714285714284,59.28422258593803,0
Telangana,Karimnagar,Paddy(Dhan)(Common),2040.0,,,2017-12-01 00:09:21.221315,12,4,2060.0,2040.0,2040.0,2077.5714285714284,59.28422258593803,0
Telangana,Karimnagar,Paddy(Dhan)(Common),2060.0,,,2017-12-02 00:09:21.221315,12,5,2040.0,2040.0,2060.0,2080.4285714285716,57.63059703218172,1
Telangana,Karimnagar,Paddy(Dhan)(Common),2203.0,,,2017-12-03 00:09:21.221315,12,6,2060.0,2060.0,2203.0,2100.8571428571427,72.58656572541184,1
Telangana,Karimnagar,Cotton,6380.0,,,2017-12-04 00:09:21.221315,12,0,6380.0,6380.0,6380.0,6380.0,0.0,0
Telangana,Karimnagar,Paddy(Dhan)(Common),2060.0,,,2017-12-05 00:09:21.221315,12,1,2203.0,2040.0,2060.0,2103.714285714286,70.14440886655264,0
Telangana,Karimnagar,Cotton,6380.0,,,2017-12-06 00:09:21.221315,12,2,6380.0,6380.0,6380.0,6380.0,0.0,0
Telangana,Karimnagar,Paddy(Dhan)(Common),2060.0,,,2017-12-07 00:09:21.221315,12,3,2060.0,2203.0,2060.0,2083.285714285714,55.757553406733905,0
Telangana,Karimnagar,Paddy(Dhan)(Common),2060.0,,,2017-12-08 00:09:21.221315,12,4,2060.0,2100.0,2060.0,2077.5714285714284,55.808772138608056,0
Telangana,Karimnagar,Paddy(Dhan)(Common),2060.0,,,2017-12-09 00:09:21.221315,12,5,2060.0,2060.0,2060.0,2077.5714285714284,55.808772138608056,0
Telangana,Khammam,Paddy(Dhan)(Common),2060.0,,,2017-12-10 00:09:21.221315,12,6,2060.0,2060.0,2060.0,2060.0,0.0,0
Telangana,Khammam,Paddy(Dhan)(Common),2060.0,,,2017-12-11 00:09:21.221315,12,0,2060.0,2060.0,2060.0,2060.0,0.0,0
Telangana,Khammam,Paddy(Dhan)(Common),2040.0,,,2017-12-12 00:09:21.221315,12,1,2060.0,2040.0,2040.0,2053.3333333333335,11.54700538379258,0
Telangana,Khammam,Cotton,6800.0,,,2017-12-13 00:09:21.221315,12,2,6800.0,6800.0,6800.0,6800.0,0.0,0
Telangana,Mahbubnagar,Paddy(Dhan)(Common),2050.0,,,2017-12-14 00:09:21.221315,12,3,2050.0,2050.0,2050.0,2050.0,0.0,0
Telangana,Mahbubnagar,Paddy(Dhan)(Common),2040.0,,,2017-12-15 00:09:21.221315,12,4,2050.0,2040.0,2040.0,2045.0,7.0710678118654755,0
Telangana,Medak,Paddy(Dhan)(Common),2060.0,,,2017-12-16 00:09:21.221315,12,5,2060.0,2060.0,2060.0,2060.0,0.0,0
Telangana,Medak,Paddy(Dhan)(Common),2060.0,,,2017-12-17 00:09:21.221315,12,6,2060.0,2060.0,2060.0,2060.0,0.0,0
Telangana,Nalgonda,Arhar (Tur/Red Gram)(Whole),6600.0,,,2017-12-18 00:09:21.221315,12,0,6600.0,6600.0,6600.0,6600.0,0.0,0
Telangana,Nalgonda,Paddy(Dhan)(Basmati),2060.0,,,2017-12-19 00:09:21.221315,12,1,2060.0,2060.0,2060.0,2060.0,0.0,0
Telangana,Nalgonda,Paddy(Dhan)(Common),2060.0,,,2017-12-20 00:09:21.221315,12,2,2060.0,2060.0,2060.0,2060.0,0.0,0
Telangana,Nalgonda,Cotton,6080.0,,,2017-12-21 00:09:21.221315,12,3,6080.0,6080.0,6080.0,6080.0,0.0,0
Telangana,Nalgonda,Cotton,6080.0,,,2017-12-22 00:09:21.221315,12,4,6080.0,6080.0,6080.0,6080.0,0.0,0
Telangana,Nalgonda,Paddy(Dhan)(Common),2040.0,,,2017-12-23 00:09:21.221315,12,5,2060.0,2040.0,2040.0,2050.0,14.142135623730951,0
Telangana,Nalgonda,Paddy(Dhan)(Common),2040.0,,,2017-12-24 00:09:21.221315,12,6,2040.0,2040.0,2040.0,2046.6666666666667,11.547005383792532,0
Telangana,Nalgonda,Paddy(Dhan)(Common),2060.0,,,2017-12-25 00:09:21.221315,12,0,2040.0,2060.0,2060.0,2050.0,11.547005383792516,1
Telangana,Nalgonda,Paddy(Dhan)(Common),2060.0,,,2017-12-26 00:09:21.221315,12,1,2060.0,2060.0,2060.0,2052.0,10.954451150103322,0
Telangana,Nalgonda,Paddy(Dhan)(Common),2060.0,,,2017-12-27 00:09:21.221315,12,2,2060.0,2060.0,2060.0,2053.3333333333335,10.327955589886434,0
Telangana,Nalgonda,Cotton,6380.0,,,2017-12-28 00:09:21.221315,12,3,6080.0,6380.0,6380.0,6180.0,173.20508075688772,1
Telangana,Nalgonda,Maize,1930.0,,,2017-12-29 00:09:21.221315,12,4,1930.0,1930.0,1930.0,1930.0,0.0,0
Telangana,Nalgonda,Paddy(Dhan)(Common),2060.0,,,2017-12-30 00:09:21.221315,12,5,2060.0,2060.0,2060.0,2054.285714285714,9.759000729485317,0
Telangana,Nalgonda,Paddy(Dhan)(Common),2060.0,,,2017-12-31 00:09:21.221315,12,6,2060.0,2060.0,2060.0,2054.285714285714,9.759000729485317,0
Telangana,Nalgonda,Paddy(Dhan)(Common),2060.0,,,2018-01-01 00:09:21.221315,1,0,2060.0,2040.0,2060.0,2057.1428571428573,7.559289460184576,0
Telangana,Nalgonda,Paddy(Dhan)(Common),2060.0,,,2018-01-02 00:09:21.221315,1,1,2060.0,2040.0,2060.0,2060.0,0.0,0
Telangana,Nalgonda,Paddy(Dhan)(Common),2203.0,,,2018-01-03 00:09:21.221315,1,2,2060.0,2060.0,2203.0,2080.4285714285716,54.048919640319674,1
Telangana,Nalgonda,Cotton,7150.0,,,2018-01-04 00:09:21.221315,1,3,6380.0,7150.0,7150.0,6422.5,505.19798099359025,1
Telangana,Nizamabad,Maize,1962.0,,,2018-01-05 00:09:21.221315,1,4,1962.0,1962.0,1962.0,1962.0,0.0,0
Telangana,Nizamabad,Paddy(Dhan)(Common),2040.0,,,2018-01-06 00:09:21.221315,1,5,2040.0,2040.0,2040.0,2040.0,0.0,0
Telangana,Nizamabad,Paddy(Dhan)(Common),2060.0,,,2018-01-07 00:09:21.221315,1,6,2040.0,2060.0,2060.0,2050.0,14.142135623730951,1
Telangana,Nizamabad,Paddy(Dhan)(Common),2040.0,,,2018-01-08 00:09:21.221315,1,0,2060.0,2040.0,2040.0,2046.6666666666667,11.547005383792532,0
Telangana,Nizamabad,Maize,1962.0,,,2018-01-09 00:09:21.221315,1,1,1962.0,1962.0,1962.0,1962.0,0.0,0
Telangana,Ranga Reddy,Maize,1962.0,,,2018-01-10 00:09:21.221315,1,2,1962.0,1962.0,1962.0,1962.0,0.0,0
Telangana,Ranga Reddy,Paddy(Dhan)(Common),2060.0,,,2018-01-11 00:09:21.221315,1,3,2060.0,2060.0,2060.0,2060.0,0.0,0
Telangana,Ranga Reddy,Paddy(Dhan)(Common),2000.0,,,2018-01-12 00:09:21.221315,1,4,2060.0,2000.0,2000.0,2030.0,42.42640687119285,0
Telangana,Warangal,Cotton,6200.0,,,2018-01-13 00:09:21.221315,1,5,6200.0,6200.0,6200.0,6200.0,0.0,0
Telangana,Warangal,Cotton,6600.0,,,2018-01-14 00:09:21.221315,1,6,6200.0,6600.0,6600.0,6400.0,282.842712474619,1
Uttar Pradesh,Agra,Wheat,2270.0,,,2018-01-15 00:09:21.221315,1,0,2270.0,2270.0,2270.0,2270.0,0.0,0
Uttar Pradesh,Aligarh,Arhar (Tur/Red Gram)(Whole),8300.0,,,2018-01-16 00:09:21.221315,1,1,8300.0,8300.0,8300.0,8300.0,0.0,0
Uttar Pradesh,Aligarh,Bajra(Pearl Millet/Cumbu),2140.0,,,2018-01-17 00:09:21.221315,1,2,2140.0,2140.0,2140.0,2140.0,0.0,0
Uttar Pradesh,Aligarh,Barley (Jau),2230.0,,,2018-01-18 00:09:21.221315,1,3,2230.0,2230.0,2230.0,2230.0,0.0,0
Uttar Pradesh,Aligarh,Bengal Gram(Gram)(Whole),5560.0,,,2018-01-19 00:09:21.221315,1,4,5560.0,5560.0,5560.0,5560.0,0.0,0
Uttar Pradesh,Aligarh,Green Gram (Moong)(Whole),7760.0,,,2018-01-20 00:09:21.221315,1,5,7760.0,7760.0,7760.0,7760.0,0.0,0
Uttar Pradesh,Aligarh,Lentil (Masur)(Whole),6960.0,,,2018-01-21 00:09:21.221315,1,6,6960.0,6960.0,6960.0,6960.0,0.0,0
Uttar Pradesh,Aligarh,Maize,2000.0,,,2018-01-22 00:09:21.221315,1,0,2000.0,2000.0,2000.0,2000.0,0.0,0
Uttar Pradesh,Aligarh,Mustard,5450.0,,,2018-01-23 00:09:21.221315,1,1,5450.0,5450.0,5450.0,5450.0,0.0,0
Uttar Pradesh,Aligarh,Mustard Oil,12800.0,,,2018-01-24 00:09:21.221315,1,2,12800.0,12800.0,12800.0,12800.0,0.0,0
Uttar Pradesh,Aligarh,Paddy(Dhan)(Basmati),3050.0,,,2018-01-25 00:09:21.221315,1,3,3050.0,3050.0,3050.0,3050.0,0.0,0
Uttar Pradesh,Aligarh,Wheat,2240.0,,,2018-01-26 00:09:21.221315,1,4,2240.0,2240.0,2240.0,2240.0,0.0,0
Uttar Pradesh,Aligarh,Maize,1700.0,,,2018-01-27 00:09:21.221315,1,5,2000.0,1700.0,1700.0,1850.0,212.13203435596427,0
Uttar Pradesh,Aligarh,Wheat,2150.0,,,2018-01-28 00:09:21.221315,1,6,2240.0,2150.0,2150.0,2195.0,63.63961030678928,0
Uttar Pradesh,Aligarh,Arhar Dal(Tur Dal),12500.0,,,2018-01-29 00:09:21.221315,1,0,12500.0,12500.0,12500.0,12500.0,0.0,0
Uttar Pradesh,Aligarh,Bajra(Pearl Millet/Cumbu),2140.0,,,2018-01-30 00:09:21.221315,1,1,2140.0,2140.0,2140.0,2140.0,0.0,0
Uttar Pradesh,Aligarh,Black Gram Dal (Urd Dal),9500.0,,,2018-01-31 00:09:21.221315,1,2,9500.0,9500.0,9500.0,9500.0,0.0,0
Uttar Pradesh,Aligarh,Maize,2000.0,,,2018-02-01 00:09:21.221315,2,3,1700.0,2000.0,2000.0,1900.0,173.20508075688772,1
Uttar Pradesh,Aligarh,Mustard,5450.0,,,2018-02-02 00:09:21.221315,2,4,5450.0,5450.0,5450.0,5450.0,0.0,0
Uttar Pradesh,Aligarh,Mustard Oil,12800.0,,,2018-02-03 00:09:21.221315,2,5,12800.0,12800.0,12800.0,12800.0,0.0,0
Uttar Pradesh,Aligarh,Wheat,2230.0,,,2018-02-04 00:09:21.221315,2,6,2150.0,2230.0,2230.0,2206.6666666666665,49.3288286231625,1
Uttar Pradesh,Allahabad,Wheat,2240.0,,,2018-02-05 00:09:21.221315,2,0,2240.0,2240.0,2240.0,2240.0,0.0,0
Uttar Pradesh,Allahabad,Bengal Gram(Gram)(Whole),5365.0,,,2018-02-06 00:09:21.221315,2,1,5365.0,5365.0,5365.0,5365.0,0.0,0
Uttar Pradesh,Allahabad,Mustard,5460.0,,,2018-02-07 00:09:21.221315,2,2,5460.0,5460.0,5460.0,5460.0,0.0,0
Uttar Pradesh,Allahabad,Mustard Oil,12500.0,,,2018-02-08 00:09:21.221315,2,3,12500.0,12500.0,12500.0,12500.0,0.0,0
Uttar Pradesh,Allahabad,Wheat,2285.0,,,2018-02-09 00:09:21.221315,2,4,2240.0,2285.0,2285.0,2262.5,31.81980515339464,1
Uttar Pradesh,Auraiya,Arhar (Tur/Red Gram)(Whole),9200.0,,,2018-02-10 00:09:21.221315,2,5,9200.0,9200.0,9200.0,9200.0,0.0,0
Uttar Pradesh,Auraiya,Arhar Dal(Tur Dal),12950.0,,,2018-02-11 00:09:21.221315,2,6,12950.0,12950.0,12950.0,12950.0,0.0,0
Uttar Pradesh,Auraiya,Bengal Gram Dal (Chana Dal),6200.0,,,2018-02-12 00:09:21.221315,2,0,6200.0,6200.0,6200.0,6200.0,0.0,0
Uttar Pradesh,Auraiya,Bengal Gram(Gram)(Whole),5380.0,,,2018-02-13 00:09:21.221315,2,1,5380.0,5380.0,5380.0,5380.0,0.0,0
Uttar Pradesh,Auraiya,Green Gram (Moong)(Whole),7300.0,,,2018-02-14 00:09:21.221315,2,2,7300.0,7300.0,7300.0,7300.0,0.0,0
Uttar Pradesh,Auraiya,Mustard,5270.0,,,2018-02-15 00:09:21.221315,2,3,5270.0,5270.0,5270.0,5270.0,0.0,0
Uttar Pradesh,Auraiya,Mustard Oil,12450.0,,,2018-02-16 00:09:21.221315,2,4,12450.0,12450.0,12450.0,12450.0,0.0,0
Uttar Pradesh,Auraiya,Wheat,2240.0,,,2018-02-17 00:09:21.221315,2,5,2240.0,2240.0,2240.0,2240.0,0.0,0
Uttar Pradesh,Auraiya,Maize,1765.0,,,2018-02-18 00:09:21.221315,2,6,1765.0,1765.0,1765.0,1765.0,0.0,0
Uttar Pradesh,Auraiya,Wheat,2250.0,,,2018-02-19 00:09:21.221315,2,0,2240.0,2250.0,2250.0,2245.0,7.0710678118654755,1
Uttar Pradesh,Badaun,Bengal Gram(Gram)(Whole),5840.0,,,2018-02-20 00:09:21.221315,2,1,5840.0,5840.0,5840.0,5840.0,0.0,0
Uttar Pradesh,Badaun,Black Gram (Urd Beans)(Whole),7590.0,,,2018-02-21 00:09:21.221315,2,2,7590.0,7590.0,7590.0,7590.0,0.0,0
Uttar Pradesh,Badaun,Green Gram (Moong)(Whole),7890.0,,,2018-02-22 00:09:21.221315,2,3,7890.0,7890.0,7890.0,7890.0,0.0,0
Uttar Pradesh,Badaun,Lentil (Masur)(Whole),6880.0,,,2018-02-23 00:09:21.221315,2,4,6880.0,6880.0,6880.0,6880.0,0.0,0
Uttar Pradesh,Badaun,Maize,1750.0,,,2018-02-24 00:09:21.221315,2,5,1750.0,1750.0,1750.0,1750.0,0.0,0
Uttar Pradesh,Badaun,Wheat,2320.0,,,2018-02-25 00:09:21.221315,2,6,2320.0,2320.0,2320.0,2320.0,0.0,0
Uttar Pradesh,Badaun,Maize,1550.0,,,2018-02-26 00:09:21.221315,2,0,1750.0,1550.0,1550.0,1650.0,141.4213562373095,0
Uttar Pradesh,Bahraich,Arhar Dal(Tur Dal),13000.0,,,2018-02-27 00:09:21.221315,2,1,13000.0,13000.0,13000.0,13000.0,0.0,0
Uttar Pradesh,Bahraich,Wheat,2290.0,,,2018-02-28 00:09:21.221315,2,2,2290.0,2290.0,2290.0,2290.0,0.0,0
Uttar Pradesh,Ballia,Barley (Jau),2220.0,,,2018-03-01 00:09:21.221315,3,3,2220.0,2220.0,2220.0,2220.0,0.0,0
Uttar Pradesh,Ballia,Bengal Gram(Gram)(Whole),5725.0,,,2018-03-02 00:09:21.221315,3,4,5725.0,5725.0,5725.0,5725.0,0.0,0
Uttar Pradesh,Ballia,Lentil (Masur)(Whole),6800.0,,,2018-03-03 00:09:21.221315,3,5,6800.0,6800.0,6800.0,6800.0,0.0,0
Uttar Pradesh,Ballia,Mustard,5510.0,,,2018-03-04 00:09:21.221315,3,6,5510.0,5510.0,5510.0,5510.0,0.0,0
Uttar Pradesh,Ballia,Wheat,2260.0,,,2018-03-05 00:09:21.221315,3,0,2260.0,2260.0,2260.0,2260.0,0.0,0
Uttar Pradesh,Ballia,Arhar Dal(Tur Dal),13230.0,,,2018-03-06 00:09:21.221315,3,1,13230.0,13230.0,13230.0,13230.0,0.0,0
Uttar Pradesh,Ballia,Barley (Jau),2210.0,,,2018-03-07 00:09:21.221315,3,2,2220.0,2210.0,2210.0,2215.0,7.0710678118654755,0
Uttar Pradesh,Ballia,Bengal Gram Dal (Chana Dal),6400.0,,,2018-03-08 00:09:21.221315,3,3,6400.0,6400.0,6400.0,6400.0,0.0,0
Uttar Pradesh,Ballia,Bengal Gram(Gram)(Whole),5720.0,,,2018-03-09 00:09:21.221315,3,4,5725.0,5720.0,5720.0,5722.5,3.5355339059327378,0
Uttar Pradesh,Ballia,Green Gram (Moong)(Whole),8520.0,,,2018-03-10 00:09:21.221315,3,5,8520.0,8520.0,8520.0,8520.0,0.0,0
Uttar Pradesh,Ballia,Lentil (Masur)(Whole),6820.0,,,2018-03-11 00:09:21.221315,3,6,6800.0,6820.0,6820.0,6810.0,14.142135623730951,1
Uttar Pradesh,Ballia,Mustard,5520.0,,,2018-03-12 00:09:21.221315,3,0,5510.0,5520.0,5520.0,5515.0,7.0710678118654755,1
Uttar Pradesh,Ballia,Wheat,2260.0,,,2018-03-13 00:09:21.221315,3,1,2260.0,2260.0,2260.0,2260.0,0.0,0
Uttar Pradesh,Balrampur,Arhar Dal(Tur Dal),13000.0,,,2018-03-14 00:09:21.221315,3,2,13000.0,13000.0,13000.0,13000.0,0.0,0
Uttar Pradesh,Balrampur,Arhar Dal(Tur Dal),13100.0,,,2018-03-15 00:09:21.221315,3,3,13000.0,13100.0,13100.0,13050.0,70.71067811865476,1
Uttar Pradesh,Balrampur,Bengal Gram(Gram)(Whole),5625.0,,,2018-03-16 00:09:21.221315,3,4,5625.0,5625.0,5625.0,5625.0,0.0,0
Uttar Pradesh,Balrampur,Lentil (Masur)(Whole),7000.0,,,2018-03-17 00:09:21.221315,3,5,7000.0,7000.0,7000.0,7000.0,0.0,0
Uttar Pradesh,Balrampur,Mustard,5485.0,,,2018-03-18 00:09:21.221315,3,6,5485.0,5485.0,5485.0,5485.0,0.0,0
Uttar Pradesh,Balrampur,Paddy(Dhan)(Common),1850.0,,,2018-03-19 00:09:21.221315,3,0,1850.0,1850.0,1850.0,1850.0,0.0,0
Uttar Pradesh,Balrampur,Wheat,2300.0,,,2018-03-20 00:09:21.221315,3,1,2300.0,2300.0,2300.0,2300.0,0.0,0
Uttar Pradesh,Banda,Bengal Gram(Gram)(Whole),4950.0,,,2018-03-21 00:09:21.221315,3,2,4950.0,4950.0,4950.0,4950.0,0.0,0
Uttar Pradesh,Banda,Lentil (Masur)(Whole),5560.0,,,2018-03-22 00:09:21.221315,3,3,5560.0,5560.0,5560.0,5560.0,0.0,0
Uttar Pradesh,Banda,Wheat,2190.0,,,2018-03-23 00:09:21.221315,3,4,2190.0,2190.0,2190.0,2190.0,0.0,0
Uttar Pradesh,Barabanki,Arhar Dal(Tur Dal),13240.0,,,2018-03-24 00:09:21.221315,3,5,13240.0,13240.0,13240.0,13240.0,0.0,0
Uttar Pradesh,Barabanki,Bengal Gram Dal (Chana Dal),6220.0,,,2018-03-25 00:09:21.221315,3,6,6220.0,6220.0,6220.0,6220.0,0.0,0
Uttar Pradesh,Barabanki,Black Gram (Urd Beans)(Whole),8150.0,,,2018-03-26 00:09:21.221315,3,0,8150.0,8150.0,8150.0,8150.0,0.0,0
Uttar Pradesh,Barabanki,Lentil (Masur)(Whole),6830.0,,,2018-03-27 00:09:21.221315,3,1,6830.0,6830.0,6830.0,6830.0,0.0,0
Uttar Pradesh,Barabanki,Wheat,2320.0,,,2018-03-28 00:09:21.221315,3,2,2320.0,2320.0,2320.0,2320.0,0.0,0
Uttar Pradesh,Bareilly,Arhar Dal(Tur Dal),9975.0,,,2018-03-29 00:09:21.221315,3,3,9975.0,9975.0,9975.0,9975.0,0.0,0
Uttar Pradesh,Bareilly,Bengal Gram(Gram)(Whole),5875.0,,,2018-03-30 00:09:21.221315,3,4,5875.0,5875.0,5875.0,5875.0,0.0,0
Uttar Pradesh,Bareilly,Mustard,5450.0,,,2018-03-31 00:09:21.221315,3,5,5450.0,5450.0,5450.0,5450.0,0.0,0
Uttar Pradesh,Bareilly,Wheat,2350.0,,,2018-04-01 00:09:21.221315,4,6,2350.0,2350.0,2350.0,2350.0,0.0,0
Uttar Pradesh,Basti,Arhar Dal(Tur Dal),13200.0,,,2018-04-02 00:09:21.221315,4,0,13200.0,13200.0,13200.0,13200.0,0.0,0
Uttar Pradesh,Basti,Bengal Gram Dal (Chana Dal),6420.0,,,2018-04-03 00:09:21.221315,4,1,6420.0,6420.0,6420.0,6420.0,0.0,0
Uttar Pradesh,Basti,Bengal Gram(Gram)(Whole),5730.0,,,2018-04-04 00:09:21.221315,4,2,5730.0,5730.0,5730.0,5730.0,0.0,0
Uttar Pradesh,Basti,Black Gram Dal (Urd Dal),9560.0,,,2018-04-05 00:09:21.221315,4,3,9560.0,9560.0,9560.0,9560.0,0.0,0
Uttar Pradesh,Basti,Lentil (Masur)(Whole),6840.0,,,2018-04-06 00:09:21.221315,4,4,6840.0,6840.0,6840.0,6840.0,0.0,0
Uttar Pradesh,Basti,Mustard,5525.0,,,2018-04-07 00:09:21.221315,4,5,5525.0,5525.0,5525.0,5525.0,0.0,0
Uttar Pradesh,Basti,Paddy(Dhan)(Common),1920.0,,,2018-04-08 00:09:21.221315,4,6,1920.0,1920.0,1920.0,1920.0,0.0,0
Uttar Pradesh,Basti,Wheat,2270.0,,,2018-04-09 00:09:21.221315,4,0,2270.0,2270.0,2270.0,2270.0,0.0,0
Uttar Pradesh,Bulandshahar,Paddy(Dhan)(Basmati),2800.0,,,2018-04-10 00:09:21.221315,4,1,2800.0,2800.0,2800.0,2800.0,0.0,0
Uttar Pradesh,Bulandshahar,Bajra(Pearl Millet/Cumbu),1850.0,,,2018-04-11 00:09:21.221315,4,2,1850.0,1850.0,1850.0,1850.0,0.0,0
Uttar Pradesh,Bulandshahar,Barley (Jau),1750.0,,,2018-04-12 00:09:21.221315,4,3,1750.0,1750.0,1750.0,1750.0,0.0,0
Uttar Pradesh,Bulandshahar,Maize,1700.0,,,2018-04-13 00:09:21.221315,4,4,1700.0,1700.0,1700.0,1700.0,0.0,0
Uttar Pradesh,Bulandshahar,Mustard,5450.0,,,2018-04-14 00:09:21.221315,4,5,5450.0,5450.0,5450.0,5450.0,0.0,0
Uttar Pradesh,Bulandshahar,Wheat,2150.0,,,2018-04-15 00:09:21.221315,4,6,2150.0,2150.0,2150.0,2150.0,0.0,0
Uttar Pradesh,Bulandshahar,Maize,2100.0,,,2018-04-16 00:09:21.221315,4,0,1700.0,2100.0,2100.0,1900.0,282.842712474619,1
Uttar Pradesh,Bulandshahar,Mustard,5480.0,,,2018-04-17 00:09:21.221315,4,1,5450.0,5480.0,5480.0,5465.0,21.213203435596427,1
Uttar Pradesh,Bulandshahar,Mustard Oil,12150.0,,,2018-04-18 00:09:21.221315,4,2,12150.0,12150.0,12150.0,12150.0,0.0,0
Uttar Pradesh,Bulandshahar,Paddy(Dhan)(Basmati),3000.0,,,2018-04-19 00:09:21.221315,4,3,2800.0,3000.0,3000.0,2900.0,141.4213562373095,1
Uttar Pradesh,Bulandshahar,Wheat,2215.0,,,2018-04-20 00:09:21.221315,4,4,2150.0,2215.0,2215.0,2182.5,45.96194077712559,1
Uttar Pradesh,Bulandshahar,Maize,1560.0,,,2018-04-21 00:09:21.221315,4,5,2100.0,1560.0,1560.0,1786.6666666666667,280.2379940931161,0
Uttar Pradesh,Bulandshahar,Wheat,2320.0,,,2018-04-22 00:09:21.221315,4,6,2215.0,2320.0,2320.0,2228.3333333333335,85.78072821638507,1
Uttar Pradesh,Chandauli,Bengal Gram(Gram)(Whole),5740.0,,,2018-04-23 00:09:21.221315,4,0,5740.0,5740.0,5740.0,5740.0,0.0,0
Uttar Pradesh,Chandauli,Mustard,5470.0,,,2018-04-24 00:09:21.221315,4,1,5470.0,5470.0,5470.0,5470.0,0.0,0
Uttar Pradesh,Chandauli,Wheat,2310.0,,,2018-04-25 00:09:21.221315,4,2,2310.0,2310.0,2310.0,2310.0,0.0,0
Uttar Pradesh,Etah,Bajra(Pearl Millet/Cumbu),1920.0,,,2018-04-26 00:09:21.221315,4,3,1920.0,1920.0,1920.0,1920.0,0.0,0
Uttar Pradesh,Etah,Maize,1620.0,,,2018-04-27 00:09:21.221315,4,4,1620.0,1620.0,1620.0,1620.0,0.0,0
Uttar Pradesh,Etah,Arhar (Tur/Red Gram)(Whole),8380.0,,,2018-04-28 00:09:21.221315,4,5,8380.0,8380.0,8380.0,8380.0,0.0,0
Uttar Pradesh,Etah,Wheat,2250.0,,,2018-04-29 00:09:21.221315,4,6,2250.0,2250.0,2250.0,2250.0,0.0,0
Uttar Pradesh,Etah,Maize,2000.0,,,2018-04-30 00:09:21.221315,4,0,1620.0,2000.0,2000.0,1810.0,268.70057685088807,1
Uttar Pradesh,Etah,Mustard,5450.0,,,2018-05-01 00:09:21.221315,5,1,5450.0,5450.0,5450.0,5450.0,0.0,0
Uttar Pradesh,Etah,Arhar (Tur/Red Gram)(Whole),6850.0,,,2018-05-02 00:09:21.221315,5,2,8380.0,6850.0,6850.0,7615.0,1081.8733752154178,0
Uttar Pradesh,Etah,Arhar Dal(Tur Dal),10010.0,,,2018-05-03 00:09:21.221315,5,3,10010.0,10010.0,10010.0,10010.0,0.0,0
Uttar Pradesh,Etah,Bajra(Pearl Millet/Cumbu),2200.0,,,2018-05-04 00:09:21.221315,5,4,1920.0,2200.0,2200.0,2060.0,197.9898987322333,1
Uttar Pradesh,Etah,Bengal Gram(Gram)(Whole),5570.0,,,2018-05-05 00:09:21.221315,5,5,5570.0,5570.0,5570.0,5570.0,0.0,0
Uttar Pradesh,Etah,Black Gram Dal (Urd Dal),9450.0,,,2018-05-06 00:09:21.221315,5,6,9450.0,9450.0,9450.0,9450.0,0.0,0
Uttar Pradesh,Etah,Maize,1840.0,,,2018-05-07 00:09:21.221315,5,0,2000.0,1840.0,1840.0,1820.0,190.78784028338913,0
Uttar Pradesh,Etah,Wheat,2260.0,,,2018-05-08 00:09:21.221315,5,1,2250.0,2260.0,2260.0,2255.0,7.0710678118654755,1
Uttar Pradesh,Etawah,Arhar Dal(Tur Dal),12900.0,,,2018-05-09 00:09:21.221315,5,2,12900.0,12900.0,12900.0,12900.0,0.0,0
Uttar Pradesh,Etawah,Bengal Gram Dal (Chana Dal),6250.0,,,2018-05-10 00:09:21.221315,5,3,6250.0,6250.0,6250.0,6250.0,0.0,0
Uttar Pradesh,Etawah,Bengal Gram(Gram)(Whole),5460.0,,,2018-05-11 00:09:21.221315,5,4,5460.0,5460.0,5460.0,5460.0,0.0,0
Uttar Pradesh,Etawah,Maize,1750.0,,,2018-05-12 00:09:21.221315,5,5,1750.0,1750.0,1750.0,1750.0,0.0,0
Uttar Pradesh,Etawah,Mustard,5450.0,,,2018-05-13 00:09:21.221315,5,6,5450.0,5450.0,5450.0,5450.0,0.0,0
Uttar Pradesh,Etawah,Mustard Oil,12700.0,,,2018-05-14 00:09:21.221315,5,0,12700.0,12700.0,12700.0,12700.0,0.0,0
Uttar Pradesh,Etawah,Wheat,2240.0,,,2018-05-15 00:09:21.221315,5,1,2240.0,2240.0,2240.0,2240.0,0.0,0
Uttar Pradesh,Faizabad,Bengal Gram(Gram)(Whole),5670.0,,,2018-05-16 00:09:21.221315,5,2,5670.0,5670.0,5670.0,5670.0,0.0,0
Uttar Pradesh,Faizabad,Lentil (Masur)(Whole),6850.0,,,2018-05-17 00:09:21.221315,5,3,6850.0,6850.0,6850.0,6850.0,0.0,0
Uttar Pradesh,Faizabad,Maize,2070.0,,,2018-05-18 00:09:21.221315,5,4,2070.0,2070.0,2070.0,2070.0,0.0,0
Uttar Pradesh,Faizabad,Paddy(Dhan)(Common),1975.0,,,2018-05-19 00:09:21.221315,5,5,1975.0,1975.0,1975.0,1975.0,0.0,0
Uttar Pradesh,Faizabad,Wheat,2270.0,,,2018-05-20 00:09:21.221315,5,6,2270.0,2270.0,2270.0,2270.0,0.0,0
Uttar Pradesh,Farukhabad,Bengal Gram(Gram)(Whole),5465.0,,,2018-05-21 00:09:21.221315,5,0,5465.0,5465.0,5465.0,5465.0,0.0,0
Uttar Pradesh,Farukhabad,Maize,1700.0,,,2018-05-22 00:09:21.221315,5,1,1700.0,1700.0,1700.0,1700.0,0.0,0
Uttar Pradesh,Farukhabad,Mustard,5450.0,,,2018-05-23 00:09:21.221315,5,2,5450.0,5450.0,5450.0,5450.0,0.0,0
Uttar Pradesh,Farukhabad,Wheat,2275.0,,,2018-05-24 00:09:21.221315,5,3,2275.0,2275.0,2275.0,2275.0,0.0,0
Uttar Pradesh,Farukhabad,Maize,1810.0,,,2018-05-25 00:09:21.221315,5,4,1700.0,1810.0,1810.0,1755.0,77.78174593052023,1
Uttar Pradesh,Farukhabad,Arhar Dal(Tur Dal),12950.0,,,2018-05-26 00:09:21.221315,5,5,12950.0,12950.0,12950.0,12950.0,0.0,0
Uttar Pradesh,Farukhabad,Bengal Gram Dal (Chana Dal),6175.0,,,2018-05-27 00:09:21.221315,5,6,6175.0,6175.0,6175.0,6175.0,0.0,0
Uttar Pradesh,Farukhabad,Bengal Gram(Gram)(Whole),5400.0,,,2018-05-28 00:09:21.221315,5,0,5465.0,5400.0,5400.0,5432.5,45.96194077712559,0
Uttar Pradesh,Farukhabad,Black Gram Dal (Urd Dal),8600.0,,,2018-05-29 00:09:21.221315,5,1,8600.0,8600.0,8600.0,8600.0,0.0,0
Uttar Pradesh,Farukhabad,Green Gram Dal (Moong Dal),8825.0,,,2018-05-30 00:09:21.221315,5,2,8825.0,8825.0,8825.0,8825.0,0.0,0
Uttar Pradesh,Farukhabad,Maize,1780.0,,,2018-05-31 00:09:21.221315,5,3,1810.0,1780.0,1780.0,1763.3333333333333,56.86240703077328,0
Uttar Pradesh,Farukhabad,Mustard,5450.0,,,2018-06-01 00:09:21.221315,6,4,5450.0,5450.0,5450.0,5450.0,0.0,0
Uttar Pradesh,Farukhabad,Mustard Oil,12375.0,,,2018-06-02 00:09:21.221315,6,5,12375.0,12375.0,12375.0,12375.0,0.0,0
Uttar Pradesh,Farukhabad,Wheat,2280.0,,,2018-06-03 00:09:21.221315,6,6,2275.0,2280.0,2280.0,2277.5,3.5355339059327378,1
Uttar Pradesh,Farukhabad,Maize,1800.0,,,2018-06-04 00:09:21.221315,6,0,1780.0,1800.0,1800.0,1772.5,49.916597106239806,1
Uttar Pradesh,Farukhabad,Wheat,2290.0,,,2018-06-05 00:09:21.221315,6,1,2280.0,2290.0,2290.0,2281.6666666666665,7.6376261582597955,1
Uttar Pradesh,Fatehpur,Arhar (Tur/Red Gram)(Whole),8840.0,,,2018-06-06 00:09:21.221315,6,2,8840.0,8840.0,8840.0,8840.0,0.0,0
Uttar Pradesh,Fatehpur,Arhar Dal(Tur Dal),12930.0,,,2018-06-07 00:09:21.221315,6,3,12930.0,12930.0,12930.0,12930.0,0.0,0
Uttar Pradesh,Fatehpur,Bengal Gram(Gram)(Whole),5360.0,,,2018-06-08 00:09:21.221315,6,4,5360.0,5360.0,5360.0,5360.0,0.0,0
Uttar Pradesh,Fatehpur,Green Gram (Moong)(Whole),7500.0,,,2018-06-09 00:09:21.221315,6,5,7500.0,7500.0,7500.0,7500.0,0.0,0
Uttar Pradesh,Fatehpur,Green Gram Dal (Moong Dal),8860.0,,,2018-06-10 00:09:21.221315,6,6,8860.0,8860.0,8860.0,8860.0,0.0,0
Uttar Pradesh,Fatehpur,Mustard,5455.0,,,2018-06-11 00:09:21.221315,6,0,5455.0,5455.0,5455.0,5455.0,0.0,0
Uttar Pradesh,Fatehpur,Mustard Oil,12380.0,,,2018-06-12 00:09:21.221315,6,1,12380.0,12380.0,12380.0,12380.0,0.0,0
Uttar Pradesh,Fatehpur,Paddy(Dhan)(Common),2150.0,,,2018-06-13 00:09:21.221315,6,2,2150.0,2150.0,2150.0,2150.0,0.0,0
Uttar Pradesh,Fatehpur,Wheat,2250.0,,,2018-06-14 00:09:21.221315,6,3,2250.0,2250.0,2250.0,2250.0,0.0,0
Uttar Pradesh,Fatehpur,Arhar Dal(Tur Dal),12950.0,,,2018-06-15 00:09:21.221315,6,4,12930.0,12950.0,12950.0,12940.0,14.142135623730951,1
Uttar Pradesh,Fatehpur,Bengal Gram Dal (Chana Dal),6055.0,,,2018-06-16 00:09:21.221315,6,5,6055.0,6055.0,6055.0,6055.0,0.0,0
Uttar Pradesh,Fatehpur,Bengal Gram(Gram)(Whole),5350.0,,,2018-06-17 00:09:21.221315,6,6,5360.0,5350.0,5350.0,5355.0,7.0710678118654755,0
Uttar Pradesh,Fatehpur,Black Gram Dal (Urd Dal),8600.0,,,2018-06-18 00:09:21.221315,6,0,8600.0,8600.0,8600.0,8600.0,0.0,0
Uttar Pradesh,Fatehpur,Green Gram Dal (Moong Dal),8860.0,,,2018-06-19 00:09:21.221315,6,1,8860.0,8860.0,8860.0,8860.0,0.0,0
Uttar Pradesh,Fatehpur,Lentil (Masur)(Whole),6350.0,,,2018-06-20 00:09:21.221315,6,2,6350.0,6350.0,6350.0,6350.0,0.0,0
Uttar Pradesh,Fatehpur,Mustard,5450.0,,,2018-06-21 00:09:21.221315,6,3,5455.0,5450.0,5450.0,5452.5,3.5355339059327378,0
Uttar Pradesh,Fatehpur,Mustard Oil,12500.0,,,2018-06-22 00:09:21.221315,6,4,12380.0,12500.0,12500.0,12440.0,84.8528137423857,1
Uttar Pradesh,Fatehpur,Wheat,2250.0,,,2018-06-23 00:09:21.221315,6,5,2250.0,2250.0,2250.0,2250.0,0.0,0
Uttar Pradesh,Fatehpur,Bengal Gram(Gram)(Whole),4900.0,,,2018-06-24 00:09:21.221315,6,6,5350.0,4900.0,4900.0,5203.333333333333,262.74195198584727,0
Uttar Pradesh,Fatehpur,Lentil (Masur)(Whole),5400.0,,,2018-06-25 00:09:21.221315,6,0,6350.0,5400.0,5400.0,5875.0,671.7514421272201,0
Uttar Pradesh,Fatehpur,Wheat,2200.0,,,2018-06-26 00:09:21.221315,6,1,2250.0,2200.0,2200.0,2233.3333333333335,28.867513459481355,0
Uttar Pradesh,Firozabad,Arhar (Tur/Red Gram)(Whole),8780.0,,,2018-06-27 00:09:21.221315,6,2,8780.0,8780.0,8780.0,8780.0,0.0,0
Uttar Pradesh,Firozabad,Bajra(Pearl Millet/Cumbu),1920.0,,,2018-06-28 00:09:21.221315,6,3,1920.0,1920.0,1920.0,1920.0,0.0,0
Uttar Pradesh,Firozabad,Barley (Jau),2180.0,,,2018-06-29 00:09:21.221315,6,4,2180.0,2180.0,2180.0,2180.0,0.0,0
Uttar Pradesh,Firozabad,Jowar(Sorghum),3050.0,,,2018-06-30 00:09:21.221315,6,5,3050.0,3050.0,3050.0,3050.0,0.0,0
Uttar Pradesh,Firozabad,Maize,2015.0,,,2018-07-01 00:09:21.221315,7,6,2015.0,2015.0,2015.0,2015.0,0.0,0
Uttar Pradesh,Firozabad,Wheat,2270.0,,,2018-07-02 00:09:21.221315,7,0,2270.0,2270.0,2270.0,2270.0,0.0,0
Uttar Pradesh,Ghaziabad,Arhar Dal(Tur Dal),13000.0,,,2018-07-03 00:09:21.221315,7,1,13000.0,13000.0,13000.0,13000.0,0.0,0
Uttar Pradesh,Ghaziabad,Bengal Gram Dal (Chana Dal),6500.0,,,2018-07-04 00:09:21.221315,7,2,6500.0,6500.0,6500.0,6500.0,0.0,0
Uttar Pradesh,Ghaziabad,Bengal Gram(Gram)(Whole),5800.0,,,2018-07-05 00:09:21.221315,7,3,5800.0,5800.0,5800.0,5800.0,0.0,0
Uttar Pradesh,Ghaziabad,Black Gram Dal (Urd Dal),9600.0,,,2018-07-06 00:09:21.221315,7,4,9600.0,9600.0,9600.0,9600.0,0.0,0
Uttar Pradesh,Ghaziabad,Green Gram Dal (Moong Dal),9600.0,,,2018-07-07 00:09:21.221315,7,5,9600.0,9600.0,9600.0,9600.0,0.0,0
Uttar Pradesh,Ghaziabad,Mustard,5450.0,,,2018-07-08 00:09:21.221315,7,6,5450.0,5450.0,5450.0,5450.0,0.0,0
Uttar Pradesh,Ghaziabad,Mustard Oil,12100.0,,,2018-07-09 00:09:21.221315,7,0,12100.0,12100.0,12100.0,12100.0,0.0,0
Uttar Pradesh,Ghaziabad,Wheat,2250.0,,,2018-07-10 00:09:21.221315,7,1,2250.0,2250.0,2250.0,2250.0,0.0,0
Uttar Pradesh,Ghazipur,Arhar Dal(Tur Dal),13000.0,,,2018-07-11 00:09:21.221315,7,2,13000.0,13000.0,13000.0,13000.0,0.0,0
Uttar Pradesh,Ghazipur,Barley (Jau),2170.0,,,2018-07-12 00:09:21.221315,7,3,2170.0,2170.0,2170.0,2170.0,0.0,0
Uttar Pradesh,Ghazipur,Bengal Gram Dal (Chana Dal),6400.0,,,2018-07-13 00:09:21.221315,7,4,6400.0,6400.0,6400.0,6400.0,0.0,0
Uttar Pradesh,Ghazipur,Bengal Gram(Gram)(Whole),5710.0,,,2018-07-14 00:09:21.221315,7,5,5710.0,5710.0,5710.0,5710.0,0.0,0
Uttar Pradesh,Ghazipur,Black Gram Dal (Urd Dal),9500.0,,,2018-07-15 00:09:21.221315,7,6,9500.0,9500.0,9500.0,9500.0,0.0,0
Uttar Pradesh,Ghazipur,Lentil (Masur)(Whole),6810.0,,,2018-07-16 00:09:21.221315,7,0,6810.0,6810.0,6810.0,6810.0,0.0,0
Uttar Pradesh,Ghazipur,Mustard,5470.0,,,2018-07-17 00:09:21.221315,7,1,5470.0,5470.0,5470.0,5470.0,0.0,0
Uttar Pradesh,Ghazipur,Mustard Oil,13140.0,,,2018-07-18 00:09:21.221315,7,2,13140.0,13140.0,13140.0,13140.0,0.0,0
Uttar Pradesh,Ghazipur,Wheat,2280.0,,,2018-07-19 00:09:21.221315,7,3,2280.0,2280.0,2280.0,2280.0,0.0,0
Uttar Pradesh,Gonda,Paddy(Dhan)(Common),1850.0,,,2018-07-20 00:09:21.221315,7,4,1850.0,1850.0,1850.0,1850.0,0.0,0
Uttar Pradesh,Gonda,Wheat,2300.0,,,2018-07-21 00:09:21.221315,7,5,2300.0,2300.0,2300.0,2300.0,0.0,0
Uttar Pradesh,Hardoi,Wheat,2050.0,,,2018-07-22 00:09:21.221315,7,6,2050.0,2050.0,2050.0,2050.0,0.0,0
Uttar Pradesh,Hardoi,Arhar Dal(Tur Dal),12500.0,,,2018-07-23 00:09:21.221315,7,0,12500.0,12500.0,12500.0,12500.0,0.0,0
Uttar Pradesh,Hardoi,Bengal Gram(Gram)(Whole),5640.0,,,2018-07-24 00:09:21.221315,7,1,5640.0,5640.0,5640.0,5640.0,0.0,0
Uttar Pradesh,Hardoi,Maize,2040.0,,,2018-07-25 00:09:21.221315,7,2,2040.0,2040.0,2040.0,2040.0,0.0,0
Uttar Pradesh,Hardoi,Paddy(Dhan)(Common),2040.0,,,2018-07-26 00:09:21.221315,7,3,2040.0,2040.0,2040.0,2040.0,0.0,0
Uttar Pradesh,Hardoi,Wheat,2280.0,,,2018-07-27 00:09:21.221315,7,4,2050.0,2280.0,2280.0,2165.0,162.63455967290594,1
Uttar Pradesh,Hathras,Bajra(Pearl Millet/Cumbu),2130.0,,,2018-07-28 00:09:21.221315,7,5,2130.0,2130.0,2130.0,2130.0,0.0,0
Uttar Pradesh,Hathras,Maize,2070.0,,,2018-07-29 00:09:21.221315,7,6,2070.0,2070.0,2070.0,2070.0,0.0,0
Uttar Pradesh,Hathras,Mustard,5440.0,,,2018-07-30 00:09:21.221315,7,0,5440.0,5440.0,5440.0,5440.0,0.0,0
Uttar Pradesh,Hathras,Wheat,2240.0,,,2018-07-31 00:09:21.221315,7,1,2240.0,2240.0,2240.0,2240.0,0.0,0
Uttar Pradesh,Jalaun (Orai),Wheat,2170.0,,,2018-08-01 00:09:21.221315,8,2,2170.0,2170.0,2170.0,2170.0,0.0,0
Uttar Pradesh,Jaunpur,Arhar Dal(Tur Dal),13100.0,,,2018-08-02 00:09:21.221315,8,3,13100.0,13100.0,13100.0,13100.0,0.0,0
Uttar Pradesh,Jaunpur,Green Gram (Moong)(Whole),9600.0,,,2018-08-03 00:09:21.221315,8,4,9600.0,9600.0,9600.0,9600.0,0.0,0
Uttar Pradesh,Jaunpur,Green Gram Dal (Moong Dal),9600.0,,,2018-08-04 00:09:21.221315,8,5,9600.0,9600.0,9600.0,9600.0,0.0,0
Uttar Pradesh,Jaunpur,Wheat,2300.0,,,2018-08-05 00:09:21.221315,8,6,2300.0,2300.0,2300.0,2300.0,0.0,0
Uttar Pradesh,Jaunpur,Bengal Gram Dal (Chana Dal),6360.0,,,2018-08-06 00:09:21.221315,8,0,6360.0,6360.0,6360.0,6360.0,0.0,0
Uttar Pradesh,Jaunpur,Bengal Gram(Gram)(Whole),5740.0,,,2018-08-07 00:09:21.221315,8,1,5740.0,5740.0,5740.0,5740.0,0.0,0
Uttar Pradesh,Jaunpur,Lentil (Masur)(Whole),6810.0,,,2018-08-08 00:09:21.221315,8,2,6810.0,6810.0,6810.0,6810.0,0.0,0
Uttar Pradesh,Jaunpur,Mustard,5500.0,,,2018-08-09 00:09:21.221315,8,3,5500.0,5500.0,5500.0,5500.0,0.0,0
Uttar Pradesh,Jaunpur,Wheat,2300.0,,,2018-08-10 00:09:21.221315,8,4,2300.0,2300.0,2300.0,2300.0,0.0,0
Uttar Pradesh,Jhansi,Bengal Gram(Gram)(Whole),5350.0,,,2018-08-11 00:09:21.221315,8,5,5350.0,5350.0,5350.0,5350.0,0.0,0
Uttar Pradesh,Jhansi,Lentil (Masur)(Whole),5550.0,,,2018-08-12 00:09:21.221315,8,6,5550.0,5550.0,5550.0,5550.0,0.0,0
Uttar Pradesh,Jhansi,Wheat,2230.0,,,2018-08-13 00:09:21.221315,8,0,2230.0,2230.0,2230.0,2230.0,0.0,0
Uttar Pradesh,Jhansi,Wheat,2250.0,,,2018-08-14 00:09:21.221315,8,1,2230.0,2250.0,2250.0,2240.0,14.142135623730951,1
Uttar Pradesh,Kannuj,Maize,1800.0,,,2018-08-15 00:09:21.221315,8,2,1800.0,1800.0,1800.0,1800.0,0.0,0
Uttar Pradesh,Kannuj,Mustard Oil,12450.0,,,2018-08-16 00:09:21.221315,8,3,12450.0,12450.0,12450.0,12450.0,0.0,0
Uttar Pradesh,Kannuj,Wheat,2280.0,,,2018-08-17 00:09:21.221315,8,4,2280.0,2280.0,2280.0,2280.0,0.0,0
Uttar Pradesh,Kanpur,Arhar (Tur/Red Gram)(Whole),8750.0,,,2018-08-18 00:09:21.221315,8,5,8750.0,8750.0,8750.0,8750.0,0.0,0
Uttar Pradesh,Kanpur,Bajra(Pearl Millet/Cumbu),2335.0,,,2018-08-19 00:09:21.221315,8,6,2335.0,2335.0,2335.0,2335.0,0.0,0
Uttar Pradesh,Kanpur,Barley (Jau),2160.0,,,2018-08-20 00:09:21.221315,8,0,2160.0,2160.0,2160.0,2160.0,0.0,0
Uttar Pradesh,Kanpur,Bengal Gram(Gram)(Whole),5380.0,,,2018-08-21 00:09:21.221315,8,1,5380.0,5380.0,5380.0,5380.0,0.0,0
Uttar Pradesh,Kanpur,Green Gram (Moong)(Whole),7625.0,,,2018-08-22 00:09:21.221315,8,2,7625.0,7625.0,7625.0,7625.0,0.0,0
Uttar Pradesh,Kanpur,Maize,1790.0,,,2018-08-23 00:09:21.221315,8,3,1790.0,1790.0,1790.0,1790.0,0.0,0
Uttar Pradesh,Kanpur,Mustard,5420.0,,,2018-08-24 00:09:21.221315,8,4,5420.0,5420.0,5420.0,5420.0,0.0,0
Uttar Pradesh,Kanpur,Wheat,2350.0,,,2018-08-25 00:09:21.221315,8,5,2350.0,2350.0,2350.0,2350.0,0.0,0
Uttar Pradesh,Kanpur,Arhar (Tur/Red Gram)(Whole),8700.0,,,2018-08-26 00:09:21.221315,8,6,8750.0,8700.0,8700.0,8725.0,35.35533905932738,0
Uttar Pradesh,Kanpur,Barley (Jau),2130.0,,,2018-08-27 00:09:21.221315,8,0,2160.0,2130.0,2130.0,2145.0,21.213203435596427,0
Uttar Pradesh,Kanpur,Bengal Gram(Gram)(Whole),5350.0,,,2018-08-28 00:09:21.221315,8,1,5380.0,5350.0,5350.0,5365.0,21.213203435596427,0
Uttar Pradesh,Kanpur,Green Gram (Moong)(Whole),7560.0,,,2018-08-29 00:09:21.221315,8,2,7625.0,7560.0,7560.0,7592.5,45.96194077712559,0
Uttar Pradesh,Kanpur,Maize,1760.0,,,2018-08-30 00:09:21.221315,8,3,1790.0,1760.0,1760.0,1775.0,21.213203435596427,0
Uttar Pradesh,Kanpur,Mustard,5450.0,,,2018-08-31 00:09:21.221315,8,4,5420.0,5450.0,5450.0,5435.0,21.213203435596427,1
Uttar Pradesh,Kanpur,Wheat,2245.0,,,2018-09-01 00:09:21.221315,9,5,2350.0,2245.0,2245.0,2297.5,74.24621202458749,0
Uttar Pradesh,Khiri (Lakhimpur),Arhar Dal(Tur Dal),12450.0,,,2018-09-02 00:09:21.221315,9,6,12450.0,12450.0,12450.0,12450.0,0.0,0
Uttar Pradesh,Khiri (Lakhimpur),Black Gram Dal (Urd Dal),9020.0,,,2018-09-03 00:09:21.221315,9,0,9020.0,9020.0,9020.0,9020.0,0.0,0
Uttar Pradesh,Khiri (Lakhimpur),Mustard Oil,14400.0,,,2018-09-04 00:09:21.221315,9,1,14400.0,14400.0,14400.0,14400.0,0.0,0
Uttar Pradesh,Khiri (Lakhimpur),Paddy(Dhan)(Common),1950.0,,,2018-09-05 00:09:21.221315,9,2,1950.0,1950.0,1950.0,1950.0,0.0,0
Uttar Pradesh,Khiri (Lakhimpur),Wheat,2200.0,,,2018-09-06 00:09:21.221315,9,3,2200.0,2200.0,2200.0,2200.0,0.0,0
Uttar Pradesh,Khiri (Lakhimpur),Arhar Dal(Tur Dal),12575.0,,,2018-09-07 00:09:21.221315,9,4,12450.0,12575.0,12575.0,12512.5,88.38834764831844,1
Uttar Pradesh,Khiri (Lakhimpur),Black Gram Dal (Urd Dal),9030.0,,,2018-09-08 00:09:21.221315,9,5,9020.0,9030.0,9030.0,9025.0,7.0710678118654755,1
Uttar Pradesh,Khiri (Lakhimpur),Mustard Oil,14570.0,,,2018-09-09 00:09:21.221315,9,6,14400.0,14570.0,14570.0,14485.0,120.20815280171308,1
Uttar Pradesh,Khiri (Lakhimpur),Paddy(Dhan)(Common),1980.0,,,2018-09-10 00:09:21.221315,9,0,1950.0,1980.0,1980.0,1965.0,21.213203435596427,1
Uttar Pradesh,Khiri (Lakhimpur),Wheat,2285.0,,,2018-09-11 00:09:21.221315,9,1,2200.0,2285.0,2285.0,2242.5,60.10407640085654,1
Uttar Pradesh,Khiri (Lakhimpur),Wheat,2250.0,,,2018-09-12 00:09:21.221315,9,2,2285.0,2250.0,2250.0,2245.0,42.720018726587654,0
Uttar Pradesh,Lakhimpur,Bengal Gram(Gram)(Whole),5650.0,,,2018-09-13 00:09:21.221315,9,3,5650.0,5650.0,5650.0,5650.0,0.0,0
Uttar Pradesh,Lakhimpur,Lentil (Masur)(Whole),6790.0,,,2018-09-14 00:09:21.221315,9,4,6790.0,6790.0,6790.0,6790.0,0.0,0
Uttar Pradesh,Lakhimpur,Maize,2050.0,,,2018-09-15 00:09:21.221315,9,5,2050.0,2050.0,2050.0,2050.0,0.0,0
Uttar Pradesh,Lakhimpur,Mustard,5500.0,,,2018-09-16 00:09:21.221315,9,6,5500.0,5500.0,5500.0,5500.0,0.0,0
Uttar Pradesh,Lakhimpur,Paddy(Dhan)(Common),1990.0,,,2018-09-17 00:09:21.221315,9,0,1990.0,1990.0,1990.0,1990.0,0.0,0
Uttar Pradesh,Lakhimpur,Wheat,2275.0,,,2018-09-18 00:09:21.221315,9,1,2275.0,2275.0,2275.0,2275.0,0.0,0
Uttar Pradesh,Lalitpur,Barley (Jau),2000.0,,,2018-09-19 00:09:21.221315,9,2,2000.0,2000.0,2000.0,2000.0,0.0,0
Uttar Pradesh,Lalitpur,Bengal Gram(Gram)(Whole),5400.0,,,2018-09-20 00:09:21.221315,9,3,5400.0,5400.0,5400.0,5400.0,0.0,0
Uttar Pradesh,Lalitpur,Lentil (Masur)(Whole),6100.0,,,2018-09-21 00:09:21.221315,9,4,6100.0,6100.0,6100.0,6100.0,0.0,0
Uttar Pradesh,Lalitpur,Wheat,2200.0,,,2018-09-22 00:09:21.221315,9,5,2200.0,2200.0,2200.0,2200.0,0.0,0
Uttar Pradesh,Lucknow,Arhar Dal(Tur Dal),12700.0,,,2018-09-23 00:09:21.221315,9,6,12700.0,12700.0,12700.0,12700.0,0.0,0
Uttar Pradesh,Lucknow,Bengal Gram Dal (Chana Dal),6200.0,,,2018-09-24 00:09:21.221315,9,0,6200.0,6200.0,6200.0,6200.0,0.0,0
Uttar Pradesh,Lucknow,Bengal Gram(Gram)(Whole),5680.0,,,2018-09-25 00:09:21.221315,9,1,5680.0,5680.0,5680.0,5680.0,0.0,0
Uttar Pradesh,Lucknow,Black Gram (Urd Beans)(Whole),7910.0,,,2018-09-26 00:09:21.221315,9,2,7910.0,7910.0,7910.0,7910.0,0.0,0
Uttar Pradesh,Lucknow,Black Gram Dal (Urd Dal),9050.0,,,2018-09-27 00:09:21.221315,9,3,9050.0,9050.0,9050.0,9050.0,0.0,0
Uttar Pradesh,Lucknow,Green Gram (Moong)(Whole),8050.0,,,2018-09-28 00:09:21.221315,9,4,8050.0,8050.0,8050.0,8050.0,0.0,0
Uttar Pradesh,Lucknow,Mustard,5500.0,,,2018-09-29 00:09:21.221315,9,5,5500.0,5500.0,5500.0,5500.0,0.0,0
Uttar Pradesh,Lucknow,Wheat,2310.0,,,2018-09-30 00:09:21.221315,9,6,2310.0,2310.0,2310.0,2310.0,0.0,0
Uttar Pradesh,Maharajganj,Paddy(Dhan)(Common),2450.0,,,2018-10-01 00:09:21.221315,10,0,2450.0,2450.0,2450.0,2450.0,0.0,0
Uttar Pradesh,Maharajganj,Wheat,2200.0,,,2018-10-02 00:09:21.221315,10,1,2200.0,2200.0,2200.0,2200.0,0.0,0
Uttar Pradesh,Mahoba,Barley (Jau),1800.0,,,2018-10-03 00:09:21.221315,10,2,1800.0,1800.0,1800.0,1800.0,0.0,0
Uttar Pradesh,Mahoba,Bengal Gram(Gram)(Whole),5150.0,,,2018-10-04 00:09:21.221315,10,3,5150.0,5150.0,5150.0,5150.0,0.0,0
Uttar Pradesh,Mahoba,Lentil (Masur)(Whole),5520.0,,,2018-10-05 00:09:21.221315,10,4,5520.0,5520.0,5520.0,5520.0,0.0,0
Uttar Pradesh,Mahoba,Wheat,2200.0,,,2018-10-06 00:09:21.221315,10,5,2200.0,2200.0,2200.0,2200.0,0.0,0
Uttar Pradesh,Mainpuri,Maize,1730.0,,,2018-10-07 00:09:21.221315,10,6,1730.0,1730.0,1730.0,1730.0,0.0,0
Uttar Pradesh,Mainpuri,Wheat,2210.0,,,2018-10-08 00:09:21.221315,10,0,2210.0,2210.0,2210.0,2210.0,0.0,0
Uttar Pradesh,Mainpuri,Arhar Dal(Tur Dal),12700.0,,,2018-10-09 00:09:21.221315,10,1,12700.0,12700.0,12700.0,12700.0,0.0,0
Uttar Pradesh,Mainpuri,Bengal Gram(Gram)(Whole),5570.0,,,2018-10-10 00:09:21.221315,10,2,5570.0,5570.0,5570.0,5570.0,0.0,0
Uttar Pradesh,Mainpuri,Maize,1975.0,,,2018-10-11 00:09:21.221315,10,3,1730.0,1975.0,1975.0,1852.5,173.24116139070415,1
Uttar Pradesh,Mainpuri,Wheat,2200.0,,,2018-10-12 00:09:21.221315,10,4,2210.0,2200.0,2200.0,2205.0,7.0710678118654755,0
Uttar Pradesh,Mainpuri,Arhar (Tur/Red Gram)(Whole),8650.0,,,2018-10-13 00:09:21.221315,10,5,8650.0,8650.0,8650.0,8650.0,0.0,0
Uttar Pradesh,Mainpuri,Arhar Dal(Tur Dal),12700.0,,,2018-10-14 00:09:21.221315,10,6,12700.0,12700.0,12700.0,12700.0,0.0,0
Uttar Pradesh,Mainpuri,Bengal Gram(Gram)(Whole),5570.0,,,2018-10-15 00:09:21.221315,10,0,5570.0,5570.0,5570.0,5570.0,0.0,0
Uttar Pradesh,Mainpuri,Black Gram Dal (Urd Dal),9550.0,,,2018-10-16 00:09:21.221315,10,1,9550.0,9550.0,9550.0,9550.0,0.0,0
Uttar Pradesh,Mainpuri,Maize,2000.0,,,2018-10-17 00:09:21.221315,10,2,1975.0,2000.0,2000.0,1901.6666666666667,149.19226968356412,1
Uttar Pradesh,Mainpuri,Mustard,5455.0,,,2018-10-18 00:09:21.221315,10,3,5455.0,5455.0,5455.0,5455.0,0.0,0
Uttar Pradesh,Mainpuri,Wheat,2201.0,,,2018-10-19 00:09:21.221315,10,4,2200.0,2201.0,2201.0,2203.6666666666665,5.5075705472860745,1
Uttar Pradesh,Mirzapur,Arhar (Tur/Red Gram)(Whole),7485.0,,,2018-10-20 00:09:21.221315,10,5,7485.0,7485.0,7485.0,7485.0,0.0,0
Uttar Pradesh,Mirzapur,Arhar Dal(Tur Dal),13100.0,,,2018-10-21 00:09:21.221315,10,6,13100.0,13100.0,13100.0,13100.0,0.0,0
Uttar Pradesh,Mirzapur,Bengal Gram Dal (Chana Dal),6315.0,,,2018-10-22 00:09:21.221315,10,0,6315.0,6315.0,6315.0,6315.0,0.0,0
Uttar Pradesh,Mirzapur,Bengal Gram(Gram)(Whole),5700.0,,,2018-10-23 00:09:21.221315,10,1,5700.0,5700.0,5700.0,5700.0,0.0,0
Uttar Pradesh,Mirzapur,Black Gram Dal (Urd Dal),9485.0,,,2018-10-24 00:09:21.221315,10,2,9485.0,9485.0,9485.0,9485.0,0.0,0
Uttar Pradesh,Mirzapur,Lentil (Masur)(Whole),6515.0,,,2018-10-25 00:09:21.221315,10,3,6515.0,6515.0,6515.0,6515.0,0.0,0
Uttar Pradesh,Mirzapur,Mustard,5525.0,,,2018-10-26 00:09:21.221315,10,4,5525.0,5525.0,5525.0,5525.0,0.0,0
Uttar Pradesh,Mirzapur,Mustard Oil,12975.0,,,2018-10-27 00:09:21.221315,10,5,12975.0,12975.0,12975.0,12975.0,0.0,0
Uttar Pradesh,Mirzapur,Wheat,2285.0,,,2018-10-28 00:09:21.221315,10,6,2285.0,2285.0,2285.0,2285.0,0.0,0
Uttar Pradesh,Muradabad,Wheat,2350.0,,,2018-10-29 00:09:21.221315,10,0,2350.0,2350.0,2350.0,2350.0,0.0,0
Uttar Pradesh,Muzaffarnagar,Arhar (Tur/Red Gram)(Whole),8450.0,,,2018-10-30 00:09:21.221315,10,1,8450.0,8450.0,8450.0,8450.0,0.0,0
Uttar Pradesh,Muzaffarnagar,Arhar Dal(Tur Dal),12700.0,,,2018-10-31 00:09:21.221315,10,2,12700.0,12700.0,12700.0,12700.0,0.0,0
Uttar Pradesh,Muzaffarnagar,Barley (Jau),2260.0,,,2018-11-01 00:09:21.221315,11,3,2260.0,2260.0,2260.0,2260.0,0.0,0
Uttar Pradesh,Muzaffarnagar,Bengal Gram Dal (Chana Dal),6580.0,,,2018-11-02 00:09:21.221315,11,4,6580.0,6580.0,6580.0,6580.0,0.0,0
Uttar Pradesh,Muzaffarnagar,Bengal Gram(Gram)(Whole),5780.0,,,2018-11-03 00:09:21.221315,11,5,5780.0,5780.0,5780.0,5780.0,0.0,0
Uttar Pradesh,Muzaffarnagar,Black Gram (Urd Beans)(Whole),8725.0,,,2018-11-04 00:09:21.221315,11,6,8725.0,8725.0,8725.0,8725.0,0.0,0
Uttar Pradesh,Muzaffarnagar,Black Gram Dal (Urd Dal),9565.0,,,2018-11-05 00:09:21.221315,11,0,9565.0,9565.0,9565.0,9565.0,0.0,0
Uttar Pradesh,Muzaffarnagar,Green Gram (Moong)(Whole),8600.0,,,2018-11-06 00:09:21.221315,11,1,8600.0,8600.0,8600.0,8600.0,0.0,0
Uttar Pradesh,Muzaffarnagar,Green Gram Dal (Moong Dal),9560.0,,,2018-11-07 00:09:21.221315,11,2,9560.0,9560.0,9560.0,9560.0,0.0,0
Uttar Pradesh,Muzaffarnagar,Lentil (Masur)(Whole),6530.0,,,2018-11-08 00:09:21.221315,11,3,6530.0,6530.0,6530.0,6530.0,0.0,0
Uttar Pradesh,Muzaffarnagar,Maize,2125.0,,,2018-11-09 00:09:21.221315,11,4,2125.0,2125.0,2125.0,2125.0,0.0,0
Uttar Pradesh,Muzaffarnagar,Mustard,5475.0,,,2018-11-10 00:09:21.221315,11,5,5475.0,5475.0,5475.0,5475.0,0.0,0
Uttar Pradesh,Muzaffarnagar,Mustard Oil,12150.0,,,2018-11-11 00:09:21.221315,11,6,12150.0,12150.0,12150.0,12150.0,0.0,0
Uttar Pradesh,Muzaffarnagar,Wheat,2260.0,,,2018-11-12 00:09:21.221315,11,0,2260.0,2260.0,2260.0,2260.0,0.0,0
Uttar Pradesh,Pillibhit,Arhar Dal(Tur Dal),10000.0,,,2018-11-13 00:09:21.221315,11,1,10000.0,10000.0,10000.0,10000.0,0.0,0
Uttar Pradesh,Pillibhit,Black Gram Dal (Urd Dal),9260.0,,,2018-11-14 00:09:21.221315,11,2,9260.0,9260.0,9260.0,9260.0,0.0,0
Uttar Pradesh,Pillibhit,Wheat,2380.0,,,2018-11-15 00:09:21.221315,11,3,2380.0,2380.0,2380.0,2380.0,0.0,0
Uttar Pradesh,Pratapgarh,Arhar Dal(Tur Dal),13120.0,,,2018-11-16 00:09:21.221315,11,4,13120.0,13120.0,13120.0,13120.0,0.0,0
Uttar Pradesh,Pratapgarh,Bengal Gram Dal (Chana Dal),6120.0,,,2018-11-17 00:09:21.221315,11,5,6120.0,6120.0,6120.0,6120.0,0.0,0
Uttar Pradesh,Pratapgarh,Black Gram Dal (Urd Dal),9560.0,,,2018-11-18 00:09:21.221315,11,6,9560.0,9560.0,9560.0,9560.0,0.0,0
Uttar Pradesh,Pratapgarh,Mustard Oil,14550.0,,,2018-11-19 00:09:21.221315,11,0,14550.0,14550.0,14550.0,14550.0,0.0,0
Uttar Pradesh,Pratapgarh,Wheat,2300.0,,,2018-11-20 00:09:21.221315,11,1,2300.0,2300.0,2300.0,2300.0,0.0,0
Uttar Pradesh,Raebarelli,Paddy(Dhan)(Common),2080.0,,,2018-11-21 00:09:21.221315,11,2,2080.0,2080.0,2080.0,2080.0,0.0,0
Uttar Pradesh,Raebarelli,Wheat,2285.0,,,2018-11-22 00:09:21.221315,11,3,2285.0,2285.0,2285.0,2285.0,0.0,0
Uttar Pradesh,Raebarelli,Arhar Dal(Tur Dal),12400.0,,,2018-11-23 00:09:21.221315,11,4,12400.0,12400.0,12400.0,12400.0,0.0,0
Uttar Pradesh,Raebarelli,Bengal Gram Dal (Chana Dal),5850.0,,,2018-11-24 00:09:21.221315,11,5,5850.0,5850.0,5850.0,5850.0,0.0,0
Uttar Pradesh,Raebarelli,Paddy(Dhan)(Common),2250.0,,,2018-11-25 00:09:21.221315,11,6,2080.0,2250.0,2250.0,2165.0,120.20815280171308,1
Uttar Pradesh,Raebarelli,Wheat,2200.0,,,2018-11-26 00:09:21.221315,11,0,2285.0,2200.0,2200.0,2242.5,60.10407640085654,0
Uttar Pradesh,Raebarelli,Arhar Dal(Tur Dal),12615.0,,,2018-11-27 00:09:21.221315,11,1,12400.0,12615.0,12615.0,12507.5,152.02795795510772,1
Uttar Pradesh,Raebarelli,Barley (Jau),2240.0,,,2018-11-28 00:09:21.221315,11,2,2240.0,2240.0,2240.0,2240.0,0.0,0
Uttar Pradesh,Raebarelli,Bengal Gram(Gram)(Whole),5475.0,,,2018-11-29 00:09:21.221315,11,3,5475.0,5475.0,5475.0,5475.0,0.0,0
Uttar Pradesh,Raebarelli,Black Gram (Urd Beans)(Whole),7920.0,,,2018-11-30 00:09:21.221315,11,4,7920.0,7920.0,7920.0,7920.0,0.0,0
Uttar Pradesh,Raebarelli,Mustard,5480.0,,,2018-12-01 00:09:21.221315,12,5,5480.0,5480.0,5480.0,5480.0,0.0,0
Uttar Pradesh,Raebarelli,Mustard Oil,14600.0,,,2018-12-02 00:09:21.221315,12,6,14600.0,14600.0,14600.0,14600.0,0.0,0
Uttar Pradesh,Raebarelli,Paddy(Dhan)(Common),2075.0,,,2018-12-03 00:09:21.221315,12,0,2250.0,2075.0,2075.0,2135.0,99.62429422585637,0
Uttar Pradesh,Raebarelli,Wheat,2205.0,,,2018-12-04 00:09:21.221315,12,1,2200.0,2205.0,2205.0,2230.0,47.69696007084728,1
Uttar Pradesh,Raebarelli,Paddy(Dhan)(Common),2110.0,,,2018-12-05 00:09:21.221315,12,2,2075.0,2110.0,2110.0,2128.75,82.29773184399839,1
Uttar Pradesh,Raebarelli,Wheat,2305.0,,,2018-12-06 00:09:21.221315,12,3,2205.0,2305.0,2305.0,2248.75,54.06400527769531,1
Uttar Pradesh,Rampur,Bengal Gram(Gram)(Whole),5840.0,,,2018-12-07 00:09:21.221315,12,4,5840.0,5840.0,5840.0,5840.0,0.0,0
Uttar Pradesh,Rampur,Lentil (Masur)(Whole),6850.0,,,2018-12-08 00:09:21.221315,12,5,6850.0,6850.0,6850.0,6850.0,0.0,0
Uttar Pradesh,Rampur,Wheat,2340.0,,,2018-12-09 00:09:21.221315,12,6,2340.0,2340.0,2340.0,2340.0,0.0,0
Uttar Pradesh,Rampur,Wheat,2150.0,,,2018-12-10 00:09:21.221315,12,0,2340.0,2150.0,2150.0,2245.0,134.35028842544403,0
Uttar Pradesh,Shahjahanpur,Wheat,2320.0,,,2018-12-11 00:09:21.221315,12,1,2320.0,2320.0,2320.0,2320.0,0.0,0
Uttar Pradesh,Siddharth Nagar,Bengal Gram(Gram)(Whole),5740.0,,,2018-12-12 00:09:21.221315,12,2,5740.0,5740.0,5740.0,5740.0,0.0,0
Uttar Pradesh,Siddharth Nagar,Mustard,5535.0,,,2018-12-13 00:09:21.221315,12,3,5535.0,5535.0,5535.0,5535.0,0.0,0
Uttar Pradesh,Siddharth Nagar,Paddy(Dhan)(Common),1910.0,,,2018-12-14 00:09:21.221315,12,4,1910.0,1910.0,1910.0,1910.0,0.0,0
Uttar Pradesh,Siddharth Nagar,Wheat,2250.0,,,2018-12-15 00:09:21.221315,12,5,2250.0,2250.0,2250.0,2250.0,0.0,0
Uttar Pradesh,Siddharth Nagar,Arhar Dal(Tur Dal),13200.0,,,2018-12-16 00:09:21.221315,12,6,13200.0,13200.0,13200.0,13200.0,0.0,0
Uttar Pradesh,Siddharth Nagar,Bengal Gram(Gram)(Whole),5740.0,,,2018-12-17 00:09:21.221315,12,0,5740.0,5740.0,5740.0,5740.0,0.0,0
Uttar Pradesh,Siddharth Nagar,Lentil (Masur)(Whole),6840.0,,,2018-12-18 00:09:21.221315,12,1,6840.0,6840.0,6840.0,6840.0,0.0,0
Uttar Pradesh,Siddharth Nagar,Mustard,5530.0,,,2018-12-19 00:09:21.221315,12,2,5535.0,5530.0,5530.0,5532.5,3.5355339059327378,0
Uttar Pradesh,Siddharth Nagar,Paddy(Dhan)(Common),1915.0,,,2018-12-20 00:09:21.221315,12,3,1910.0,1915.0,1915.0,1912.5,3.5355339059327378,1
Uttar Pradesh,Siddharth Nagar,Wheat,2270.0,,,2018-12-21 00:09:21.221315,12,4,2250.0,2270.0,2270.0,2260.0,14.142135623730951,1
Uttar Pradesh,Sitapur,Wheat,2210.0,,,2018-12-22 00:09:21.221315,12,5,2210.0,2210.0,2210.0,2210.0,0.0,0
Uttar Pradesh,Sitapur,Arhar Dal(Tur Dal),12400.0,,,2018-12-23 00:09:21.221315,12,6,12400.0,12400.0,12400.0,12400.0,0.0,0
Uttar Pradesh,Sitapur,Bengal Gram(Gram)(Whole),5645.0,,,2018-12-24 00:09:21.221315,12,0,5645.0,5645.0,5645.0,5645.0,0.0,0
Uttar Pradesh,Sitapur,Black Gram Dal (Urd Dal),9025.0,,,2018-12-25 00:09:21.221315,12,1,9025.0,9025.0,9025.0,9025.0,0.0,0
Uttar Pradesh,Sitapur,Lentil (Masur)(Whole),6785.0,,,2018-12-26 00:09:21.221315,12,2,6785.0,6785.0,6785.0,6785.0,0.0,0
Uttar Pradesh,Sitapur,Mustard,5450.0,,,2018-12-27 00:09:21.221315,12,3,5450.0,5450.0,5450.0,5450.0,0.0,0
Uttar Pradesh,Sitapur,Paddy(Dhan)(Common),2030.0,,,2018-12-28 00:09:21.221315,12,4,2030.0,2030.0,2030.0,2030.0,0.0,0
Uttar Pradesh,Sitapur,Wheat,2270.0,,,2018-12-29 00:09:21.221315,12,5,2210.0,2270.0,2270.0,2240.0,42.42640687119285,1
Uttar Pradesh,Sitapur,Arhar Dal(Tur Dal),12350.0,,,2018-12-30 00:09:21.221315,12,6,12400.0,12350.0,12350.0,12375.0,35.35533905932738,0
Uttar Pradesh,Sitapur,Black Gram Dal (Urd Dal),9060.0,,,2018-12-31 00:09:21.221315,12,0,9025.0,9060.0,9060.0,9042.5,24.748737341529164,1
Uttar Pradesh,Sitapur,Mustard Oil,14525.0,,,2019-01-01 00:09:21.221315,1,1,14525.0,14525.0,14525.0,14525.0,0.0,0
Uttar Pradesh,Sitapur,Paddy(Dhan)(Common),1980.0,,,2019-01-02 00:09:21.221315,1,2,2030.0,1980.0,1980.0,2005.0,35.35533905932738,0
Uttar Pradesh,Sitapur,Wheat,2240.0,,,2019-01-03 00:09:21.221315,1,3,2270.0,2240.0,2240.0,2240.0,30.0,0
Uttar Pradesh,Sultanpur,Bengal Gram(Gram)(Whole),5580.0,,,2019-01-04 00:09:21.221315,1,4,5580.0,5580.0,5580.0,5580.0,0.0,0
Uttar Pradesh,Sultanpur,Lentil (Masur)(Whole),6990.0,,,2019-01-05 00:09:21.221315,1,5,6990.0,6990.0,6990.0,6990.0,0.0,0
Uttar Pradesh,Sultanpur,Mustard,5480.0,,,2019-01-06 00:09:21.221315,1,6,5480.0,5480.0,5480.0,5480.0,0.0,0
Uttar Pradesh,Sultanpur,Paddy(Dhan)(Common),1860.0,,,2019-01-07 00:09:21.221315,1,0,1860.0,1860.0,1860.0,1860.0,0.0,0
Uttar Pradesh,Sultanpur,Wheat,2280.0,,,2019-01-08 00:09:21.221315,1,1,2280.0,2280.0,2280.0,2280.0,0.0,0
Uttar Pradesh,Sultanpur,Arhar Dal(Tur Dal),12750.0,,,2019-01-09 00:09:21.221315,1,2,12750.0,12750.0,12750.0,12750.0,0.0,0
Uttar Pradesh,Sultanpur,Bengal Gram Dal (Chana Dal),6200.0,,,2019-01-10 00:09:21.221315,1,3,6200.0,6200.0,6200.0,6200.0,0.0,0
Uttar Pradesh,Sultanpur,Bengal Gram(Gram)(Whole),5570.0,,,2019-01-11 00:09:21.221315,1,4,5580.0,5570.0,5570.0,5575.0,7.0710678118654755,0
Uttar Pradesh,Sultanpur,Black Gram (Urd Beans)(Whole),8560.0,,,2019-01-12 00:09:21.221315,1,5,8560.0,8560.0,8560.0,8560.0,0.0,0
Uttar Pradesh,Sultanpur,Black Gram Dal (Urd Dal),9535.0,,,2019-01-13 00:09:21.221315,1,6,9535.0,9535.0,9535.0,9535.0,0.0,0
Uttar Pradesh,Sultanpur,Green Gram (Moong)(Whole),8545.0,,,2019-01-14 00:09:21.221315,1,0,8545.0,8545.0,8545.0,8545.0,0.0,0
Uttar Pradesh,Sultanpur,Green Gram Dal (Moong Dal),9585.0,,,2019-01-15 00:09:21.221315,1,1,9585.0,9585.0,9585.0,9585.0,0.0,0
Uttar Pradesh,Sultanpur,Lentil (Masur)(Whole),6980.0,,,2019-01-16 00:09:21.221315,1,2,6990.0,6980.0,6980.0,6985.0,7.0710678118654755,0
Uttar Pradesh,Sultanpur,Mustard,5475.0,,,2019-01-17 00:09:21.221315,1,3,5480.0,5475.0,5475.0,5477.5,3.5355339059327378,0
Uttar Pradesh,Sultanpur,Paddy(Dhan)(Common),1900.0,,,2019-01-18 00:09:21.221315,1,4,1860.0,1900.0,1900.0,1880.0,28.284271247461902,1
Uttar Pradesh,Sultanpur,Wheat,2260.0,,,2019-01-19 00:09:21.221315,1,5,2280.0,2260.0,2260.0,2270.0,14.142135623730951,0
Uttar Pradesh,Unnao,Arhar Dal(Tur Dal),12900.0,,,2019-01-20 00:09:21.221315,1,6,12900.0,12900.0,12900.0,12900.0,0.0,0
Uttar Pradesh,Unnao,Bengal Gram Dal (Chana Dal),6085.0,,,2019-01-21 00:09:21.221315,1,0,6085.0,6085.0,6085.0,6085.0,0.0,0
Uttar Pradesh,Unnao,Bengal Gram(Gram)(Whole),5630.0,,,2019-01-22 00:09:21.221315,1,1,5630.0,5630.0,5630.0,5630.0,0.0,0
Uttar Pradesh,Unnao,Black Gram Dal (Urd Dal),8930.0,,,2019-01-23 00:09:21.221315,1,2,8930.0,8930.0,8930.0,8930.0,0.0,0
Uttar Pradesh,Unnao,Mustard,5450.0,,,2019-01-24 00:09:21.221315,1,3,5450.0,5450.0,5450.0,5450.0,0.0,0
Uttar Pradesh,Unnao,Wheat,2295.0,,,2019-01-25 00:09:21.221315,1,4,2295.0,2295.0,2295.0,2295.0,0.0,0
Uttrakhand,Udhamsinghnagar,Paddy(Dhan)(Common),1800.0,,,2019-01-26 00:09:21.221315,1,5,1800.0,1800.0,1800.0,1800.0,0.0,0
West Bengal,Bankura,Mustard,5700.0,,,2019-01-27 00:09:21.221315,1,6,5700.0,5700.0,5700.0,5700.0,0.0,0
West Bengal,Bankura,Wheat,2800.0,,,2019-01-28 00:09:21.221315,1,0,2800.0,2800.0,2800.0,2800.0,0.0,0
West Bengal,Bankura,Mustard,5700.0,,,2019-01-29 00:09:21.221315,1,1,5700.0,5700.0,5700.0,5700.0,0.0,0
West Bengal,Bankura,Paddy(Dhan)(Common),2050.0,,,2019-01-30 00:09:21.221315,1,2,2050.0,2050.0,2050.0,2050.0,0.0,0
West Bengal,Bankura,Wheat,2800.0,,,2019-01-31 00:09:21.221315,1,3,2800.0,2800.0,2800.0,2800.0,0.0,0
West Bengal,Burdwan,Arhar (Tur/Red Gram)(Whole),7650.0,,,2019-02-01 00:09:21.221315,2,4,7650.0,7650.0,7650.0,7650.0,0.0,0
West Bengal,Burdwan,Black Gram Dal (Urd Dal),8700.0,,,2019-02-02 00:09:21.221315,2,5,8700.0,8700.0,8700.0,8700.0,0.0,0
West Bengal,Burdwan,Green Gram Dal (Moong Dal),10500.0,,,2019-02-03 00:09:21.221315,2,6,10500.0,10500.0,10500.0,10500.0,0.0,0
West Bengal,Burdwan,Lentil (Masur)(Whole),9600.0,,,2019-02-04 00:09:21.221315,2,0,9600.0,9600.0,9600.0,9600.0,0.0,0
West Bengal,Burdwan,Mustard,5900.0,,,2019-02-05 00:09:21.221315,2,1,5900.0,5900.0,5900.0,5900.0,0.0,0
West Bengal,Burdwan,Wheat,2850.0,,,2019-02-06 00:09:21.221315,2,2,2850.0,2850.0,2850.0,2850.0,0.0,0
West Bengal,Burdwan,Lentil (Masur)(Whole),9700.0,,,2019-02-07 00:09:21.221315,2,3,9600.0,9700.0,9700.0,9650.0,70.71067811865476,1
West Bengal,Burdwan,Mustard,6100.0,,,2019-02-08 00:09:21.221315,2,4,5900.0,6100.0,6100.0,6000.0,141.4213562373095,1
West Bengal,Burdwan,Mustard Oil,12000.0,,,2019-02-09 00:09:21.221315,2,5,12000.0,12000.0,12000.0,12000.0,0.0,0
West Bengal,Burdwan,Wheat,2950.0,,,2019-02-10 00:09:21.221315,2,6,2850.0,2950.0,2950.0,2900.0,70.71067811865476,1
West Bengal,Burdwan,Wheat,2700.0,,,2019-02-11 00:09:21.221315,2,0,2950.0,2700.0,2700.0,2833.3333333333335,125.83057392117922,0
West Bengal,Darjeeling,Arhar Dal(Tur Dal),12800.0,,,2019-02-12 00:09:21.221315,2,1,12800.0,12800.0,12800.0,12800.0,0.0,0
West Bengal,Darjeeling,Black Gram Dal (Urd Dal),11800.0,,,2019-02-13 00:09:21.221315,2,2,11800.0,11800.0,11800.0,11800.0,0.0,0
West Bengal,Darjeeling,Green Gram Dal (Moong Dal),9800.0,,,2019-02-14 00:09:21.221315,2,3,9800.0,9800.0,9800.0,9800.0,0.0,0
West Bengal,Malda,Green Gram Dal (Moong Dal),9800.0,,,2019-02-15 00:09:21.221315,2,4,9800.0,9800.0,9800.0,9800.0,0.0,0
West Bengal,Malda,Lentil (Masur)(Whole),9500.0,,,2019-02-16 00:09:21.221315,2,5,9500.0,9500.0,9500.0,9500.0,0.0,0
West Bengal,Medinipur(W),Paddy(Dhan)(Common),2040.0,,,2019-02-17 00:09:21.221315,2,6,2040.0,2040.0,2040.0,2040.0,0.0,0
West Bengal,Medinipur(W),Mustard,5750.0,,,2019-02-18 00:09:21.221315,2,0,5750.0,5750.0,5750.0,5750.0,0.0,0
West Bengal,Medinipur(W),Paddy(Dhan)(Common),2150.0,,,2019-02-19 00:09:21.221315,2,1,2040.0,2150.0,2150.0,2095.0,77.78174593052023,1
West Bengal,Nadia,Mustard,6100.0,,,2019-02-20 00:09:21.221315,2,2,6100.0,6100.0,6100.0,6100.0,0.0,0
West Bengal,Nadia,Wheat,2350.0,,,2019-02-21 00:09:21.221315,2,3,2350.0,2350.0,2350.0,2350.0,0.0,0
West Bengal,Nadia,Mustard,5600.0,,,2019-02-22 00:09:21.221315,2,4,6100.0,5600.0,5600.0,5850.0,353.5533905932738,0
West Bengal,Uttar Dinajpur,Wheat,2350.0,,,2019-02-23 00:09:21.221315,2,5,2350.0,2350.0,2350.0,2350.0,0.0,0
West Bengal,Uttar Dinajpur,Wheat,2350.0,,,2019-02-24 00:09:21.221315,2,6,2350.0,2350.0,2350.0,2350.0,0.0,0
Andhra Pradesh,Guntur,Black Gram (Urd Beans)(Whole),8200.0,,,2019-02-25 00:09:21.221315,2,0,8200.0,8200.0,8200.0,8200.0,0.0,0
Andhra Pradesh,Kurnool,Maize,1962.0,,,2019-02-26 00:09:21.221315,2,1,1962.0,1962.0,1962.0,1962.0,0.0,0
Andhra Pradesh,Kurnool,Paddy(Dhan)(Common),2040.0,,,2019-02-27 00:09:21.221315,2,2,2040.0,2040.0,2040.0,2040.0,0.0,0
Chattisgarh,Mungeli,Paddy(Dhan)(Common),1800.0,,,2019-02-28 00:09:21.221315,2,3,1770.0,1800.0,1800.0,1796.6666666666667,25.166114784235827,1
Chattisgarh,Raigarh,Wheat,1950.0,,,2019-03-01 00:09:21.221315,3,4,1950.0,1950.0,1950.0,1950.0,0.0,0
Chattisgarh,Raipur,Paddy(Dhan)(Common),1950.0,,,2019-03-02 00:09:21.221315,3,5,2100.0,1950.0,1950.0,2025.0,106.06601717798213,0
Chattisgarh,Surajpur,Paddy(Dhan)(Common),3001.0,,,2019-03-03 00:09:21.221315,3,6,3001.0,3001.0,3001.0,3001.0,0.0,0
Chattisgarh,Surajpur,Paddy(Dhan)(Common),2040.0,,,2019-03-04 00:09:21.221315,3,0,3001.0,2040.0,2040.0,2520.5,679.5296167202722,0
Gujarat,Banaskanth,Mustard,5300.0,,,2019-03-05 00:09:21.221315,3,1,5182.5,5300.0,5300.0,5260.5,49.12992977808937,1
Gujarat,Banaskanth,Bajra(Pearl Millet/Cumbu),2200.0,,,2019-03-06 00:09:21.221315,3,2,1967.5,2200.0,2200.0,2138.75,120.76578571764438,1
Gujarat,Banaskanth,Mustard,5350.0,,,2019-03-07 00:09:21.221315,3,3,5300.0,5350.0,5350.0,5275.416666666667,57.14929279235794,1
Gujarat,Banaskanth,Wheat,2250.0,,,2019-03-08 00:09:21.221315,3,4,2250.0,2250.0,2250.0,2189.5,83.53143121005408,0
Gujarat,Banaskanth,Bajra(Pearl Millet/Cumbu),2200.0,,,2019-03-09 00:09:21.221315,3,5,2200.0,2200.0,2200.0,2147.5,112.6480507302871,0
Gujarat,Banaskanth,Gram Raw(Chholia),8550.0,,,2019-03-10 00:09:21.221315,3,6,8525.0,8550.0,8550.0,8537.5,17.67766952966369,1
Gujarat,Banaskanth,Bajra(Pearl Millet/Cumbu),2100.0,,,2019-03-11 00:09:21.221315,3,0,2200.0,2225.0,2100.0,2129.6428571428573,108.13213918077052,0
Gujarat,Banaskanth,Mustard,5220.0,,,2019-03-12 00:09:21.221315,3,1,5350.0,5220.0,5220.0,5267.5,56.217583251743044,0
Gujarat,Banaskanth,Bajra(Pearl Millet/Cumbu),1777.5,,,2019-03-13 00:09:21.221315,3,2,2100.0,2250.0,1777.5,2062.1428571428573,156.9396684200956,0
Gujarat,Banaskanth,Mustard,5212.5,,,2019-03-14 00:09:21.221315,3,3,5220.0,5305.0,5212.5,5254.285714285715,56.8021838949709,0
Gujarat,Banaskanth,Wheat,2250.0,,,2019-03-15 00:09:21.221315,3,4,2250.0,2250.0,2250.0,2198.1428571428573,79.60826709881447,0
Gujarat,Banaskanth,Bajra(Pearl Millet/Cumbu),2105.0,,,2019-03-16 00:09:21.221315,3,5,1777.5,2185.0,2105.0,2050.714285714286,149.22518139343907,1
Gujarat,Banaskanth,Jowar(Sorghum),4867.5,,,2019-03-17 00:09:21.221315,3,6,4867.5,4867.5,4867.5,4867.5,0.0,0
Gujarat,Banaskanth,Mustard,5282.5,,,2019-03-18 00:09:21.221315,3,0,5212.5,5260.0,5282.5,5257.5,57.807150653415334,1
Gujarat,Banaskanth,Wheat,2350.0,,,2019-03-19 00:09:21.221315,3,1,2250.0,2175.0,2350.0,2223.1428571428573,96.75988936783764,1
Gujarat,Banaskanth,Bajra(Pearl Millet/Cumbu),2005.0,,,2019-03-20 00:09:21.221315,3,2,2105.0,2005.0,2005.0,2050.714285714286,149.22518139343907,0
Gujarat,Banaskanth,Mustard,5302.5,,,2019-03-21 00:09:21.221315,3,3,5282.5,5255.0,5302.5,5264.285714285715,60.20302950769782,1
Gujarat,Banaskanth,Wheat,2047.5,,,2019-03-22 00:09:21.221315,3,4,2350.0,2200.0,2047.5,2201.3571428571427,117.73370881135179,0
Gujarat,Banaskanth,Bajra(Pearl Millet/Cumbu),2272.0,,,2019-03-23 00:09:21.221315,3,5,2005.0,1967.5,2272.0,2094.214285714286,164.52250533560687,1
Gujarat,Banaskanth,Mustard,5500.0,,,2019-03-24 00:09:21.221315,3,6,5302.5,5182.5,5500.0,5309.642857142857,96.79691553527276,1
Gujarat,Banaskanth,Mustard,5270.0,,,2019-03-25 00:09:21.221315,3,0,5500.0,5300.0,5270.0,5305.357142857143,97.95224784119424,0
Gujarat,Bhavnagar,Bajra(Pearl Millet/Cumbu),2360.0,,,2019-03-26 00:09:21.221315,3,1,2360.0,2360.0,2360.0,2360.0,0.0,0
Gujarat,Bhavnagar,Bengal Gram(Gram)(Whole),4710.0,,,2019-03-27 00:09:21.221315,3,2,4710.0,4710.0,4710.0,4710.0,0.0,0
Gujarat,Bhavnagar,Cotton,7005.0,,,2019-03-28 00:09:21.221315,3,3,7005.0,7005.0,7005.0,7005.0,0.0,0
Gujarat,Bhavnagar,Wheat,2425.0,,,2019-03-29 00:09:21.221315,3,4,2425.0,2425.0,2425.0,2425.0,0.0,0
Gujarat,Dahod,Paddy(Dhan)(Common),1370.0,,,2019-03-30 00:09:21.221315,3,5,2100.0,1370.0,1370.0,1785.0,375.13330963805384,0
Gujarat,Gandhinagar,Bajra(Pearl Millet/Cumbu),2270.0,,,2019-03-31 00:09:21.221315,3,6,2290.0,2270.0,2270.0,2280.0,14.142135623730951,0
Gujarat,Gandhinagar,Paddy(Dhan)(Common),1925.0,,,2019-04-01 00:09:21.221315,4,0,1950.0,1925.0,1925.0,1937.5,17.67766952966369,0
Gujarat,Gandhinagar,Wheat,2315.0,,,2019-04-02 00:09:21.221315,4,1,2312.0,2315.0,2315.0,2313.5,2.1213203435596424,1
Gujarat,Gandhinagar,Bajra(Pearl Millet/Cumbu),2150.0,,,2019-04-03 00:09:21.221315,4,2,2270.0,2150.0,2150.0,2236.6666666666665,75.71877794400358,0
Gujarat,Gandhinagar,Jowar(Sorghum),4500.0,,,2019-04-04 00:09:21.221315,4,3,4500.0,4500.0,4500.0,4500.0,0.0,0
Gujarat,Gandhinagar,Mustard,5300.0,,,2019-04-05 00:09:21.221315,4,4,5300.0,5300.0,5300.0,5300.0,0.0,0
Gujarat,Gandhinagar,Paddy(Dhan)(Common),2150.0,,,2019-04-06 00:09:21.221315,4,5,1925.0,2150.0,2150.0,2008.3333333333333,123.32207155790621,1
Gujarat,Gandhinagar,Wheat,2300.0,,,2019-04-07 00:09:21.221315,4,6,2315.0,2300.0,2300.0,2309.0,7.937253933193772,0
Gujarat,Gandhinagar,Bajra(Pearl Millet/Cumbu),1900.0,,,2019-04-08 00:09:21.221315,4,0,2150.0,1900.0,1900.0,2152.5,179.32744723921465,0
Gujarat,Gandhinagar,Jowar(Sorghum),4725.0,,,2019-04-09 00:09:21.221315,4,1,4500.0,4725.0,4725.0,4612.5,159.0990257669732,1
Gujarat,Gandhinagar,Mustard,5315.0,,,2019-04-10 00:09:21.221315,4,2,5300.0,5315.0,5315.0,5307.5,10.606601717798213,1
Gujarat,Gandhinagar,Wheat,2270.0,,,2019-04-11 00:09:21.221315,4,3,2300.0,2270.0,2270.0,2299.25,20.54872258803452,0
Gujarat,Jamnagar,Bajra(Pearl Millet/Cumbu),1875.0,,,2019-04-12 00:09:21.221315,4,4,1950.0,1875.0,1875.0,1912.5,53.033008588991066,0
Gujarat,Jamnagar,Bengal Gram(Gram)(Whole),4570.0,,,2019-04-13 00:09:21.221315,4,5,4525.0,4570.0,4570.0,4547.5,31.81980515339464,1
Gujarat,Jamnagar,Cotton,6130.0,,,2019-04-14 00:09:21.221315,4,6,6015.0,6130.0,6130.0,6072.5,81.31727983645297,1
Gujarat,Jamnagar,Wheat,2110.0,,,2019-04-15 00:09:21.221315,4,0,2380.0,2110.0,2110.0,2245.0,190.91883092036784,0
Gujarat,Jamnagar,Bengal Gram(Gram)(Whole),4500.0,,,2019-04-16 00:09:21.221315,4,1,4570.0,4500.0,4500.0,4531.666666666667,35.47299442298804,0
Gujarat,Jamnagar,Wheat,2175.0,,,2019-04-17 00:09:21.221315,4,2,2110.0,2175.0,2175.0,2221.6666666666665,140.91959882618644,1
Gujarat,Junagarh,Arhar (Tur/Red Gram)(Whole),8690.0,,,2019-04-18 00:09:21.221315,4,3,8690.0,8690.0,8690.0,8690.0,0.0,0
Gujarat,Junagarh,Black Gram (Urd Beans)(Whole),7315.0,,,2019-04-19 00:09:21.221315,4,4,8600.0,7315.0,7315.0,7957.5,908.6322138247135,0
Gujarat,Junagarh,Green Gram (Moong)(Whole),7515.0,,,2019-04-20 00:09:21.221315,4,5,7315.0,7515.0,7515.0,7415.0,141.4213562373095,1
Gujarat,Junagarh,Kulthi(Horse Gram),4740.0,,,2019-04-21 00:09:21.221315,4,6,4745.0,4740.0,4740.0,4742.5,3.5355339059327378,0
Gujarat,Junagarh,Wheat,2430.0,,,2019-04-22 00:09:21.221315,4,0,2425.0,2430.0,2430.0,2443.3333333333335,27.537852736430537,1
Gujarat,Kachchh,Mustard,4968.0,,,2019-04-23 00:09:21.221315,4,1,4968.0,4968.0,4968.0,4968.0,0.0,0
Gujarat,Mehsana,Bajra(Pearl Millet/Cumbu),2300.0,,,2019-04-24 00:09:21.221315,4,2,2250.0,2300.0,2300.0,2275.0,35.35533905932738,1
Gujarat,Mehsana,Kulthi(Horse Gram),4500.0,,,2019-04-25 00:09:21.221315,4,3,4500.0,4500.0,4500.0,4500.0,0.0,0
Gujarat,Mehsana,Paddy(Dhan)(Common),2250.0,,,2019-04-26 00:09:21.221315,4,4,2200.0,2250.0,2250.0,2225.0,35.35533905932738,1
Gujarat,Mehsana,Wheat,2450.0,,,2019-04-27 00:09:21.221315,4,5,2450.0,2450.0,2450.0,2450.0,0.0,0
Gujarat,Mehsana,Bajra(Pearl Millet/Cumbu),2105.0,,,2019-04-28 00:09:21.221315,4,6,2300.0,2105.0,2105.0,2218.3333333333335,101.28343069492338,0
Gujarat,Mehsana,Mustard,5300.0,,,2019-04-29 00:09:21.221315,4,0,5290.0,5300.0,5300.0,5295.0,7.0710678118654755,1
Gujarat,Mehsana,Wheat,2300.0,,,2019-04-30 00:09:21.221315,4,1,2450.0,2300.0,2300.0,2400.0,86.60254037844386,0
Gujarat,Mehsana,Bajra(Pearl Millet/Cumbu),1970.0,,,2019-05-01 00:09:21.221315,5,2,2105.0,1970.0,1970.0,2156.25,149.185287478357,0
Gujarat,Mehsana,Wheat,2250.0,,,2019-05-02 00:09:21.221315,5,3,2300.0,2250.0,2250.0,2362.5,103.07764064044152,0
Gujarat,Mehsana,Mustard,5625.0,,,2019-05-03 00:09:21.221315,5,4,5300.0,5625.0,5625.0,5405.0,190.59118552545917,1
Gujarat,Mehsana,Bajra(Pearl Millet/Cumbu),1900.0,,,2019-05-04 00:09:21.221315,5,5,1970.0,1900.0,1900.0,2105.0,172.69916039170548,0
Gujarat,Mehsana,Mustard,5147.0,,,2019-05-05 00:09:21.221315,5,6,5625.0,5147.0,5147.0,5340.5,202.13279463428657,0
Gujarat,Mehsana,Wheat,2285.0,,,2019-05-06 00:09:21.221315,5,0,2250.0,2285.0,2285.0,2347.0,95.7601169589929,1
Gujarat,Navsari,Pegeon Pea (Arhar Fali),10500.0,,,2019-05-07 00:09:21.221315,5,1,10500.0,10500.0,10500.0,10500.0,0.0,0
Gujarat,Porbandar,Bajra(Pearl Millet/Cumbu),1725.0,,,2019-05-08 00:09:21.221315,5,2,2205.0,1725.0,1725.0,1965.0,339.4112549695428,0
Gujarat,Porbandar,Black Gram (Urd Beans)(Whole),8125.0,,,2019-05-09 00:09:21.221315,5,3,8125.0,8125.0,8125.0,8125.0,0.0,0
Gujarat,Porbandar,Green Gram (Moong)(Whole),8350.0,,,2019-05-10 00:09:21.221315,5,4,8315.0,8350.0,8350.0,8332.5,24.748737341529164,1
Gujarat,Porbandar,Kulthi(Horse Gram),3850.0,,,2019-05-11 00:09:21.221315,5,5,4350.0,3850.0,3850.0,4100.0,353.5533905932738,0
Gujarat,Porbandar,Wheat,2065.0,,,2019-05-12 00:09:21.221315,5,6,2280.0,2065.0,2065.0,2111.6666666666665,150.52685253247452,0
Gujarat,Porbandar,Wheat,2325.0,,,2019-05-13 00:09:21.221315,5,0,2065.0,2325.0,2325.0,2165.0,162.7370066497886,1
Gujarat,Rajkot,Arhar (Tur/Red Gram)(Whole),9030.0,,,2019-05-14 00:09:21.221315,5,1,8250.0,9030.0,9030.0,8396.25,1032.5322835953687,1
Gujarat,Rajkot,Wheat,2445.0,,,2019-05-15 00:09:21.221315,5,2,2450.0,2445.0,2445.0,2346.4285714285716,114.77203077239265,0
Gujarat,Rajkot,Bengal Gram(Gram)(Whole),4400.0,,,2019-05-16 00:09:21.221315,5,3,11750.0,4400.0,4400.0,6067.0,3190.747561309105,0
Gujarat,Rajkot,Cotton,6190.0,,,2019-05-17 00:09:21.221315,5,4,7200.0,6190.0,6190.0,6685.0,549.3632677928149,0
Gujarat,Rajkot,Wheat,2435.0,,,2019-05-18 00:09:21.221315,5,5,2445.0,2465.0,2435.0,2342.1428571428573,110.07032384106166,0
Gujarat,Rajkot,Arhar (Tur/Red Gram)(Whole),8605.0,,,2019-05-19 00:09:21.221315,5,6,9030.0,8605.0,8605.0,8438.0,899.0592305293351,0
Gujarat,Rajkot,Bajra(Pearl Millet/Cumbu),2125.0,,,2019-05-20 00:09:21.221315,5,0,2075.0,2125.0,2125.0,2101.25,134.24945685799503,1
Gujarat,Rajkot,Bengal Gram(Gram)(Whole),4860.0,,,2019-05-21 00:09:21.221315,5,1,4400.0,4860.0,4860.0,5865.833333333333,2896.1188108685506,1
Gujarat,Rajkot,Bengal Gram(Gram)(Whole),11250.0,,,2019-05-22 00:09:21.221315,5,2,4860.0,11250.0,11250.0,6635.0,3336.3015950799972,1
Gujarat,Rajkot,Black Gram (Urd Beans)(Whole),7350.0,,,2019-05-23 00:09:21.221315,5,3,7680.0,7350.0,7350.0,7515.0,233.3452377915607,0
Gujarat,Rajkot,Cotton,7260.0,,,2019-05-24 00:09:21.221315,5,4,6190.0,7260.0,7260.0,6780.833333333333,544.5586898275214,1
Gujarat,Rajkot,Green Gram (Moong)(Whole),8250.0,,,2019-05-25 00:09:21.221315,5,5,8125.0,8250.0,8250.0,7708.333333333333,832.2910148099243,1
Gujarat,Rajkot,Jowar(Sorghum),4700.0,,,2019-05-26 00:09:21.221315,5,6,4750.0,4700.0,4700.0,4305.0,569.5904961753957,0
Gujarat,Rajkot,Mustard,5150.0,,,2019-05-27 00:09:21.221315,5,0,5100.0,5150.0,5150.0,5050.0,132.28756555322954,1
Gujarat,Rajkot,Wheat,2420.0,,,2019-05-28 00:09:21.221315,5,1,2435.0,2175.0,2420.0,2377.1428571428573,83.90754549190544,0
Gujarat,Rajkot,Wheat,2450.0,,,2019-05-29 00:09:21.221315,5,2,2420.0,2225.0,2450.0,2409.285714285714,53.49677337844542,1
Gujarat,Sabarkantha,Bajra(Pearl Millet/Cumbu),2000.0,,,2019-05-30 00:09:21.221315,5,3,2000.0,2000.0,2000.0,2000.0,0.0,0
Gujarat,Sabarkantha,Wheat,2340.0,,,2019-05-31 00:09:21.221315,5,4,2350.0,2340.0,2340.0,2345.0,7.0710678118654755,0
Gujarat,Surat,Paddy(Dhan)(Common),2035.0,,,2019-06-01 00:09:21.221315,6,5,2035.0,2035.0,2035.0,2035.0,0.0,0
Gujarat,Surat,Paddy(Dhan)(Common),2035.0,,,2019-06-02 00:09:21.221315,6,6,2035.0,2035.0,2035.0,2035.0,0.0,0
Gujarat,Surendranagar,Cotton,7000.0,,,2019-06-03 00:09:21.221315,6,0,7025.0,7000.0,7000.0,7008.333333333333,14.433756729740578,0
Gujarat,Surendranagar,Wheat,2400.0,,,2019-06-04 00:09:21.221315,6,1,2450.0,2400.0,2400.0,2416.6666666666665,28.867513459481255,0
Gujarat,Surendranagar,Mustard,6800.0,,,2019-06-05 00:09:21.221315,6,2,6900.0,6800.0,6800.0,6850.0,70.71067811865476,0
Gujarat,Surendranagar,Wheat,2425.0,,,2019-06-06 00:09:21.221315,6,3,2400.0,2425.0,2425.0,2418.75,23.93567769390843,1
Haryana,Bhiwani,Cotton,6900.0,,,2019-06-07 00:09:21.221315,6,4,6900.0,6900.0,6900.0,6900.0,0.0,0
Haryana,Fatehabad,Mustard,5084.0,,,2019-06-08 00:09:21.221315,6,5,5084.0,5084.0,5084.0,5084.0,0.0,0
Haryana,Hissar,Mustard,4700.0,,,2019-06-09 00:09:21.221315,6,6,4700.0,4700.0,4700.0,4700.0,0.0,0
Haryana,Kurukshetra,Maize,1400.0,,,2019-06-10 00:09:21.221315,6,0,1400.0,1400.0,1400.0,1400.0,0.0,0
Haryana,Mahendragarh-Narnaul,Mustard,4700.0,,,2019-06-11 00:09:21.221315,6,1,4700.0,4700.0,4700.0,4700.0,0.0,0
Haryana,Sirsa,Bengal Gram(Gram)(Whole),4990.0,,,2019-06-12 00:09:21.221315,6,2,4990.0,4990.0,4990.0,4990.0,0.0,0
Haryana,Sirsa,Cotton,7048.0,,,2019-06-13 00:09:21.221315,6,3,7048.0,7048.0,7048.0,7048.0,0.0,0
Haryana,Sirsa,Mustard,5260.0,,,2019-06-14 00:09:21.221315,6,4,5260.0,5260.0,5260.0,5260.0,0.0,0
Haryana,Sirsa,Mustard,5000.0,,,2019-06-15 00:09:21.221315,6,5,5260.0,5000.0,5000.0,5130.0,183.84776310850236,0
Haryana,Sirsa,Cotton,7000.0,,,2019-06-16 00:09:21.221315,6,6,7048.0,7000.0,7000.0,7024.0,33.94112549695428,0
Haryana,Sirsa,Mustard,5000.0,,,2019-06-17 00:09:21.221315,6,0,5000.0,5000.0,5000.0,5086.666666666667,150.11106998930276,0
Kerala,Kasargod,Arhar (Tur/Red Gram)(Whole),12600.0,,,2019-06-18 00:09:21.221315,6,1,12600.0,12600.0,12600.0,12600.0,0.0,0
Kerala,Kasargod,Black Gram (Urd Beans)(Whole),15200.0,,,2019-06-19 00:09:21.221315,6,2,15200.0,15200.0,15200.0,15200.0,0.0,0
Kerala,Malappuram,Bengal Gram(Gram)(Whole),6250.0,,,2019-06-20 00:09:21.221315,6,3,6250.0,6250.0,6250.0,6250.0,0.0,0
Kerala,Malappuram,Green Gram (Moong)(Whole),10550.0,,,2019-06-21 00:09:21.221315,6,4,10550.0,10550.0,10550.0,10550.0,0.0,0
Kerala,Wayanad,Paddy(Dhan)(Common),2160.0,,,2019-06-22 00:09:21.221315,6,5,2160.0,2160.0,2160.0,2160.0,0.0,0
Madhya Pradesh,Bhind,Wheat,2250.0,,,2019-06-23 00:09:21.221315,6,6,2250.0,2250.0,2250.0,2250.0,0.0,0
Madhya Pradesh,Burhanpur,Arhar (Tur/Red Gram)(Whole),7000.0,,,2019-06-24 00:09:21.221315,6,0,7000.0,7000.0,7000.0,7000.0,0.0,0
Madhya Pradesh,Dewas,Wheat,2350.0,,,2019-06-25 00:09:21.221315,6,1,2361.0,2350.0,2350.0,2355.5,7.7781745930520225,0
Madhya Pradesh,Panna,Wheat,2038.0,,,2019-06-26 00:09:21.221315,6,2,2025.0,2038.0,2038.0,2061.0,51.507281038703645,1
Madhya Pradesh,Rajgarh,Wheat,2320.0,,,2019-06-27 00:09:21.221315,6,3,2305.0,2320.0,2320.0,2312.5,10.606601717798213,1
Madhya Pradesh,Ratlam,Wheat,2290.0,,,2019-06-28 00:09:21.221315,6,4,2500.0,2290.0,2290.0,2395.0,148.49242404917499,0
Madhya Pradesh,Sagar,Wheat,2121.0,,,2019-06-29 00:09:21.221315,6,5,2121.0,2121.0,2121.0,2121.0,0.0,0
Madhya Pradesh,Sagar,Wheat,2180.0,,,2019-06-30 00:09:21.221315,6,6,2121.0,2180.0,2180.0,2150.5,41.71930009000631,1
Madhya Pradesh,Shajapur,Wheat,2125.0,,,2019-07-01 00:09:21.221315,7,0,2780.0,2125.0,2125.0,2321.25,318.024501152558,0
Madhya Pradesh,Shajapur,Bengal Gram(Gram)(Whole),4275.0,,,2019-07-02 00:09:21.221315,7,1,5485.0,4275.0,4275.0,4670.0,705.9213837248451,0
Madhya Pradesh,Shajapur,Bengal Gram(Gram)(Whole),5320.0,,,2019-07-03 00:09:21.221315,7,2,4275.0,5320.0,5320.0,4832.5,661.6960530837906,1
Madhya Pradesh,Shajapur,Lentil (Masur)(Whole),5460.0,,,2019-07-04 00:09:21.221315,7,3,5490.0,5460.0,5460.0,5475.0,21.213203435596427,0
Madhya Pradesh,Shajapur,Mustard,5070.0,,,2019-07-05 00:09:21.221315,7,4,5090.0,5070.0,5070.0,5080.0,14.142135623730951,0
Madhya Pradesh,Shajapur,Wheat,2240.0,,,2019-07-06 00:09:21.221315,7,5,2125.0,2240.0,2240.0,2305.0,277.803887661782,1
Madhya Pradesh,Shajapur,Wheat,2055.0,,,2019-07-07 00:09:21.221315,7,6,2240.0,2055.0,2055.0,2263.3333333333335,268.61992976446606,0
Madhya Pradesh,Shajapur,Wheat,2710.0,,,2019-07-08 00:09:21.221315,7,0,2055.0,2710.0,2710.0,2327.1428571428573,297.71150944688526,1
Madhya Pradesh,Shajapur,Wheat,2250.0,,,2019-07-09 00:09:21.221315,7,1,2710.0,2290.0,2250.0,2321.4285714285716,298.9246600415435,0
Maharashtra,Ahmednagar,Paddy(Dhan)(Common),2300.0,,,2019-07-10 00:09:21.221315,7,2,2300.0,2300.0,2300.0,2300.0,0.0,0
Maharashtra,Ahmednagar,Bengal Gram(Gram)(Whole),4000.0,,,2019-07-11 00:09:21.221315,7,3,4000.0,4000.0,4000.0,4000.0,0.0,0
Maharashtra,Ahmednagar,Wheat,2450.0,,,2019-07-12 00:09:21.221315,7,4,2450.0,2450.0,2450.0,2450.0,0.0,0
Maharashtra,Aurangabad,Bajra(Pearl Millet/Cumbu),2351.0,,,2019-07-13 00:09:21.221315,7,5,2335.0,2351.0,2351.0,2343.0,11.313708498984761,1
Maharashtra,Aurangabad,Bengal Gram(Gram)(Whole),4600.0,,,2019-07-14 00:09:21.221315,7,6,4600.0,4600.0,4600.0,4600.0,0.0,0
Maharashtra,Aurangabad,Jowar(Sorghum),3580.0,,,2019-07-15 00:09:21.221315,7,0,4000.0,3580.0,3580.0,3790.0,296.98484809834997,0
Maharashtra,Aurangabad,Wheat,2352.0,,,2019-07-16 00:09:21.221315,7,1,2361.0,2352.0,2352.0,2356.5,6.363961030678928,0
Maharashtra,Jalana,Bajra(Pearl Millet/Cumbu),2200.0,,,2019-07-17 00:09:21.221315,7,2,2200.0,2200.0,2200.0,2200.0,0.0,0
Maharashtra,Jalana,Maize,2100.0,,,2019-07-18 00:09:21.221315,7,3,2100.0,2100.0,2100.0,2100.0,0.0,0
Maharashtra,Jalana,Wheat,2100.0,,,2019-07-19 00:09:21.221315,7,4,2225.0,2100.0,2100.0,2162.5,88.38834764831844,0
Maharashtra,Jalgaon,Cotton,6380.0,,,2019-07-20 00:09:21.221315,7,5,6380.0,6380.0,6380.0,6380.0,0.0,0
Maharashtra,Jalgaon,Maize,1530.0,,,2019-07-21 00:09:21.221315,7,6,1530.0,1530.0,1530.0,1530.0,0.0,0
Maharashtra,Jalgaon,Wheat,2650.0,,,2019-07-22 00:09:21.221315,7,0,2650.0,2650.0,2650.0,2650.0,0.0,0
Maharashtra,Nagpur,Arhar (Tur/Red Gram)(Whole),9575.0,,,2019-07-23 00:09:21.221315,7,1,9575.0,9575.0,9575.0,9575.0,0.0,0
Maharashtra,Nagpur,Bengal Gram(Gram)(Whole),4834.0,,,2019-07-24 00:09:21.221315,7,2,4834.0,4834.0,4834.0,4834.0,0.0,0
Maharashtra,Nagpur,Maize,1950.0,,,2019-07-25 00:09:21.221315,7,3,1950.0,1950.0,1950.0,1950.0,0.0,0
Maharashtra,Nagpur,Wheat,2390.0,,,2019-07-26 00:09:21.221315,7,4,2390.0,2390.0,2390.0,2390.0,0.0,0
Maharashtra,Nagpur,Wheat,3150.0,,,2019-07-27 00:09:21.221315,7,5,2390.0,3150.0,3150.0,2770.0,537.4011537017761,1
Maharashtra,Nagpur,Arhar (Tur/Red Gram)(Whole),9810.0,,,2019-07-28 00:09:21.221315,7,6,9575.0,9810.0,9810.0,9692.5,166.17009357883867,1
Maharashtra,Nagpur,Cotton,6900.0,,,2019-07-29 00:09:21.221315,7,0,6900.0,6900.0,6900.0,6900.0,0.0,0
Maharashtra,Nagpur,Wheat,2325.0,,,2019-07-30 00:09:21.221315,7,1,3150.0,2325.0,2325.0,2621.6666666666665,458.7028813222491,0
Maharashtra,Nashik,Bajra(Pearl Millet/Cumbu),2699.0,,,2019-07-31 00:09:21.221315,7,2,2535.0,2699.0,2699.0,2617.0,115.96551211459379,1
Maharashtra,Nashik,Bengal Gram(Gram)(Whole),5555.0,,,2019-08-01 00:09:21.221315,8,3,4735.0,5555.0,5555.0,5145.0,579.827560572969,1
Maharashtra,Nashik,Maize,2375.0,,,2019-08-02 00:09:21.221315,8,4,2125.0,2375.0,2375.0,2250.0,176.7766952966369,1
Maharashtra,Nashik,Wheat,2440.0,,,2019-08-03 00:09:21.221315,8,5,2440.0,2440.0,2440.0,2440.0,0.0,0
Maharashtra,Pune,Bajra(Pearl Millet/Cumbu),3150.0,,,2019-08-04 00:09:21.221315,8,6,3150.0,3150.0,3150.0,3150.0,0.0,0
Maharashtra,Pune,Bengal Gram(Gram)(Whole),5800.0,,,2019-08-05 00:09:21.221315,8,0,5800.0,5800.0,5800.0,5800.0,0.0,0
Maharashtra,Pune,Black Gram (Urd Beans)(Whole),9100.0,,,2019-08-06 00:09:21.221315,8,1,9100.0,9100.0,9100.0,9100.0,0.0,0
Maharashtra,Pune,Green Gram (Moong)(Whole),9200.0,,,2019-08-07 00:09:21.221315,8,2,9200.0,9200.0,9200.0,9200.0,0.0,0
Maharashtra,Pune,Jowar(Sorghum),5150.0,,,2019-08-08 00:09:21.221315,8,3,5250.0,5150.0,5150.0,5200.0,70.71067811865476,0
Maharashtra,Pune,Lentil (Masur)(Whole),7350.0,,,2019-08-09 00:09:21.221315,8,4,7350.0,7350.0,7350.0,7350.0,0.0,0
Maharashtra,Pune,Maize,2550.0,,,2019-08-10 00:09:21.221315,8,5,2550.0,2550.0,2550.0,2550.0,0.0,0
Maharashtra,Pune,Wheat,4400.0,,,2019-08-11 00:09:21.221315,8,6,4500.0,4400.0,4400.0,4450.0,70.71067811865476,0
Maharashtra,Satara,Jowar(Sorghum),4500.0,,,2019-08-12 00:09:21.221315,8,0,4500.0,4500.0,4500.0,4500.0,0.0,0
Maharashtra,Satara,Maize,2200.0,,,2019-08-13 00:09:21.221315,8,1,2200.0,2200.0,2200.0,2200.0,0.0,0
Maharashtra,Satara,Wheat,2300.0,,,2019-08-14 00:09:21.221315,8,2,2300.0,2300.0,2300.0,2300.0,0.0,0
Nagaland,Kohima,Maize,9500.0,,,2019-08-15 00:09:21.221315,8,3,9500.0,9500.0,9500.0,9500.0,0.0,0
Nagaland,Longleng,Maize,8000.0,,,2019-08-16 00:09:21.221315,8,4,7700.0,8000.0,8000.0,7850.0,212.13203435596427,1
Nagaland,Tuensang,Maize,8300.0,,,2019-08-17 00:09:21.221315,8,5,8300.0,8300.0,8300.0,8300.0,0.0,0
Odisha,Bhadrak,Paddy(Dhan)(Common),2040.0,,,2019-08-18 00:09:21.221315,8,6,2040.0,2040.0,2040.0,2040.0,0.0,0
Odisha,Keonjhar,Paddy(Dhan)(Common),2040.0,,,2019-08-19 00:09:21.221315,8,0,2040.0,2040.0,2040.0,2040.0,0.0,0
Odisha,Sundergarh,Black Gram (Urd Beans)(Whole),8000.0,,,2019-08-20 00:09:21.221315,8,1,8000.0,8000.0,8000.0,8000.0,0.0,0
Odisha,Sundergarh,Black Gram (Urd Beans)(Whole),8000.0,,,2019-08-21 00:09:21.221315,8,2,8000.0,8000.0,8000.0,8000.0,0.0,0
Odisha,Sundergarh,Paddy(Dhan)(Common),2040.0,,,2019-08-22 00:09:21.221315,8,3,2040.0,2040.0,2040.0,2040.0,0.0,0
Odisha,Sundergarh,Wheat,2125.0,,,2019-08-23 00:09:21.221315,8,4,2125.0,2125.0,2125.0,2125.0,0.0,0
Odisha,Sundergarh,Wheat Atta,4400.0,,,2019-08-24 00:09:21.221315,8,5,4400.0,4400.0,4400.0,4400.0,0.0,0
Punjab,Mansa,Green Gram (Moong)(Whole),6500.0,,,2019-08-25 00:09:21.221315,8,6,6500.0,6500.0,6500.0,6500.0,0.0,0
Rajasthan,Baran,Bengal Gram(Gram)(Whole),4700.0,,,2019-08-26 00:09:21.221315,8,0,4700.0,4700.0,4700.0,4700.0,0.0,0
Rajasthan,Baran,Black Gram (Urd Beans)(Whole),6200.0,,,2019-08-27 00:09:21.221315,8,1,6200.0,6200.0,6200.0,6200.0,0.0,0
Rajasthan,Baran,Green Gram (Moong)(Whole),6800.0,,,2019-08-28 00:09:21.221315,8,2,6800.0,6800.0,6800.0,6800.0,0.0,0
Rajasthan,Baran,Maize,1700.0,,,2019-08-29 00:09:21.221315,8,3,1700.0,1700.0,1700.0,1700.0,0.0,0
Rajasthan,Baran,Mustard,5226.0,,,2019-08-30 00:09:21.221315,8,4,5226.0,5226.0,5226.0,5226.0,0.0,0
Rajasthan,Baran,Paddy(Dhan)(Common),2600.0,,,2019-08-31 00:09:21.221315,8,5,2600.0,2600.0,2600.0,2600.0,0.0,0
Rajasthan,Baran,Wheat,2330.0,,,2019-09-01 00:09:21.221315,9,6,2330.0,2330.0,2330.0,2330.0,0.0,0
Rajasthan,Hanumangarh,Cotton,7211.0,,,2019-09-02 00:09:21.221315,9,0,7211.0,7211.0,7211.0,7211.0,0.0,0
Rajasthan,Hanumangarh,Mustard,5135.0,,,2019-09-03 00:09:21.221315,9,1,5060.0,5135.0,5135.0,5122.0,56.630380539071076,1
Rajasthan,Hanumangarh,Wheat,2260.0,,,2019-09-04 00:09:21.221315,9,2,2151.0,2260.0,2260.0,2205.5,77.07463914933368,1
Rajasthan,Jalore,Bajra(Pearl Millet/Cumbu),1750.0,,,2019-09-05 00:09:21.221315,9,3,1750.0,1750.0,1750.0,1750.0,0.0,0
Rajasthan,Jalore,Mustard,5000.0,,,2019-09-06 00:09:21.221315,9,4,5000.0,5000.0,5000.0,5000.0,0.0,0
Rajasthan,Jhalawar,Mustard,5250.0,,,2019-09-07 00:09:21.221315,9,5,5250.0,5250.0,5250.0,5250.0,0.0,0
Rajasthan,Jhalawar,Wheat,2363.0,,,2019-09-08 00:09:21.221315,9,6,2363.0,2363.0,2363.0,2363.0,0.0,0
Rajasthan,Jodhpur,Bajra(Pearl Millet/Cumbu),2200.0,,,2019-09-09 00:09:21.221315,9,0,2500.0,2200.0,2200.0,2350.0,212.13203435596427,0
Rajasthan,Jodhpur,Bengal Gram(Gram)(Whole),4850.0,,,2019-09-10 00:09:21.221315,9,1,4850.0,4850.0,4850.0,4850.0,0.0,0
Rajasthan,Jodhpur,Mustard,5800.0,,,2019-09-11 00:09:21.221315,9,2,4850.0,5800.0,5800.0,5325.0,671.7514421272201,1
Rajasthan,Sikar,Mustard,4850.0,,,2019-09-12 00:09:21.221315,9,3,4850.0,4850.0,4850.0,4850.0,0.0,0
Rajasthan,Swai Madhopur,Bajra(Pearl Millet/Cumbu),1885.0,,,2019-09-13 00:09:21.221315,9,4,1885.0,1885.0,1885.0,1885.0,0.0,0
Rajasthan,Swai Madhopur,Bengal Gram(Gram)(Whole),4935.0,,,2019-09-14 00:09:21.221315,9,5,4935.0,4935.0,4935.0,4935.0,0.0,0
Rajasthan,Swai Madhopur,Mustard,5280.0,,,2019-09-15 00:09:21.221315,9,6,5280.0,5280.0,5280.0,5280.0,0.0,0
Rajasthan,Swai Madhopur,Wheat,2220.0,,,2019-09-16 00:09:21.221315,9,0,2220.0,2220.0,2220.0,2220.0,0.0,0
Rajasthan,Tonk,Bajra(Pearl Millet/Cumbu),1905.0,,,2019-09-17 00:09:21.221315,9,1,1905.0,1905.0,1905.0,1905.0,0.0,0
Rajasthan,Tonk,Barley (Jau),1545.0,,,2019-09-18 00:09:21.221315,9,2,1560.0,1545.0,1545.0,1552.5,10.606601717798213,0
Rajasthan,Tonk,Bengal Gram(Gram)(Whole),4950.0,,,2019-09-19 00:09:21.221315,9,3,4925.0,4950.0,4950.0,4937.5,17.67766952966369,1
Rajasthan,Tonk,Jowar(Sorghum),4100.0,,,2019-09-20 00:09:21.221315,9,4,4100.0,4100.0,4100.0,4100.0,0.0,0
Rajasthan,Tonk,Maize,2560.0,,,2019-09-21 00:09:21.221315,9,5,2570.0,2560.0,2560.0,2565.0,7.0710678118654755,0
Rajasthan,Tonk,Mustard,5350.0,,,2019-09-22 00:09:21.221315,9,6,5400.0,5350.0,5350.0,5375.0,35.35533905932738,0
Rajasthan,Tonk,Wheat,2240.0,,,2019-09-23 00:09:21.221315,9,0,2210.0,2240.0,2240.0,2225.0,21.213203435596427,1
Rajasthan,Tonk,Barley (Jau),1680.0,,,2019-09-24 00:09:21.221315,9,1,1545.0,1680.0,1680.0,1595.0,73.9932429347437,1
Rajasthan,Tonk,Mustard,5495.0,,,2019-09-25 00:09:21.221315,9,2,5350.0,5495.0,5495.0,5415.0,73.65459931328118,1
Rajasthan,Tonk,Wheat,2207.0,,,2019-09-26 00:09:21.221315,9,3,2240.0,2207.0,2207.0,2219.0,18.24828759089466,0
Rajasthan,Tonk,Mustard,5308.0,,,2019-09-27 00:09:21.221315,9,4,5495.0,5308.0,5308.0,5388.25,80.49171800046678,0
Rajasthan,Tonk,Wheat,2219.0,,,2019-09-28 00:09:21.221315,9,5,2207.0,2219.0,2219.0,2219.0,14.89966442575134,1
Tamil Nadu,Coimbatore,Paddy(Dhan)(Common),2050.0,,,2019-09-29 00:09:21.221315,9,6,2050.0,2050.0,2050.0,2050.0,0.0,0
Tamil Nadu,Erode,Maize,2361.0,,,2019-09-30 00:09:21.221315,9,0,2350.0,2361.0,2361.0,2355.5,7.7781745930520225,1
Tamil Nadu,Madurai,Paddy(Dhan)(Common),2046.0,,,2019-10-01 00:09:21.221315,10,1,2050.0,2046.0,2046.0,2223.714285714286,339.01952465195586,0
Tamil Nadu,Madurai,Paddy(Dhan)(Common),2123.0,,,2019-10-02 00:09:21.221315,10,2,2046.0,2046.0,2123.0,2234.714285714286,333.4964838823713,1
Tamil Nadu,Madurai,Paddy(Dhan)(Common),2585.0,,,2019-10-03 00:09:21.221315,10,3,2123.0,2123.0,2585.0,2300.714285714286,352.8567765565864,1
Tamil Nadu,Madurai,Paddy(Dhan)(Common),2816.0,,,2019-10-04 00:09:21.221315,10,4,2585.0,2585.0,2816.0,2333.714285714286,392.45497163611617,1
Tamil Nadu,Madurai,Cotton,5200.0,,,2019-10-05 00:09:21.221315,10,5,5850.0,5200.0,5200.0,5416.666666666667,375.2776749732568,0
Tamil Nadu,Madurai,Cotton,5850.0,,,2019-10-06 00:09:21.221315,10,6,5200.0,5850.0,5850.0,5525.0,375.27767497325675,1
Tamil Nadu,Madurai,Jowar(Sorghum),3950.0,,,2019-10-07 00:09:21.221315,10,0,3950.0,3950.0,3950.0,3950.0,0.0,0
Tamil Nadu,Madurai,Paddy(Dhan)(Common),1900.0,,,2019-10-08 00:09:21.221315,10,1,2816.0,2816.0,1900.0,2202.8571428571427,355.84848300525726,0
Tamil Nadu,Madurai,Paddy(Dhan)(Common),2050.0,,,2019-10-09 00:09:21.221315,10,2,1900.0,1900.0,2050.0,2224.285714285714,338.67325171700736,1
Tamil Nadu,Salem,Maize,2330.0,,,2019-10-10 00:09:21.221315,10,3,2330.0,2330.0,2330.0,2330.0,0.0,0
Tamil Nadu,Salem,Cotton,6500.0,,,2019-10-11 00:09:21.221315,10,4,6200.0,6500.0,6500.0,6350.0,212.13203435596427,1
Tamil Nadu,Salem,Cotton,7000.0,,,2019-10-12 00:09:21.221315,10,5,6500.0,7000.0,7000.0,6566.666666666667,404.1451884327379,1
Tamil Nadu,Salem,Paddy(Dhan)(Common),2000.0,,,2019-10-13 00:09:21.221315,10,6,2000.0,2000.0,2000.0,2000.0,0.0,0
Telangana,Adilabad,Paddy(Dhan)(Common),2040.0,,,2019-10-14 00:09:21.221315,10,0,2040.0,2040.0,2040.0,2040.0,0.0,0
Telangana,Adilabad,Paddy(Dhan)(Common),2040.0,,,2019-10-15 00:09:21.221315,10,1,2040.0,2040.0,2040.0,2040.0,0.0,0
Telangana,Karimnagar,Paddy(Dhan)(Common),2040.0,,,2019-10-16 00:09:21.221315,10,2,2060.0,2040.0,2040.0,2077.5714285714284,55.808772138608056,0
Telangana,Khammam,Paddy(Dhan)(Common),2040.0,,,2019-10-17 00:09:21.221315,10,3,2040.0,2040.0,2040.0,2050.0,11.54700538379258,0
Telangana,Medak,Paddy(Dhan)(Common),2060.0,,,2019-10-18 00:09:21.221315,10,4,2060.0,2060.0,2060.0,2060.0,0.0,0
Telangana,Nalgonda,Paddy(Dhan)(Common),2060.0,,,2019-10-19 00:09:21.221315,10,5,2203.0,2060.0,2060.0,2080.4285714285716,54.048919640319674,0
Telangana,Nalgonda,Arhar (Tur/Red Gram)(Whole),8973.0,,,2019-10-20 00:09:21.221315,10,6,6600.0,8973.0,8973.0,7786.5,1677.9643917556773,1
Telangana,Nizamabad,Paddy(Dhan)(Common),2040.0,,,2019-10-21 00:09:21.221315,10,0,2040.0,2040.0,2040.0,2045.0,10.00000000000002,0
Telangana,Nizamabad,Paddy(Dhan)(Common),2040.0,,,2019-10-22 00:09:21.221315,10,1,2040.0,2040.0,2040.0,2044.0,8.944271909999175,0
Telangana,Warangal,Paddy(Dhan)(Common),206.0,,,2019-10-23 00:09:21.221315,10,2,206.0,206.0,206.0,206.0,0.0,0
Telangana,Warangal,Cotton,6200.0,,,2019-10-24 00:09:21.221315,10,3,6600.0,6200.0,6200.0,6333.333333333333,230.94010767585024,0
Uttar Pradesh,Aligarh,Maize,1700.0,,,2019-10-25 00:09:21.221315,10,4,2000.0,1700.0,1700.0,1850.0,173.20508075688772,0
Uttar Pradesh,Aligarh,Wheat,2150.0,,,2019-10-26 00:09:21.221315,10,5,2230.0,2150.0,2150.0,2192.5,49.244289008980516,0
Uttar Pradesh,Aligarh,Arhar Dal(Tur Dal),12500.0,,,2019-10-27 00:09:21.221315,10,6,12500.0,12500.0,12500.0,12500.0,0.0,0
Uttar Pradesh,Aligarh,Bajra(Pearl Millet/Cumbu),2120.0,,,2019-10-28 00:09:21.221315,10,0,2140.0,2120.0,2120.0,2133.3333333333335,11.54700538379258,0
Uttar Pradesh,Aligarh,Black Gram Dal (Urd Dal),9500.0,,,2019-10-29 00:09:21.221315,10,1,9500.0,9500.0,9500.0,9500.0,0.0,0
Uttar Pradesh,Aligarh,Maize,1980.0,,,2019-10-30 00:09:21.221315,10,2,1700.0,1980.0,1980.0,1876.0,160.87262041752163,1
Uttar Pradesh,Aligarh,Mustard,5450.0,,,2019-10-31 00:09:21.221315,10,3,5450.0,5450.0,5450.0,5450.0,0.0,0
Uttar Pradesh,Aligarh,Mustard Oil,12800.0,,,2019-11-01 00:09:21.221315,11,4,12800.0,12800.0,12800.0,12800.0,0.0,0
Uttar Pradesh,Aligarh,Wheat,2240.0,,,2019-11-02 00:09:21.221315,11,5,2150.0,2240.0,2240.0,2202.0,47.64451699828638,1
Uttar Pradesh,Allahabad,Wheat,2275.0,,,2019-11-03 00:09:21.221315,11,6,2285.0,2275.0,2275.0,2266.6666666666665,23.62907813126306,0
Uttar Pradesh,Auraiya,Arhar Dal(Tur Dal),13000.0,,,2019-11-04 00:09:21.221315,11,0,12950.0,13000.0,13000.0,12975.0,35.35533905932738,1
Uttar Pradesh,Auraiya,Bajra(Pearl Millet/Cumbu),2350.0,,,2019-11-05 00:09:21.221315,11,1,2350.0,2350.0,2350.0,2350.0,0.0,0
Uttar Pradesh,Auraiya,Bengal Gram(Gram)(Whole),5450.0,,,2019-11-06 00:09:21.221315,11,2,5380.0,5450.0,5450.0,5415.0,49.49747468305833,1
Uttar Pradesh,Auraiya,Maize,1740.0,,,2019-11-07 00:09:21.221315,11,3,1765.0,1740.0,1740.0,1752.5,17.67766952966369,0
Uttar Pradesh,Auraiya,Mustard,5450.0,,,2019-11-08 00:09:21.221315,11,4,5270.0,5450.0,5450.0,5360.0,127.27922061357856,1
Uttar Pradesh,Auraiya,Mustard Oil,12400.0,,,2019-11-09 00:09:21.221315,11,5,12450.0,12400.0,12400.0,12425.0,35.35533905932738,0
Uttar Pradesh,Auraiya,Wheat,2250.0,,,2019-11-10 00:09:21.221315,11,6,2250.0,2250.0,2250.0,2246.6666666666665,5.77350269189629,0
Uttar Pradesh,Badaun,Maize,1765.0,,,2019-11-11 00:09:21.221315,11,0,1550.0,1765.0,1765.0,1688.3333333333333,120.03471720020562,1
Uttar Pradesh,Badaun,Wheat,2270.0,,,2019-11-12 00:09:21.221315,11,1,2320.0,2270.0,2270.0,2295.0,35.35533905932738,0
Uttar Pradesh,Badaun,Maize,1760.0,,,2019-11-13 00:09:21.221315,11,2,1765.0,1760.0,1760.0,1706.25,104.3531663790483,0
Uttar Pradesh,Badaun,Wheat,2260.0,,,2019-11-14 00:09:21.221315,11,3,2270.0,2260.0,2260.0,2283.3333333333335,32.14550253664323,0
Uttar Pradesh,Bahraich,Arhar Dal(Tur Dal),13100.0,,,2019-11-15 00:09:21.221315,11,4,13000.0,13100.0,13100.0,13050.0,70.71067811865476,1
Uttar Pradesh,Bahraich,Bengal Gram Dal (Chana Dal),6150.0,,,2019-11-16 00:09:21.221315,11,5,6150.0,6150.0,6150.0,6150.0,0.0,0
Uttar Pradesh,Bahraich,Bengal Gram(Gram)(Whole),5640.0,,,2019-11-17 00:09:21.221315,11,6,5640.0,5640.0,5640.0,5640.0,0.0,0
Uttar Pradesh,Bahraich,Black Gram (Urd Beans)(Whole),8750.0,,,2019-11-18 00:09:21.221315,11,0,8750.0,8750.0,8750.0,8750.0,0.0,0
Uttar Pradesh,Bahraich,Black Gram Dal (Urd Dal),9500.0,,,2019-11-19 00:09:21.221315,11,1,9500.0,9500.0,9500.0,9500.0,0.0,0
Uttar Pradesh,Bahraich,Lentil (Masur)(Whole),7000.0,,,2019-11-20 00:09:21.221315,11,2,7000.0,7000.0,7000.0,7000.0,0.0,0
Uttar Pradesh,Bahraich,Maize,2000.0,,,2019-11-21 00:09:21.221315,11,3,2000.0,2000.0,2000.0,2000.0,0.0,0
Uttar Pradesh,Bahraich,Mustard Oil,14250.0,,,2019-11-22 00:09:21.221315,11,4,14250.0,14250.0,14250.0,14250.0,0.0,0
Uttar Pradesh,Bahraich,Wheat,2290.0,,,2019-11-23 00:09:21.221315,11,5,2290.0,2290.0,2290.0,2290.0,0.0,0
Uttar Pradesh,Balrampur,Arhar Dal(Tur Dal),13000.0,,,2019-11-24 00:09:21.221315,11,6,13100.0,13000.0,13000.0,13033.333333333334,57.73502691896271,0
Uttar Pradesh,Balrampur,Bengal Gram(Gram)(Whole),5600.0,,,2019-11-25 00:09:21.221315,11,0,5625.0,5600.0,5600.0,5612.5,17.67766952966369,0
Uttar Pradesh,Balrampur,Black Gram (Urd Beans)(Whole),8750.0,,,2019-11-26 00:09:21.221315,11,1,8750.0,8750.0,8750.0,8750.0,0.0,0
Uttar Pradesh,Balrampur,Lentil (Masur)(Whole),7020.0,,,2019-11-27 00:09:21.221315,11,2,7000.0,7020.0,7020.0,7010.0,14.142135623730951,1
Uttar Pradesh,Balrampur,Maize,2015.0,,,2019-11-28 00:09:21.221315,11,3,2015.0,2015.0,2015.0,2015.0,0.0,0
Uttar Pradesh,Balrampur,Mustard,5500.0,,,2019-11-29 00:09:21.221315,11,4,5485.0,5500.0,5500.0,5492.5,10.606601717798213,1
Uttar Pradesh,Balrampur,Wheat,2300.0,,,2019-11-30 00:09:21.221315,11,5,2300.0,2300.0,2300.0,2300.0,0.0,0
Uttar Pradesh,Barabanki,Bengal Gram(Gram)(Whole),5570.0,,,2019-12-01 00:09:21.221315,12,6,5570.0,5570.0,5570.0,5570.0,0.0,0
Uttar Pradesh,Barabanki,Maize,4400.0,,,2019-12-02 00:09:21.221315,12,0,4400.0,4400.0,4400.0,4400.0,0.0,0
Uttar Pradesh,Barabanki,Mustard,5490.0,,,2019-12-03 00:09:21.221315,12,1,5490.0,5490.0,5490.0,5490.0,0.0,0
Uttar Pradesh,Barabanki,Wheat,2280.0,,,2019-12-04 00:09:21.221315,12,2,2320.0,2280.0,2280.0,2300.0,28.284271247461902,0
Uttar Pradesh,Barabanki,Arhar Dal(Tur Dal),13250.0,,,2019-12-05 00:09:21.221315,12,3,13240.0,13250.0,13250.0,13245.0,7.0710678118654755,1
Uttar Pradesh,Barabanki,Bengal Gram Dal (Chana Dal),6250.0,,,2019-12-06 00:09:21.221315,12,4,6220.0,6250.0,6250.0,6235.0,21.213203435596427,1
Uttar Pradesh,Barabanki,Black Gram (Urd Beans)(Whole),8150.0,,,2019-12-07 00:09:21.221315,12,5,8150.0,8150.0,8150.0,8150.0,0.0,0
Uttar Pradesh,Barabanki,Lentil (Masur)(Whole),6850.0,,,2019-12-08 00:09:21.221315,12,6,6830.0,6850.0,6850.0,6840.0,14.142135623730951,1
Uttar Pradesh,Barabanki,Wheat,2250.0,,,2019-12-09 00:09:21.221315,12,0,2280.0,2250.0,2250.0,2283.3333333333335,35.11884584284252,0
Uttar Pradesh,Bareilly,Bengal Gram Dal (Chana Dal),6870.0,,,2019-12-10 00:09:21.221315,12,1,6870.0,6870.0,6870.0,6870.0,0.0,0
Uttar Pradesh,Bareilly,Wheat,2340.0,,,2019-12-11 00:09:21.221315,12,2,2350.0,2340.0,2340.0,2345.0,7.0710678118654755,0
Uttar Pradesh,Bulandshahar,Maize,2100.0,,,2019-12-12 00:09:21.221315,12,3,1560.0,2100.0,2100.0,1865.0,277.308492477241,1
Uttar Pradesh,Bulandshahar,Mustard,5475.0,,,2019-12-13 00:09:21.221315,12,4,5480.0,5475.0,5475.0,5468.333333333333,16.07275126832164,0
Uttar Pradesh,Bulandshahar,Mustard Oil,12100.0,,,2019-12-14 00:09:21.221315,12,5,12150.0,12100.0,12100.0,12125.0,35.35533905932738,0
Uttar Pradesh,Bulandshahar,Paddy(Dhan)(Basmati),3011.0,,,2019-12-15 00:09:21.221315,12,6,3000.0,3011.0,3011.0,2937.0,118.77289253024026,1
Uttar Pradesh,Bulandshahar,Wheat,2220.0,,,2019-12-16 00:09:21.221315,12,0,2320.0,2220.0,2220.0,2226.25,70.1634995326392,0
Uttar Pradesh,Bulandshahar,Arhar Dal(Tur Dal),12550.0,,,2019-12-17 00:09:21.221315,12,1,12550.0,12550.0,12550.0,12550.0,0.0,0
Uttar Pradesh,Bulandshahar,Bengal Gram Dal (Chana Dal),6540.0,,,2019-12-18 00:09:21.221315,12,2,6540.0,6540.0,6540.0,6540.0,0.0,0
Uttar Pradesh,Bulandshahar,Bengal Gram(Gram)(Whole),5730.0,,,2019-12-19 00:09:21.221315,12,3,5730.0,5730.0,5730.0,5730.0,0.0,0
Uttar Pradesh,Bulandshahar,Black Gram Dal (Urd Dal),9530.0,,,2019-12-20 00:09:21.221315,12,4,9530.0,9530.0,9530.0,9530.0,0.0,0
Uttar Pradesh,Bulandshahar,Green Gram Dal (Moong Dal),9540.0,,,2019-12-21 00:09:21.221315,12,5,9540.0,9540.0,9540.0,9540.0,0.0,0
Uttar Pradesh,Bulandshahar,Maize,2101.0,,,2019-12-22 00:09:21.221315,12,6,2100.0,2101.0,2101.0,1912.2,262.3246080717552,1
Uttar Pradesh,Bulandshahar,Paddy(Dhan)(Basmati),3101.0,,,2019-12-23 00:09:21.221315,12,0,3011.0,3101.0,3101.0,2978.0,126.99868765726151,1
Uttar Pradesh,Bulandshahar,Wheat,2245.0,,,2019-12-24 00:09:21.221315,12,1,2220.0,2245.0,2245.0,2230.0,61.339220731926446,1
Uttar Pradesh,Etah,Bajra(Pearl Millet/Cumbu),1905.0,,,2019-12-25 00:09:21.221315,12,2,2200.0,1905.0,1905.0,2008.3333333333333,166.1575557515617,0
Uttar Pradesh,Etah,Maize,1650.0,,,2019-12-26 00:09:21.221315,12,3,1840.0,1650.0,1650.0,1777.5,177.45891543302824,0
Uttar Pradesh,Fatehpur,Bengal Gram(Gram)(Whole),5345.0,,,2019-12-27 00:09:21.221315,12,4,4900.0,5345.0,5345.0,5238.75,225.9194177872573,1
Uttar Pradesh,Fatehpur,Lentil (Masur)(Whole),6360.0,,,2019-12-28 00:09:21.221315,12,5,5400.0,6360.0,6360.0,6036.666666666667,551.3921774321188,1
Uttar Pradesh,Fatehpur,Mustard,5455.0,,,2019-12-29 00:09:21.221315,12,6,5450.0,5455.0,5455.0,5453.333333333333,2.8867513459481944,1
Uttar Pradesh,Fatehpur,Wheat,2250.0,,,2019-12-30 00:09:21.221315,12,0,2200.0,2250.0,2250.0,2237.5,25.00000000000004,1
Uttar Pradesh,Fatehpur,Green Gram (Moong)(Whole),7630.0,,,2019-12-31 00:09:21.221315,12,1,7500.0,7630.0,7630.0,7565.0,91.92388155425118,1
Uttar Pradesh,Fatehpur,Mustard,5225.0,,,2020-01-01 00:09:21.221315,1,2,5455.0,5225.0,5225.0,5396.25,114.19099497479351,0
Uttar Pradesh,Fatehpur,Wheat,2260.0,,,2020-01-02 00:09:21.221315,1,3,2250.0,2260.0,2260.0,2242.0,23.874672772626674,1
Uttar Pradesh,Gautam Budh Nagar,Arhar Dal(Tur Dal),12700.0,,,2020-01-03 00:09:21.221315,1,4,12700.0,12700.0,12700.0,12700.0,0.0,0
Uttar Pradesh,Gautam Budh Nagar,Bengal Gram Dal (Chana Dal),6550.0,,,2020-01-04 00:09:21.221315,1,5,6550.0,6550.0,6550.0,6550.0,0.0,0
Uttar Pradesh,Gautam Budh Nagar,Bengal Gram(Gram)(Whole),5780.0,,,2020-01-05 00:09:21.221315,1,6,5780.0,5780.0,5780.0,5780.0,0.0,0
Uttar Pradesh,Gautam Budh Nagar,Black Gram Dal (Urd Dal),9500.0,,,2020-01-06 00:09:21.221315,1,0,9500.0,9500.0,9500.0,9500.0,0.0,0
Uttar Pradesh,Gautam Budh Nagar,Green Gram Dal (Moong Dal),9500.0,,,2020-01-07 00:09:21.221315,1,1,9500.0,9500.0,9500.0,9500.0,0.0,0
Uttar Pradesh,Gautam Budh Nagar,Maize,2120.0,,,2020-01-08 00:09:21.221315,1,2,2120.0,2120.0,2120.0,2120.0,0.0,0
Uttar Pradesh,Gautam Budh Nagar,Mustard,5480.0,,,2020-01-09 00:09:21.221315,1,3,5480.0,5480.0,5480.0,5480.0,0.0,0
Uttar Pradesh,Gautam Budh Nagar,Mustard Oil,12200.0,,,2020-01-10 00:09:21.221315,1,4,12200.0,12200.0,12200.0,12200.0,0.0,0
Uttar Pradesh,Gautam Budh Nagar,Wheat,2251.0,,,2020-01-11 00:09:21.221315,1,5,2251.0,2251.0,2251.0,2251.0,0.0,0
Uttar Pradesh,Ghaziabad,Arhar (Tur/Red Gram)(Whole),9500.0,,,2020-01-12 00:09:21.221315,1,6,9500.0,9500.0,9500.0,9500.0,0.0,0
Uttar Pradesh,Ghaziabad,Arhar Dal(Tur Dal),13500.0,,,2020-01-13 00:09:21.221315,1,0,13000.0,13500.0,13500.0,13250.0,353.5533905932738,1
Uttar Pradesh,Ghaziabad,Barley (Jau),2250.0,,,2020-01-14 00:09:21.221315,1,1,2250.0,2250.0,2250.0,2250.0,0.0,0
Uttar Pradesh,Ghaziabad,Bengal Gram(Gram)(Whole),6000.0,,,2020-01-15 00:09:21.221315,1,2,5800.0,6000.0,6000.0,5900.0,141.4213562373095,1
Uttar Pradesh,Ghaziabad,Black Gram (Urd Beans)(Whole),8800.0,,,2020-01-16 00:09:21.221315,1,3,8800.0,8800.0,8800.0,8800.0,0.0,0
Uttar Pradesh,Ghaziabad,Black Gram Dal (Urd Dal),9600.0,,,2020-01-17 00:09:21.221315,1,4,9600.0,9600.0,9600.0,9600.0,0.0,0
Uttar Pradesh,Ghaziabad,Green Gram Dal (Moong Dal),9600.0,,,2020-01-18 00:09:21.221315,1,5,9600.0,9600.0,9600.0,9600.0,0.0,0
Uttar Pradesh,Ghaziabad,Maize,2130.0,,,2020-01-19 00:09:21.221315,1,6,2130.0,2130.0,2130.0,2130.0,0.0,0
Uttar Pradesh,Ghaziabad,Mustard,5450.0,,,2020-01-20 00:09:21.221315,1,0,5450.0,5450.0,5450.0,5450.0,0.0,0
Uttar Pradesh,Ghaziabad,Mustard Oil,12100.0,,,2020-01-21 00:09:21.221315,1,1,12100.0,12100.0,12100.0,12100.0,0.0,0
Uttar Pradesh,Ghaziabad,Wheat,2260.0,,,2020-01-22 00:09:21.221315,1,2,2250.0,2260.0,2260.0,2255.0,7.0710678118654755,1
Uttar Pradesh,Hamirpur,Wheat,2100.0,,,2020-01-23 00:09:21.221315,1,3,2100.0,2100.0,2100.0,2100.0,0.0,0
Uttar Pradesh,Hathras,Bajra(Pearl Millet/Cumbu),1540.0,,,2020-01-24 00:09:21.221315,1,4,2130.0,1540.0,1540.0,1835.0,417.19300090006305,0
Uttar Pradesh,Hathras,Maize,1545.0,,,2020-01-25 00:09:21.221315,1,5,2070.0,1545.0,1545.0,1807.5,371.23106012293744,0
Uttar Pradesh,Hathras,Wheat,2155.0,,,2020-01-26 00:09:21.221315,1,6,2240.0,2155.0,2155.0,2197.5,60.10407640085654,0
Uttar Pradesh,Jaunpur,Bengal Gram Dal (Chana Dal),6400.0,,,2020-01-27 00:09:21.221315,1,0,6360.0,6400.0,6400.0,6380.0,28.284271247461902,1
Uttar Pradesh,Jaunpur,Bengal Gram(Gram)(Whole),5740.0,,,2020-01-28 00:09:21.221315,1,1,5740.0,5740.0,5740.0,5740.0,0.0,0
Uttar Pradesh,Jaunpur,Lentil (Masur)(Whole),6800.0,,,2020-01-29 00:09:21.221315,1,2,6810.0,6800.0,6800.0,6805.0,7.0710678118654755,0
Uttar Pradesh,Jaunpur,Mustard,5560.0,,,2020-01-30 00:09:21.221315,1,3,5500.0,5560.0,5560.0,5530.0,42.42640687119285,1
Uttar Pradesh,Jaunpur,Wheat,2310.0,,,2020-01-31 00:09:21.221315,1,4,2300.0,2310.0,2310.0,2303.3333333333335,5.773502691896192,1
Uttar Pradesh,Kanpur,Arhar (Tur/Red Gram)(Whole),8010.0,,,2020-02-01 00:09:21.221315,2,5,8700.0,8010.0,8010.0,8486.666666666666,413.561764834871,0
Uttar Pradesh,Kanpur,Arhar Dal(Tur Dal),12400.0,,,2020-02-02 00:09:21.221315,2,6,12400.0,12400.0,12400.0,12400.0,0.0,0
Uttar Pradesh,Kanpur,Bengal Gram Dal (Chana Dal),6150.0,,,2020-02-03 00:09:21.221315,2,0,6150.0,6150.0,6150.0,6150.0,0.0,0
Uttar Pradesh,Kanpur,Bengal Gram(Gram)(Whole),5355.0,,,2020-02-04 00:09:21.221315,2,1,5350.0,5355.0,5355.0,5361.666666666667,16.07275126832164,1
Uttar Pradesh,Kanpur,Green Gram (Moong)(Whole),7500.0,,,2020-02-05 00:09:21.221315,2,2,7560.0,7500.0,7500.0,7561.666666666667,62.51666444503695,0
Uttar Pradesh,Kanpur,Mustard,5460.0,,,2020-02-06 00:09:21.221315,2,3,5450.0,5460.0,5460.0,5443.333333333333,20.816659994661418,1
Uttar Pradesh,Kanpur,Wheat,2175.0,,,2020-02-07 00:09:21.221315,2,4,2245.0,2175.0,2175.0,2256.6666666666665,88.08140174482536,0
Uttar Pradesh,Lalitpur,Barley (Jau),2000.0,,,2020-02-08 00:09:21.221315,2,5,2000.0,2000.0,2000.0,2000.0,0.0,0
Uttar Pradesh,Lalitpur,Bengal Gram(Gram)(Whole),5400.0,,,2020-02-09 00:09:21.221315,2,6,5400.0,5400.0,5400.0,5400.0,0.0,0
Uttar Pradesh,Lalitpur,Lentil (Masur)(Whole),6100.0,,,2020-02-10 00:09:21.221315,2,0,6100.0,6100.0,6100.0,6100.0,0.0,0
Uttar Pradesh,Lalitpur,Wheat,2200.0,,,2020-02-11 00:09:21.221315,2,1,2200.0,2200.0,2200.0,2200.0,0.0,0
Uttar Pradesh,Maharajganj,Wheat,2260.0,,,2020-02-12 00:09:21.221315,2,2,2200.0,2260.0,2260.0,2230.0,42.42640687119285,1
Uttar Pradesh,Mainpuri,Maize,1740.0,,,2020-02-13 00:09:21.221315,2,3,2000.0,1740.0,1740.0,1861.25,146.1947901488513,0
Uttar Pradesh,Mainpuri,Wheat,2220.0,,,2020-02-14 00:09:21.221315,2,4,2201.0,2220.0,2220.0,2207.75,9.32291084729802,1
Uttar Pradesh,Muzaffarnagar,Arhar Dal(Tur Dal),12700.0,,,2020-02-15 00:09:21.221315,2,5,12700.0,12700.0,12700.0,12700.0,0.0,0
Uttar Pradesh,Muzaffarnagar,Barley (Jau),2250.0,,,2020-02-16 00:09:21.221315,2,6,2260.0,2250.0,2250.0,2255.0,7.0710678118654755,0
Uttar Pradesh,Muzaffarnagar,Bengal Gram Dal (Chana Dal),6570.0,,,2020-02-17 00:09:21.221315,2,0,6580.0,6570.0,6570.0,6575.0,7.0710678118654755,0
Uttar Pradesh,Muzaffarnagar,Bengal Gram(Gram)(Whole),5760.0,,,2020-02-18 00:09:21.221315,2,1,5780.0,5760.0,5760.0,5770.0,14.142135623730951,0
Uttar Pradesh,Muzaffarnagar,Black Gram Dal (Urd Dal),9560.0,,,2020-02-19 00:09:21.221315,2,2,9565.0,9560.0,9560.0,9562.5,3.5355339059327378,0
Uttar Pradesh,Muzaffarnagar,Green Gram Dal (Moong Dal),9560.0,,,2020-02-20 00:09:21.221315,2,3,9560.0,9560.0,9560.0,9560.0,0.0,0
Uttar Pradesh,Muzaffarnagar,Mustard,5475.0,,,2020-02-21 00:09:21.221315,2,4,5475.0,5475.0,5475.0,5475.0,0.0,0
Uttar Pradesh,Muzaffarnagar,Mustard Oil,12150.0,,,2020-02-22 00:09:21.221315,2,5,12150.0,12150.0,12150.0,12150.0,0.0,0
Uttar Pradesh,Muzaffarnagar,Wheat,2260.0,,,2020-02-23 00:09:21.221315,2,6,2260.0,2260.0,2260.0,2260.0,0.0,0
Uttar Pradesh,Sultanpur,Bengal Gram(Gram)(Whole),5575.0,,,2020-02-24 00:09:21.221315,2,0,5570.0,5575.0,5575.0,5575.0,5.0,1
Uttar Pradesh,Sultanpur,Lentil (Masur)(Whole),6980.0,,,2020-02-25 00:09:21.221315,2,1,6980.0,6980.0,6980.0,6983.333333333333,5.773502691896192,0
Uttar Pradesh,Sultanpur,Mustard,5480.0,,,2020-02-26 00:09:21.221315,2,2,5475.0,5480.0,5480.0,5478.333333333333,2.8867513459481944,1
Uttar Pradesh,Sultanpur,Paddy(Dhan)(Common),1880.0,,,2020-02-27 00:09:21.221315,2,3,1900.0,1880.0,1880.0,1880.0,20.0,0
Uttar Pradesh,Sultanpur,Wheat,2270.0,,,2020-02-28 00:09:21.221315,2,4,2260.0,2270.0,2270.0,2270.0,10.0,1
Uttrakhand,Udhamsinghnagar,Maize,2800.0,,,2020-02-29 00:09:21.221315,2,5,2800.0,2800.0,2800.0,2800.0,0.0,0
West Bengal,Bankura,Mustard,5700.0,,,2020-03-01 00:09:21.221315,3,6,5700.0,5700.0,5700.0,5700.0,0.0,0
West Bengal,Bankura,Wheat,2800.0,,,2020-03-02 00:09:21.221315,3,0,2800.0,2800.0,2800.0,2800.0,0.0,0
West Bengal,Bankura,Mustard,5700.0,,,2020-03-03 00:09:21.221315,3,1,5700.0,5700.0,5700.0,5700.0,0.0,0
West Bengal,Bankura,Paddy(Dhan)(Common),2050.0,,,2020-03-04 00:09:21.221315,3,2,2050.0,2050.0,2050.0,2050.0,0.0,0
West Bengal,Bankura,Wheat,2800.0,,,2020-03-05 00:09:21.221315,3,3,2800.0,2800.0,2800.0,2800.0,0.0,0
West Bengal,Burdwan,Mustard,5500.0,,,2020-03-06 00:09:21.221315,3,4,6100.0,5500.0,5500.0,5833.333333333333,305.50504633038923,0
West Bengal,Burdwan,Paddy(Dhan)(Common),2183.0,,,2020-03-07 00:09:21.221315,3,5,2183.0,2183.0,2183.0,2183.0,0.0,0
West Bengal,Burdwan,Paddy(Dhan)(Common),2203.0,,,2020-03-08 00:09:21.221315,3,6,2183.0,2203.0,2203.0,2193.0,14.142135623730951,1
West Bengal,Burdwan,Mustard,5500.0,,,2020-03-09 00:09:21.221315,3,0,5500.0,5500.0,5500.0,5750.0,299.9999999999999,0
West Bengal,Burdwan,Mustard Oil,13700.0,,,2020-03-10 00:09:21.221315,3,1,12000.0,13700.0,13700.0,12850.0,1202.0815280171307,1
West Bengal,Burdwan,Paddy(Dhan)(Common),2183.0,,,2020-03-11 00:09:21.221315,3,2,2203.0,2183.0,2183.0,2189.6666666666665,11.547005383792483,0
West Bengal,Burdwan,Paddy(Dhan)(Common),2203.0,,,2020-03-12 00:09:21.221315,3,3,2183.0,2203.0,2203.0,2193.0,11.547005383792516,1
West Bengal,Darjeeling,Arhar Dal(Tur Dal),12800.0,,,2020-03-13 00:09:21.221315,3,4,12800.0,12800.0,12800.0,12800.0,0.0,0
West Bengal,Darjeeling,Black Gram Dal (Urd Dal),11800.0,,,2020-03-14 00:09:21.221315,3,5,11800.0,11800.0,11800.0,11800.0,0.0,0
West Bengal,Darjeeling,Green Gram Dal (Moong Dal),9800.0,,,2020-03-15 00:09:21.221315,3,6,9800.0,9800.0,9800.0,9800.0,0.0,0
West Bengal,Hooghly,Paddy(Dhan)(Common),2183.0,,,2020-03-16 00:09:21.221315,3,0,2183.0,2183.0,2183.0,2183.0,0.0,0
West Bengal,Hooghly,Paddy(Dhan)(Common),2200.0,,,2020-03-17 00:09:21.221315,3,1,2183.0,2200.0,2200.0,2191.5,12.020815280171307,1
West Bengal,Malda,Green Gram Dal (Moong Dal),10000.0,,,2020-03-18 00:09:21.221315,3,2,9800.0,10000.0,10000.0,9900.0,141.4213562373095,1
West Bengal,Malda,Lentil (Masur)(Whole),9600.0,,,2020-03-19 00:09:21.221315,3,3,9500.0,9600.0,9600.0,9550.0,70.71067811865476,1
West Bengal,Murshidabad,Mustard,5500.0,,,2020-03-20 00:09:21.221315,3,4,5500.0,5500.0,5500.0,5500.0,0.0,0
West Bengal,Puruliya,Mustard Oil,12480.0,,,2020-03-21 00:09:21.221315,3,5,12480.0,12480.0,12480.0,12480.0,0.0,0
Karnataka,Koppal,Kulthi(Horse Gram),7650.0,,,2020-03-22 00:09:21.221315,3,6,7650.0,7650.0,7650.0,7650.0,0.0,0
Madhya Pradesh,Dewas,Wheat,2300.0,,,2020-03-23 00:09:21.221315,3,0,2350.0,2300.0,2300.0,2337.0,32.51153641401772,0
Madhya Pradesh,Mandsaur,Wheat,2115.0,,,2020-03-24 00:09:21.221315,3,1,2115.0,2115.0,2115.0,2115.0,0.0,0
Nct Of Delhi,Delhi,Wheat,2303.0,,,2020-03-25 00:09:21.221315,3,2,2303.0,2303.0,2303.0,2303.0,0.0,0
Rajasthan,Sikar,Mustard,4900.0,,,2020-03-26 00:09:21.221315,3,3,4850.0,4900.0,4900.0,4875.0,35.35533905932738,1
Rajasthan,Tonk,Jowar(Sorghum),4050.0,,,2020-03-27 00:09:21.221315,3,4,4100.0,4050.0,4050.0,4075.0,35.35533905932738,0
Rajasthan,Tonk,Maize,2585.0,,,2020-03-28 00:09:21.221315,3,5,2560.0,2585.0,2585.0,2571.6666666666665,12.583057392117976,1
Rajasthan,Tonk,Mustard,5450.0,,,2020-03-29 00:09:21.221315,3,6,5308.0,5450.0,5450.0,5400.6,74.97866363172922,1
Rajasthan,Tonk,Wheat,2235.0,,,2020-03-30 00:09:21.221315,3,0,2219.0,2235.0,2235.0,2222.2,14.754660280738447,1
Telangana,Khammam,Paddy(Dhan)(Common),2040.0,,,2020-03-31 00:09:21.221315,3,1,2040.0,2040.0,2040.0,2048.0,10.954451150103374,0
Telangana,Mahbubnagar,Paddy(Dhan)(Common),2100.0,,,2020-04-01 00:09:21.221315,4,2,2040.0,2100.0,2100.0,2063.3333333333335,32.14550253664312,1
Telangana,Medak,Paddy(Dhan)(Common),2060.0,,,2020-04-02 00:09:21.221315,4,3,2060.0,2060.0,2060.0,2060.0,0.0,0
Telangana,Nalgonda,Cotton,6380.0,,,2020-04-03 00:09:21.221315,4,4,7150.0,6380.0,6380.0,6414.0,437.926934545022,0
Telangana,Nalgonda,Maize,1930.0,,,2020-04-04 00:09:21.221315,4,5,1930.0,1930.0,1930.0,1930.0,0.0,0
Telangana,Nalgonda,Paddy(Dhan)(Common),2060.0,,,2020-04-05 00:09:21.221315,4,6,2060.0,2060.0,2060.0,2080.4285714285716,54.048919640319674,0
Telangana,Nalgonda,Paddy(Dhan)(Common),2060.0,,,2020-04-06 00:09:21.221315,4,0,2060.0,2060.0,2060.0,2080.4285714285716,54.048919640319674,0
Telangana,Warangal,Cotton,6200.0,,,2020-04-07 00:09:21.221315,4,1,6200.0,6200.0,6200.0,6300.0,199.99999999999991,0
Telangana,Warangal,Cotton,6600.0,,,2020-04-08 00:09:21.221315,4,2,6200.0,6600.0,6600.0,6360.0,219.08902300206637,1
Uttar Pradesh,Agra,Bajra(Pearl Millet/Cumbu),2030.0,,,2020-04-09 00:09:21.221315,4,3,2030.0,2030.0,2030.0,2030.0,0.0,0
Uttar Pradesh,Agra,Barley (Jau),2240.0,,,2020-04-10 00:09:21.221315,4,4,2240.0,2240.0,2240.0,2240.0,0.0,0
Uttar Pradesh,Badaun,Maize,1680.0,,,2020-04-11 00:09:21.221315,4,5,1760.0,1680.0,1680.0,1701.0,91.13177272499424,0
Uttar Pradesh,Bulandshahar,Bajra(Pearl Millet/Cumbu),1850.0,,,2020-04-12 00:09:21.221315,4,6,1850.0,1850.0,1850.0,1850.0,0.0,0
Uttar Pradesh,Bulandshahar,Barley (Jau),1750.0,,,2020-04-13 00:09:21.221315,4,0,1750.0,1750.0,1750.0,1750.0,0.0,0
Uttar Pradesh,Bulandshahar,Maize,1700.0,,,2020-04-14 00:09:21.221315,4,1,2101.0,1700.0,1700.0,1876.8333333333333,250.1123081071115,0
Uttar Pradesh,Bulandshahar,Mustard,5500.0,,,2020-04-15 00:09:21.221315,4,2,5475.0,5500.0,5500.0,5476.25,20.564937798755192,1
Uttar Pradesh,Bulandshahar,Wheat,2150.0,,,2020-04-16 00:09:21.221315,4,3,2245.0,2150.0,2150.0,2216.6666666666665,63.84877968032482,0
Uttar Pradesh,Etah,Bajra(Pearl Millet/Cumbu),1925.0,,,2020-04-17 00:09:21.221315,4,4,1905.0,1925.0,1925.0,1987.5,141.92133971558562,1
Uttar Pradesh,Etah,Wheat,2160.0,,,2020-04-18 00:09:21.221315,4,5,2260.0,2160.0,2160.0,2223.3333333333335,55.07570547286108,0
Uttar Pradesh,Etah,Bajra(Pearl Millet/Cumbu),2190.0,,,2020-04-19 00:09:21.221315,4,6,1925.0,2190.0,2190.0,2028.0,152.66794031492006,1
Uttar Pradesh,Etah,Maize,1850.0,,,2020-04-20 00:09:21.221315,4,0,1650.0,1850.0,1850.0,1792.0,157.0668647423765,1
Uttar Pradesh,Etah,Wheat,2260.0,,,2020-04-21 00:09:21.221315,4,1,2160.0,2260.0,2260.0,2232.5,48.56267428111158,1
Uttar Pradesh,Firozabad,Bajra(Pearl Millet/Cumbu),1900.0,,,2020-04-22 00:09:21.221315,4,2,1920.0,1900.0,1900.0,1910.0,14.142135623730951,0
Uttar Pradesh,Firozabad,Maize,1700.0,,,2020-04-23 00:09:21.221315,4,3,2015.0,1700.0,1700.0,1857.5,222.73863607376248,0
Uttar Pradesh,Gonda,Paddy(Dhan)(Common),1850.0,,,2020-04-24 00:09:21.221315,4,4,1850.0,1850.0,1850.0,1850.0,0.0,0
Uttar Pradesh,Gonda,Wheat,2300.0,,,2020-04-25 00:09:21.221315,4,5,2300.0,2300.0,2300.0,2300.0,0.0,0
Uttar Pradesh,Hardoi,Bengal Gram(Gram)(Whole),5650.0,,,2020-04-26 00:09:21.221315,4,6,5640.0,5650.0,5650.0,5645.0,7.0710678118654755,1
Uttar Pradesh,Hardoi,Lentil (Masur)(Whole),6780.0,,,2020-04-27 00:09:21.221315,4,0,6780.0,6780.0,6780.0,6780.0,0.0,0
Uttar Pradesh,Hardoi,Maize,2030.0,,,2020-04-28 00:09:21.221315,4,1,2040.0,2030.0,2030.0,2035.0,7.0710678118654755,0
Uttar Pradesh,Hardoi,Mustard,5480.0,,,2020-04-29 00:09:21.221315,4,2,5480.0,5480.0,5480.0,5480.0,0.0,0
Uttar Pradesh,Hardoi,Paddy(Dhan)(Common),2050.0,,,2020-04-30 00:09:21.221315,4,3,2040.0,2050.0,2050.0,2045.0,7.0710678118654755,1
Uttar Pradesh,Hardoi,Wheat,2265.0,,,2020-05-01 00:09:21.221315,5,4,2280.0,2265.0,2265.0,2198.3333333333335,128.67918764638407,0
Uttar Pradesh,Hardoi,Arhar Dal(Tur Dal),12620.0,,,2020-05-02 00:09:21.221315,5,5,12500.0,12620.0,12620.0,12560.0,84.8528137423857,1
Uttar Pradesh,Hardoi,Bengal Gram(Gram)(Whole),5650.0,,,2020-05-03 00:09:21.221315,5,6,5650.0,5650.0,5650.0,5646.666666666667,5.773502691896192,0
Uttar Pradesh,Hardoi,Maize,2020.0,,,2020-05-04 00:09:21.221315,5,0,2030.0,2020.0,2020.0,2030.0,10.0,0
Uttar Pradesh,Hardoi,Paddy(Dhan)(Common),2040.0,,,2020-05-05 00:09:21.221315,5,1,2050.0,2040.0,2040.0,2043.3333333333333,5.773502691896241,0
Uttar Pradesh,Hardoi,Wheat,2270.0,,,2020-05-06 00:09:21.221315,5,2,2265.0,2270.0,2270.0,2216.25,111.00863329789561,1
Uttar Pradesh,Jalaun (Orai),Mustard,5200.0,,,2020-05-07 00:09:21.221315,5,3,5200.0,5200.0,5200.0,5200.0,0.0,0
Uttar Pradesh,Jalaun (Orai),Wheat,2185.0,,,2020-05-08 00:09:21.221315,5,4,2170.0,2185.0,2185.0,2177.5,10.606601717798213,1
Uttar Pradesh,Jhansi,Bengal Gram(Gram)(Whole),5400.0,,,2020-05-09 00:09:21.221315,5,5,5350.0,5400.0,5400.0,5375.0,35.35533905932738,1
Uttar Pradesh,Jhansi,Wheat,2230.0,,,2020-05-10 00:09:21.221315,5,6,2250.0,2230.0,2230.0,2236.6666666666665,11.547005383792483,0
Uttar Pradesh,Lalitpur,Barley (Jau),2000.0,,,2020-05-11 00:09:21.221315,5,0,2000.0,2000.0,2000.0,2000.0,0.0,0
Uttar Pradesh,Lalitpur,Bengal Gram(Gram)(Whole),5400.0,,,2020-05-12 00:09:21.221315,5,1,5400.0,5400.0,5400.0,5400.0,0.0,0
Uttar Pradesh,Lalitpur,Lentil (Masur)(Whole),6100.0,,,2020-05-13 00:09:21.221315,5,2,6100.0,6100.0,6100.0,6100.0,0.0,0
Uttar Pradesh,Lalitpur,Wheat,2200.0,,,2020-05-14 00:09:21.221315,5,3,2200.0,2200.0,2200.0,2200.0,0.0,0
Uttar Pradesh,Mahoba,Arhar (Tur/Red Gram)(Whole),8620.0,,,2020-05-15 00:09:21.221315,5,4,8620.0,8620.0,8620.0,8620.0,0.0,0
Uttar Pradesh,Mahoba,Barley (Jau),1800.0,,,2020-05-16 00:09:21.221315,5,5,1800.0,1800.0,1800.0,1800.0,0.0,0
Uttar Pradesh,Mahoba,Bengal Gram(Gram)(Whole),5120.0,,,2020-05-17 00:09:21.221315,5,6,5150.0,5120.0,5120.0,5135.0,21.213203435596427,0
Uttar Pradesh,Mahoba,Black Gram (Urd Beans)(Whole),7510.0,,,2020-05-18 00:09:21.221315,5,0,7510.0,7510.0,7510.0,7510.0,0.0,0
Uttar Pradesh,Mahoba,Lentil (Masur)(Whole),5550.0,,,2020-05-19 00:09:21.221315,5,1,5520.0,5550.0,5550.0,5535.0,21.213203435596427,1
Uttar Pradesh,Mahoba,Wheat,2215.0,,,2020-05-20 00:09:21.221315,5,2,2200.0,2215.0,2215.0,2207.5,10.606601717798213,1
Uttar Pradesh,Mainpuri,Maize,1745.0,,,2020-05-21 00:09:21.221315,5,3,1740.0,1745.0,1745.0,1838.0,136.86672349406192,1
Uttar Pradesh,Mainpuri,Wheat,2210.0,,,2020-05-22 00:09:21.221315,5,4,2220.0,2210.0,2210.0,2208.2,8.136338242723223,0
Uttar Pradesh,Mainpuri,Arhar (Tur/Red Gram)(Whole),8450.0,,,2020-05-23 00:09:21.221315,5,5,8650.0,8450.0,8450.0,8550.0,141.4213562373095,0
Uttar Pradesh,Mainpuri,Arhar Dal(Tur Dal),12700.0,,,2020-05-24 00:09:21.221315,5,6,12700.0,12700.0,12700.0,12700.0,0.0,0
Uttar Pradesh,Mainpuri,Bengal Gram(Gram)(Whole),5575.0,,,2020-05-25 00:09:21.221315,5,0,5570.0,5575.0,5575.0,5571.666666666667,2.8867513459479976,1
Uttar Pradesh,Mainpuri,Maize,1985.0,,,2020-05-26 00:09:21.221315,5,1,1745.0,1985.0,1985.0,1862.5,136.3359820443598,1
Uttar Pradesh,Siddharth Nagar,Bengal Gram(Gram)(Whole),5730.0,,,2020-05-27 00:09:21.221315,5,2,5740.0,5730.0,5730.0,5736.666666666667,5.773502691896389,0
Uttar Pradesh,Siddharth Nagar,Mustard,5520.0,,,2020-05-28 00:09:21.221315,5,3,5530.0,5520.0,5520.0,5528.333333333333,7.637626158259609,0
Uttar Pradesh,Siddharth Nagar,Paddy(Dhan)(Common),2040.0,,,2020-05-29 00:09:21.221315,5,4,1915.0,2040.0,2040.0,1955.0,73.65459931328118,1
Uttar Pradesh,Siddharth Nagar,Wheat,2250.0,,,2020-05-30 00:09:21.221315,5,5,2270.0,2250.0,2250.0,2256.6666666666665,11.547005383792483,0
Uttar Pradesh,Sultanpur,Bengal Gram(Gram)(Whole),5580.0,,,2020-05-31 00:09:21.221315,5,6,5575.0,5580.0,5580.0,5576.25,4.7871355387816905,1
Uttar Pradesh,Sultanpur,Lentil (Masur)(Whole),7000.0,,,2020-06-01 00:09:21.221315,6,0,6980.0,7000.0,7000.0,6987.5,9.57427107756342,1
Uttar Pradesh,Sultanpur,Mustard,5500.0,,,2020-06-02 00:09:21.221315,6,1,5480.0,5500.0,5500.0,5483.75,11.086778913041812,1
Uttar Pradesh,Sultanpur,Paddy(Dhan)(Common),1890.0,,,2020-06-03 00:09:21.221315,6,2,1880.0,1890.0,1890.0,1882.5,17.07825127659933,1
Uttar Pradesh,Sultanpur,Wheat,2280.0,,,2020-06-04 00:09:21.221315,6,3,2270.0,2280.0,2280.0,2272.5,9.574271077563381,1
Uttrakhand,Haridwar,Wheat,2130.0,,,2020-06-05 00:09:21.221315,6,4,2130.0,2130.0,2130.0,2130.0,0.0,0
West Bengal,Bankura,Mustard,5700.0,,,2020-06-06 00:09:21.221315,6,5,5700.0,5700.0,5700.0,5700.0,0.0,0
West Bengal,Bankura,Wheat,2800.0,,,2020-06-07 00:09:21.221315,6,6,2800.0,2800.0,2800.0,2800.0,0.0,0
West Bengal,Bankura,Mustard,5700.0,,,2020-06-08 00:09:21.221315,6,0,5700.0,5700.0,5700.0,5700.0,0.0,0
West Bengal,Bankura,Paddy(Dhan)(Common),2050.0,,,2020-06-09 00:09:21.221315,6,1,2050.0,2050.0,2050.0,2050.0,0.0,0
West Bengal,Bankura,Wheat,2800.0,,,2020-06-10 00:09:21.221315,6,2,2800.0,2800.0,2800.0,2800.0,0.0,0
West Bengal,Murshidabad,Mustard,5500.0,,,2020-06-11 00:09:21.221315,6,3,5500.0,5500.0,5500.0,5500.0,0.0,0
Andhra Pradesh,East Godavari,Paddy(Dhan)(Common),2050.0,,,2020-06-12 00:09:21.221315,6,4,2040.0,2050.0,2050.0,2048.0,8.366600265340756,1
Andhra Pradesh,East Godavari,Paddy(Dhan)(Common),2050.0,,,2020-06-13 00:09:21.221315,6,5,2050.0,2050.0,2050.0,2048.3333333333335,7.527726527090806,0
Andhra Pradesh,East Godavari,Paddy(Dhan)(Common),2040.0,,,2020-06-14 00:09:21.221315,6,6,2050.0,2040.0,2040.0,2047.142857142857,7.559289460184571,0
Andhra Pradesh,Guntur,Black Gram (Urd Beans)(Whole),8200.0,,,2020-06-15 00:09:21.221315,6,0,8200.0,8200.0,8200.0,8200.0,0.0,0
Andhra Pradesh,Kurnool,Jowar(Sorghum),3060.0,,,2020-06-16 00:09:21.221315,6,1,3060.0,3060.0,3060.0,3060.0,0.0,0
Andhra Pradesh,Kurnool,Maize,1962.0,,,2020-06-17 00:09:21.221315,6,2,1962.0,1962.0,1962.0,1962.0,0.0,0
Andhra Pradesh,Kurnool,Paddy(Dhan)(Common),2040.0,,,2020-06-18 00:09:21.221315,6,3,2040.0,2040.0,2040.0,2040.0,0.0,0
Andhra Pradesh,Kurnool,Bengal Gram(Gram)(Whole),5335.0,,,2020-06-19 00:09:21.221315,6,4,5335.0,5335.0,5335.0,5335.0,0.0,0
Andhra Pradesh,Kurnool,Maize,1962.0,,,2020-06-20 00:09:21.221315,6,5,1962.0,1962.0,1962.0,1962.0,0.0,0
Andhra Pradesh,Kurnool,Paddy(Dhan)(Common),2040.0,,,2020-06-21 00:09:21.221315,6,6,2040.0,2040.0,2040.0,2040.0,0.0,0
Chattisgarh,Balodabazar,Paddy(Dhan)(Common),1355.0,,,2020-06-22 00:09:21.221315,6,0,1355.0,1355.0,1355.0,1355.0,0.0,0
Chattisgarh,Dhamtari,Paddy(Dhan)(Common),1745.0,,,2020-06-23 00:09:21.221315,6,1,1800.0,1745.0,1745.0,1619.0,142.93355099485913,0
Chattisgarh,Dhamtari,Paddy(Dhan)(Common),1745.0,,,2020-06-24 00:09:21.221315,6,2,1745.0,1745.0,1745.0,1640.0,137.80420893427018,0
Chattisgarh,Dhamtari,Paddy(Dhan)(Common),1745.0,,,2020-06-25 00:09:21.221315,6,3,1745.0,1745.0,1745.0,1655.0,131.90905958272918,0
Chattisgarh,Dhamtari,Paddy(Dhan)(Common),1745.0,,,2020-06-26 00:09:21.221315,6,4,1745.0,1500.0,1745.0,1690.0,115.39786248742506,0
Chattisgarh,Dhamtari,Paddy(Dhan)(Common),2130.0,,,2020-06-27 00:09:21.221315,6,5,1745.0,1500.0,2130.0,1780.0,173.54154161660156,1
Chattisgarh,Dhamtari,Paddy(Dhan)(Common),1800.0,,,2020-06-28 00:09:21.221315,6,6,2130.0,1550.0,1800.0,1815.7142857142858,140.99138778156424,0
Chattisgarh,Janjgir,Paddy(Dhan)(Common),1500.0,,,2020-06-29 00:09:21.221315,6,0,1500.0,1500.0,1500.0,1500.0,0.0,0
Chattisgarh,Kanker,Maize,1550.0,,,2020-06-30 00:09:21.221315,6,1,1550.0,1550.0,1550.0,1550.0,0.0,0
Chattisgarh,Kanker,Maize,1550.0,,,2020-07-01 00:09:21.221315,7,2,1550.0,1550.0,1550.0,1550.0,0.0,0
Chattisgarh,Kanker,Maize,1550.0,,,2020-07-02 00:09:21.221315,7,3,1550.0,1550.0,1550.0,1550.0,0.0,0
Chattisgarh,Koria,Maize,2025.0,,,2020-07-03 00:09:21.221315,7,4,1965.0,2025.0,2025.0,1995.0,42.42640687119285,1
Chattisgarh,Mahasamund,Paddy(Dhan)(Common),2200.0,,,2020-07-04 00:09:21.221315,7,5,2200.0,2200.0,2200.0,2200.0,0.0,0
Chattisgarh,Mahasamund,Paddy(Dhan)(Common),1900.0,,,2020-07-05 00:09:21.221315,7,6,2200.0,1900.0,1900.0,2050.0,212.13203435596427,0
Chattisgarh,Mahasamund,Paddy(Dhan)(Common),1990.0,,,2020-07-06 00:09:21.221315,7,0,1900.0,1990.0,1990.0,2030.0,153.94804318340653,1
Chattisgarh,Raigarh,Maize,1750.0,,,2020-07-07 00:09:21.221315,7,1,1750.0,1750.0,1750.0,1750.0,0.0,0
Gujarat,Amreli,Arhar (Tur/Red Gram)(Whole),8000.0,,,2020-07-08 00:09:21.221315,7,2,8525.0,8000.0,8000.0,8258.333333333334,262.5991876098124,0
Gujarat,Amreli,Bajra(Pearl Millet/Cumbu),2195.0,,,2020-07-09 00:09:21.221315,7,3,2003.0,2195.0,2195.0,2099.0,135.7645019878171,1
Gujarat,Amreli,Bengal Gram(Gram)(Whole),4955.0,,,2020-07-10 00:09:21.221315,7,4,4593.0,4955.0,4955.0,4758.25,196.74581740577528,1
Gujarat,Amreli,Cotton,6895.0,,,2020-07-11 00:09:21.221315,7,5,6903.0,6895.0,6895.0,6743.6,513.7799139709531,0
Gujarat,Amreli,Green Gram (Moong)(Whole),8230.0,,,2020-07-12 00:09:21.221315,7,6,7500.0,8230.0,8230.0,7865.0,516.1879502661797,1
Gujarat,Amreli,Wheat,2545.0,,,2020-07-13 00:09:21.221315,7,0,2460.0,2545.0,2545.0,2508.6,40.893764805896744,1
Gujarat,Amreli,Wheat,2485.0,,,2020-07-14 00:09:21.221315,7,1,2545.0,2485.0,2485.0,2504.6666666666665,37.8241545400114,0
Gujarat,Amreli,Cotton,7280.0,,,2020-07-15 00:09:21.221315,7,2,6895.0,7280.0,7280.0,6833.0,509.0481313196228,1
Gujarat,Amreli,Bengal Gram(Gram)(Whole),4610.0,,,2020-07-16 00:09:21.221315,7,3,4955.0,4610.0,4610.0,4728.6,182.83134304598872,0
Gujarat,Amreli,Cotton,5700.0,,,2020-07-17 00:09:21.221315,7,4,7280.0,5700.0,5700.0,6671.142857142857,631.9223128864887,0
Gujarat,Amreli,Wheat,2200.0,,,2020-07-18 00:09:21.221315,7,5,2485.0,2200.0,2200.0,2461.1428571428573,120.2184519550812,0
Gujarat,Anand,Bajra(Pearl Millet/Cumbu),2140.0,,,2020-07-19 00:09:21.221315,7,6,2140.0,2140.0,2140.0,2140.0,0.0,0
Gujarat,Anand,Wheat,2150.0,,,2020-07-20 00:09:21.221315,7,0,2150.0,2150.0,2150.0,2150.0,0.0,0
Gujarat,Banaskanth,Bajra(Pearl Millet/Cumbu),2225.0,,,2020-07-21 00:09:21.221315,7,1,2272.0,2200.0,2225.0,2097.785714285714,167.44697099451554,0
Gujarat,Banaskanth,Mustard,5275.0,,,2020-07-22 00:09:21.221315,7,2,5270.0,5350.0,5275.0,5294.642857142857,96.34387815083409,1
Gujarat,Banaskanth,Wheat,2225.0,,,2020-07-23 00:09:21.221315,7,3,2047.5,2030.0,2225.0,2229.214285714286,90.3058954991575,1
Gujarat,Banaskanth,Gram Raw(Chholia),8500.0,,,2020-07-24 00:09:21.221315,7,4,8550.0,8500.0,8500.0,8525.0,25.0,0
Gujarat,Banaskanth,Bajra(Pearl Millet/Cumbu),2030.0,,,2020-07-25 00:09:21.221315,7,5,2225.0,2200.0,2030.0,2073.5,162.40356112680132,0
Gujarat,Banaskanth,Mustard,5212.0,,,2020-07-26 00:09:21.221315,7,6,5275.0,5220.0,5212.0,5293.5,97.41834187324913,0
Gujarat,Banaskanth,Wheat,2295.0,,,2020-07-27 00:09:21.221315,7,0,2225.0,2232.0,2295.0,2238.214285714286,93.70514800108239,1
Gujarat,Banaskanth,Bajra(Pearl Millet/Cumbu),1937.5,,,2020-07-28 00:09:21.221315,7,1,2030.0,2100.0,1937.5,2050.285714285714,169.44562971222203,0
Gujarat,Bharuch,Arhar (Tur/Red Gram)(Whole),7500.0,,,2020-07-29 00:09:21.221315,7,2,7600.0,7500.0,7500.0,7566.666666666667,57.73502691896271,0
Gujarat,Bharuch,Bajra(Pearl Millet/Cumbu),2400.0,,,2020-07-30 00:09:21.221315,7,3,2200.0,2400.0,2400.0,2333.3333333333335,115.47005383792512,1
Gujarat,Bharuch,Cotton,5800.0,,,2020-07-31 00:09:21.221315,7,4,5600.0,5800.0,5800.0,5733.333333333333,115.47005383792522,1
Gujarat,Bharuch,Jowar(Sorghum),2800.0,,,2020-08-01 00:09:21.221315,8,5,2600.0,2800.0,2800.0,2733.3333333333335,115.47005383792512,1
Gujarat,Bharuch,Maize,2000.0,,,2020-08-02 00:09:21.221315,8,6,2000.0,2000.0,2000.0,2066.6666666666665,115.47005383792512,0
Gujarat,Bharuch,Arhar (Tur/Red Gram)(Whole),7600.0,,,2020-08-03 00:09:21.221315,8,0,7500.0,7600.0,7600.0,7575.0,50.00000000000008,1
Gujarat,Bharuch,Bajra(Pearl Millet/Cumbu),2300.0,,,2020-08-04 00:09:21.221315,8,1,2400.0,2300.0,2300.0,2325.0,95.74271077563378,0
Gujarat,Bharuch,Cotton,5600.0,,,2020-08-05 00:09:21.221315,8,2,5800.0,5600.0,5600.0,5700.0,115.47005383792515,0
Gujarat,Bharuch,Jowar(Sorghum),2600.0,,,2020-08-06 00:09:21.221315,8,3,2800.0,2600.0,2600.0,2700.0,115.47005383792515,0
Gujarat,Bharuch,Maize,2200.0,,,2020-08-07 00:09:21.221315,8,4,2000.0,2200.0,2200.0,2100.0,115.47005383792515,1
Gujarat,Dahod,Arhar (Tur/Red Gram)(Whole),7800.0,,,2020-08-08 00:09:21.221315,8,5,8000.0,7800.0,7800.0,7866.666666666667,115.47005383792522,0
Gujarat,Dahod,Arhar (Tur/Red Gram)(Whole),8300.0,,,2020-08-09 00:09:21.221315,8,6,7800.0,8300.0,8300.0,7975.0,236.29078131263037,1
Gujarat,Dahod,Bajra(Pearl Millet/Cumbu),2200.0,,,2020-08-10 00:09:21.221315,8,0,2200.0,2200.0,2200.0,2200.0,0.0,0
Gujarat,Dahod,Bengal Gram(Gram)(Whole),5125.0,,,2020-08-11 00:09:21.221315,8,1,5200.0,5125.0,5125.0,5133.333333333333,62.91528696058956,0
Gujarat,Dahod,Bengal Gram(Gram)(Whole),5250.0,,,2020-08-12 00:09:21.221315,8,2,5125.0,5250.0,5250.0,5162.5,77.72815877574017,1
Gujarat,Dahod,Black Gram (Urd Beans)(Whole),7500.0,,,2020-08-13 00:09:21.221315,8,3,7700.0,7500.0,7500.0,7600.0,141.4213562373095,0
Gujarat,Dahod,Green Gram (Moong)(Whole),7800.0,,,2020-08-14 00:09:21.221315,8,4,7800.0,7800.0,7800.0,7800.0,0.0,0
Gujarat,Dahod,Maize,2600.0,,,2020-08-15 00:09:21.221315,8,5,2200.0,2600.0,2600.0,2466.6666666666665,230.94010767585036,1
Gujarat,Dahod,Maize,2200.0,,,2020-08-16 00:09:21.221315,8,6,2600.0,2200.0,2200.0,2400.0,230.9401076758503,0
Gujarat,Dahod,Paddy(Dhan)(Common),1830.0,,,2020-08-17 00:09:21.221315,8,0,1370.0,1830.0,1830.0,1796.25,307.120361856173,1
Gujarat,Dahod,Paddy(Dhan)(Common),2050.0,,,2020-08-18 00:09:21.221315,8,1,1830.0,2050.0,2050.0,1847.0,289.1712295509358,1
Gujarat,Dahod,Wheat,2700.0,,,2020-08-19 00:09:21.221315,8,2,2550.0,2700.0,2700.0,2650.0,86.60254037844386,1
Gujarat,Dahod,Wheat,2550.0,,,2020-08-20 00:09:21.221315,8,3,2700.0,2550.0,2550.0,2625.0,86.60254037844386,0
Gujarat,Gandhinagar,Bajra(Pearl Millet/Cumbu),2272.0,,,2020-08-21 00:09:21.221315,8,4,1900.0,2272.0,2272.0,2176.4,164.24006819287425,1
Gujarat,Gandhinagar,Paddy(Dhan)(Common),1900.0,,,2020-08-22 00:09:21.221315,8,5,2150.0,1900.0,1900.0,1981.25,114.3368561167687,0
Gujarat,Gandhinagar,Wheat,2332.0,,,2020-08-23 00:09:21.221315,8,6,2270.0,2332.0,2332.0,2305.8,23.04777646542066,1
Gujarat,Gandhinagar,Bajra(Pearl Millet/Cumbu),1755.0,,,2020-08-24 00:09:21.221315,8,0,2272.0,1755.0,1755.0,2106.1666666666665,226.22149912567258,0
Gujarat,Gandhinagar,Jowar(Sorghum),4650.0,,,2020-08-25 00:09:21.221315,8,1,4725.0,4650.0,4650.0,4625.0,114.564392373896,0
Gujarat,Gandhinagar,Mustard,5340.0,,,2020-08-26 00:09:21.221315,8,2,5315.0,5340.0,5340.0,5318.333333333333,20.207259421637023,1
Gujarat,Gandhinagar,Wheat,2285.0,,,2020-08-27 00:09:21.221315,8,3,2332.0,2285.0,2285.0,2302.3333333333335,22.294991963817047,0
Gujarat,Jamnagar,Bengal Gram(Gram)(Whole),4160.0,,,2020-08-28 00:09:21.221315,8,4,4500.0,4160.0,4160.0,4438.75,188.0768903046483,0
Gujarat,Jamnagar,Cotton,6240.0,,,2020-08-29 00:09:21.221315,8,5,6130.0,6240.0,6240.0,6128.333333333333,112.50925887825126,1
Gujarat,Jamnagar,Jowar(Sorghum),4280.0,,,2020-08-30 00:09:21.221315,8,6,4225.0,4280.0,4280.0,4252.5,38.890872965260115,1
Gujarat,Jamnagar,Wheat,2150.0,,,2020-08-31 00:09:21.221315,8,0,2175.0,2150.0,2150.0,2203.75,120.5110644989358,0
Gujarat,Jamnagar,Bengal Gram(Gram)(Whole),4500.0,,,2020-09-01 00:09:21.221315,9,1,4160.0,4500.0,4500.0,4451.0,165.1665825765007,1
Gujarat,Jamnagar,Green Gram (Moong)(Whole),8500.0,,,2020-09-02 00:09:21.221315,9,2,8500.0,8500.0,8500.0,8500.0,0.0,0
Gujarat,Jamnagar,Wheat,2125.0,,,2020-09-03 00:09:21.221315,9,3,2150.0,2125.0,2125.0,2188.0,110.14762820869089,0
Gujarat,Junagarh,Arhar (Tur/Red Gram)(Whole),8765.0,,,2020-09-04 00:09:21.221315,9,4,8690.0,8765.0,8765.0,8715.0,43.30127018922193,1
Gujarat,Junagarh,Bajra(Pearl Millet/Cumbu),1740.0,,,2020-09-05 00:09:21.221315,9,5,2125.0,1740.0,1740.0,1932.5,272.2361107568208,0
Gujarat,Junagarh,Kulthi(Horse Gram),4750.0,,,2020-09-06 00:09:21.221315,9,6,4740.0,4750.0,4750.0,4745.0,5.0,1
Gujarat,Junagarh,Maize,2500.0,,,2020-09-07 00:09:21.221315,9,0,2500.0,2500.0,2500.0,2500.0,0.0,0
Gujarat,Junagarh,Mustard,5365.0,,,2020-09-08 00:09:21.221315,9,1,5365.0,5365.0,5365.0,5365.0,0.0,0
Gujarat,Junagarh,Wheat,2475.0,,,2020-09-09 00:09:21.221315,9,2,2430.0,2475.0,2475.0,2451.25,27.499999999999996,1
Gujarat,Mehsana,Bajra(Pearl Millet/Cumbu),1911.0,,,2020-09-10 00:09:21.221315,9,3,1900.0,1911.0,1911.0,2072.6666666666665,173.587633968168,1
Gujarat,Morbi,Jowar(Sorghum),4150.0,,,2020-09-11 00:09:21.221315,9,4,4150.0,4150.0,4150.0,4150.0,0.0,0
Gujarat,Morbi,Mustard,6350.0,,,2020-09-12 00:09:21.221315,9,5,6350.0,6350.0,6350.0,6350.0,0.0,0
Gujarat,Morbi,Wheat,2380.0,,,2020-09-13 00:09:21.221315,9,6,2350.0,2380.0,2380.0,2365.0,21.213203435596427,1
Gujarat,Panchmahals,Bajra(Pearl Millet/Cumbu),1950.0,,,2020-09-14 00:09:21.221315,9,0,1950.0,1950.0,1950.0,1950.0,0.0,0
Gujarat,Panchmahals,Maize,2175.0,,,2020-09-15 00:09:21.221315,9,1,2175.0,2175.0,2175.0,2175.0,0.0,0
Gujarat,Panchmahals,Paddy(Dhan)(Common),1700.0,,,2020-09-16 00:09:21.221315,9,2,1700.0,1700.0,1700.0,1700.0,0.0,0
Gujarat,Panchmahals,Wheat,2075.0,,,2020-09-17 00:09:21.221315,9,3,2075.0,2075.0,2075.0,2075.0,0.0,0
Gujarat,Patan,Bajra(Pearl Millet/Cumbu),2187.0,,,2020-09-18 00:09:21.221315,9,4,1940.0,2187.0,2187.0,2063.5,174.65537495307723,1
Gujarat,Patan,Jowar(Sorghum),6340.0,,,2020-09-19 00:09:21.221315,9,5,5577.0,6340.0,6340.0,5958.5,539.5224740453358,1
Gujarat,Patan,Mustard,5370.0,,,2020-09-20 00:09:21.221315,9,6,5327.0,5370.0,5370.0,5348.5,30.405591591021544,1
Gujarat,Patan,Wheat,2430.0,,,2020-09-21 00:09:21.221315,9,0,2367.0,2430.0,2430.0,2307.3333333333335,161.01656229510468,1
Gujarat,Porbandar,Green Gram (Moong)(Whole),8400.0,,,2020-09-22 00:09:21.221315,9,1,8350.0,8400.0,8400.0,8355.0,42.720018726587654,1
Gujarat,Porbandar,Wheat,2040.0,,,2020-09-23 00:09:21.221315,9,2,2325.0,2040.0,2040.0,2140.0,151.61629200056308,0
Gujarat,Porbandar,Wheat,2205.0,,,2020-09-24 00:09:21.221315,9,3,2040.0,2205.0,2205.0,2150.8333333333335,138.18164373992178,1
Gujarat,Rajkot,Arhar (Tur/Red Gram)(Whole),8905.0,,,2020-09-25 00:09:21.221315,9,4,8605.0,8905.0,8905.0,8515.833333333334,826.4346112468104,1
Gujarat,Rajkot,Black Gram (Urd Beans)(Whole),9230.0,,,2020-09-26 00:09:21.221315,9,5,7350.0,9230.0,9230.0,8086.666666666667,1003.8094108611122,1
Gujarat,Rajkot,Cotton,5530.0,,,2020-09-27 00:09:21.221315,9,6,7260.0,5530.0,5530.0,6602.142857142857,686.0263426845522,0
Gujarat,Rajkot,Wheat,2465.0,,,2020-09-28 00:09:21.221315,9,0,2450.0,2330.0,2465.0,2428.5714285714284,43.561669476949966,1
Gujarat,Rajkot,Arhar (Tur/Red Gram)(Whole),8000.0,,,2020-09-29 00:09:21.221315,9,1,8905.0,8000.0,8000.0,8442.142857142857,779.2135840216143,0
Gujarat,Rajkot,Bajra(Pearl Millet/Cumbu),2055.0,,,2020-09-30 00:09:21.221315,9,2,2125.0,2055.0,2055.0,2092.0,118.0889495253472,0
Gujarat,Rajkot,Bengal Gram(Gram)(Whole),4860.0,,,2020-10-01 00:09:21.221315,10,3,11250.0,4980.0,4860.0,6617.857142857143,3346.515422972151,0
Gujarat,Rajkot,Bengal Gram(Gram)(Whole),11500.0,,,2020-10-02 00:09:21.221315,10,4,4860.0,4305.0,11500.0,7645.714285714285,3612.145517292353,1
Gujarat,Rajkot,Black Gram (Urd Beans)(Whole),7500.0,,,2020-10-03 00:09:21.221315,10,5,9230.0,7500.0,7500.0,7940.0,870.5170877128145,0
Gujarat,Rajkot,Cotton,7275.0,,,2020-10-04 00:09:21.221315,10,6,5530.0,7075.0,7275.0,6630.714285714285,712.6501512630429,1
Gujarat,Rajkot,Green Gram (Moong)(Whole),8100.0,,,2020-10-05 00:09:21.221315,10,0,8250.0,8100.0,8100.0,7806.25,707.217257990782,0
Gujarat,Rajkot,Jowar(Sorghum),4600.0,,,2020-10-06 00:09:21.221315,10,1,4700.0,4600.0,4600.0,4364.0,510.6172735033551,0
Gujarat,Rajkot,Mustard,5150.0,,,2020-10-07 00:09:21.221315,10,2,5150.0,5150.0,5150.0,5075.0,119.02380714238083,0
Gujarat,Rajkot,Wheat,2370.0,,,2020-10-08 00:09:21.221315,10,3,2465.0,2335.0,2370.0,2433.5714285714284,31.32015933791476,0
Gujarat,Rajkot,Wheat,2460.0,,,2020-10-09 00:09:21.221315,10,4,2370.0,2450.0,2460.0,2435.0,32.403703492039156,1
Gujarat,Sabarkantha,Bajra(Pearl Millet/Cumbu),1975.0,,,2020-10-10 00:09:21.221315,10,5,2000.0,1975.0,1975.0,1987.5,17.67766952966369,0
Gujarat,Sabarkantha,Wheat,2400.0,,,2020-10-11 00:09:21.221315,10,6,2340.0,2400.0,2400.0,2363.3333333333335,32.14550253664312,1
Gujarat,Surat,Pegeon Pea (Arhar Fali),11500.0,,,2020-10-12 00:09:21.221315,10,0,12500.0,11500.0,11500.0,12000.0,707.1067811865476,0
Gujarat,Surendranagar,Mustard,6005.0,,,2020-10-13 00:09:21.221315,10,1,6800.0,6005.0,6005.0,6568.333333333333,490.4164896629529,0
Gujarat,Surendranagar,Bengal Gram(Gram)(Whole),4625.0,,,2020-10-14 00:09:21.221315,10,2,4625.0,4625.0,4625.0,4625.0,0.0,0
Gujarat,Surendranagar,Cotton,7150.0,,,2020-10-15 00:09:21.221315,10,3,7000.0,7150.0,7150.0,7043.75,71.80703308172542,1
Gujarat,Surendranagar,Mustard,6750.0,,,2020-10-16 00:09:21.221315,10,4,6005.0,6750.0,6750.0,6613.75,410.5966187553586,1
Gujarat,Surendranagar,Wheat,2425.0,,,2020-10-17 00:09:21.221315,10,5,2425.0,2425.0,2425.0,2420.0,20.916500663351872,0
Karnataka,Raichur,Wheat,2520.0,,,2020-10-18 00:09:21.221315,10,6,2520.0,2520.0,2520.0,2520.0,0.0,0
Kerala,Malappuram,Bengal Gram(Gram)(Whole),6250.0,,,2020-10-19 00:09:21.221315,10,0,6250.0,6250.0,6250.0,6250.0,0.0,0
Kerala,Malappuram,Green Gram (Moong)(Whole),10550.0,,,2020-10-20 00:09:21.221315,10,1,10550.0,10550.0,10550.0,10550.0,0.0,0
Kerala,Palakad,Arhar (Tur/Red Gram)(Whole),14300.0,,,2020-10-21 00:09:21.221315,10,2,14300.0,14300.0,14300.0,14300.0,0.0,0
Kerala,Palakad,Bengal Gram(Gram)(Whole),7600.0,,,2020-10-22 00:09:21.221315,10,3,7600.0,7600.0,7600.0,7600.0,0.0,0
Kerala,Palakad,Black Gram (Urd Beans)(Whole),11100.0,,,2020-10-23 00:09:21.221315,10,4,11100.0,11100.0,11100.0,11100.0,0.0,0
Kerala,Palakad,Black Gram (Urd Beans)(Whole),12600.0,,,2020-10-24 00:09:21.221315,10,5,11100.0,12600.0,12600.0,11850.0,1060.6601717798212,1
Kerala,Palakad,Green Gram (Moong)(Whole),12600.0,,,2020-10-25 00:09:21.221315,10,6,12600.0,12600.0,12600.0,12600.0,0.0,0
Kerala,Palakad,Green Gram (Moong)(Whole),13600.0,,,2020-10-26 00:09:21.221315,10,0,12600.0,13600.0,13600.0,13100.0,707.1067811865476,1
Kerala,Wayanad,Paddy(Dhan)(Common),2260.0,,,2020-10-27 00:09:21.221315,10,1,2160.0,2260.0,2260.0,2210.0,70.71067811865476,1
Madhya Pradesh,Ashoknagar,Bengal Gram(Gram)(Whole),4990.0,,,2020-10-28 00:09:21.221315,10,2,4990.0,4990.0,4990.0,4990.0,0.0,0
Madhya Pradesh,Ashoknagar,Black Gram (Urd Beans)(Whole),5050.0,,,2020-10-29 00:09:21.221315,10,3,5050.0,5050.0,5050.0,5050.0,0.0,0
Madhya Pradesh,Ashoknagar,Lentil (Masur)(Whole),5535.0,,,2020-10-30 00:09:21.221315,10,4,5535.0,5535.0,5535.0,5535.0,0.0,0
Madhya Pradesh,Dewas,Wheat,2230.0,,,2020-10-31 00:09:21.221315,10,5,2300.0,2230.0,2230.0,2310.25,59.72366923311617,0
Madhya Pradesh,Dhar,Maize,2092.0,,,2020-11-01 00:09:21.221315,11,6,2092.0,2092.0,2092.0,2092.0,0.0,0
Madhya Pradesh,Dhar,Wheat,2480.0,,,2020-11-02 00:09:21.221315,11,0,2480.0,2480.0,2480.0,2480.0,0.0,0
Madhya Pradesh,Jhabua,Wheat,2050.0,,,2020-11-03 00:09:21.221315,11,1,2115.0,2050.0,2050.0,2082.5,45.96194077712559,0
Madhya Pradesh,Panna,Bengal Gram(Gram)(Whole),5030.0,,,2020-11-04 00:09:21.221315,11,2,5030.0,5030.0,5030.0,5030.0,0.0,0
Madhya Pradesh,Panna,Lentil (Masur)(Whole),5250.0,,,2020-11-05 00:09:21.221315,11,3,5325.0,5250.0,5250.0,5287.5,53.033008588991066,0
Madhya Pradesh,Panna,Wheat,2125.0,,,2020-11-06 00:09:21.221315,11,4,2038.0,2125.0,2125.0,2077.0,52.84568730432661,1
Madhya Pradesh,Rewa,Lentil (Masur)(Whole),5250.0,,,2020-11-07 00:09:21.221315,11,5,5250.0,5250.0,5250.0,5250.0,0.0,0
Madhya Pradesh,Rewa,Wheat,2200.0,,,2020-11-08 00:09:21.221315,11,6,2200.0,2200.0,2200.0,2200.0,0.0,0
Madhya Pradesh,Shajapur,Bengal Gram(Gram)(Whole),4380.0,,,2020-11-09 00:09:21.221315,11,0,5320.0,4380.0,4380.0,4742.0,607.7273237233949,0
Madhya Pradesh,Shajapur,Bengal Gram(Gram)(Whole),5640.0,,,2020-11-10 00:09:21.221315,11,1,4380.0,5640.0,5640.0,4891.666666666667,655.6421788343598,1
Madhya Pradesh,Shajapur,Lentil (Masur)(Whole),5570.0,,,2020-11-11 00:09:21.221315,11,2,5460.0,5570.0,5570.0,5506.666666666667,56.86240703077314,1
Madhya Pradesh,Shajapur,Mustard,4975.0,,,2020-11-12 00:09:21.221315,11,3,5070.0,4975.0,4975.0,5045.0,61.44102863722254,0
Madhya Pradesh,Shajapur,Wheat,2285.0,,,2020-11-13 00:09:21.221315,11,4,2250.0,2090.0,2285.0,2349.285714285714,282.3919936811915,1
Madhya Pradesh,Shajapur,Wheat,2095.0,,,2020-11-14 00:09:21.221315,11,5,2285.0,2780.0,2095.0,2251.4285714285716,220.07033507711202,0
Madhya Pradesh,Shajapur,Wheat,2780.0,,,2020-11-15 00:09:21.221315,11,6,2095.0,2125.0,2780.0,2345.0,286.56005769588097,1
Maharashtra,Beed,Bengal Gram(Gram)(Whole),4352.0,,,2020-11-16 00:09:21.221315,11,0,4352.0,4352.0,4352.0,4352.0,0.0,0
Maharashtra,Beed,Jowar(Sorghum),5300.0,,,2020-11-17 00:09:21.221315,11,1,5300.0,5300.0,5300.0,5300.0,0.0,0
Maharashtra,Beed,Jowar(Sorghum),3900.0,,,2020-11-18 00:09:21.221315,11,2,5300.0,3900.0,3900.0,4600.0,989.9494936611666,0
Maharashtra,Beed,Wheat,2825.0,,,2020-11-19 00:09:21.221315,11,3,2825.0,2825.0,2825.0,2825.0,0.0,0
Maharashtra,Chandrapur,Paddy(Dhan)(Common),2600.0,,,2020-11-20 00:09:21.221315,11,4,2800.0,2600.0,2600.0,2700.0,141.4213562373095,0
Maharashtra,Chandrapur,Paddy(Dhan)(Common),2780.0,,,2020-11-21 00:09:21.221315,11,5,2600.0,2780.0,2780.0,2726.6666666666665,110.15141094572206,1
Maharashtra,Chandrapur,Paddy(Dhan)(Common),2200.0,,,2020-11-22 00:09:21.221315,11,6,2780.0,2200.0,2200.0,2595.0,278.26845551253797,0
Maharashtra,Gadchiroli,Paddy(Dhan)(Common),2780.0,,,2020-11-23 00:09:21.221315,11,0,2780.0,2780.0,2780.0,2780.0,0.0,0
Maharashtra,Gadchiroli,Paddy(Dhan)(Common),2291.0,,,2020-11-24 00:09:21.221315,11,1,2780.0,2291.0,2291.0,2535.5,345.77521600022175,0
Maharashtra,Jalgaon,Bengal Gram(Gram)(Whole),7100.0,,,2020-11-25 00:09:21.221315,11,2,7100.0,7100.0,7100.0,7100.0,0.0,0
Maharashtra,Jalgaon,Wheat,2350.0,,,2020-11-26 00:09:21.221315,11,3,2650.0,2350.0,2350.0,2500.0,212.13203435596427,0
Maharashtra,Sholapur,Arhar (Tur/Red Gram)(Whole),9800.0,,,2020-11-27 00:09:21.221315,11,4,9800.0,9800.0,9800.0,9800.0,0.0,0
Maharashtra,Sholapur,Bengal Gram(Gram)(Whole),4800.0,,,2020-11-28 00:09:21.221315,11,5,4800.0,4800.0,4800.0,4800.0,0.0,0
Maharashtra,Sholapur,Black Gram (Urd Beans)(Whole),7500.0,,,2020-11-29 00:09:21.221315,11,6,7500.0,7500.0,7500.0,7500.0,0.0,0
Maharashtra,Sholapur,Green Gram (Moong)(Whole),6000.0,,,2020-11-30 00:09:21.221315,11,0,6000.0,6000.0,6000.0,6000.0,0.0,0
Maharashtra,Sholapur,Jowar(Sorghum),4400.0,,,2020-12-01 00:09:21.221315,12,1,4400.0,4400.0,4400.0,4400.0,0.0,0
Maharashtra,Sholapur,Wheat,2600.0,,,2020-12-02 00:09:21.221315,12,2,2600.0,2600.0,2600.0,2600.0,0.0,0
Maharashtra,Thane,Wheat,2825.0,,,2020-12-03 00:09:21.221315,12,3,3460.0,2825.0,2825.0,3108.75,434.90180884118354,0
Nagaland,Longleng,Maize,8000.0,,,2020-12-04 00:09:21.221315,12,4,8000.0,8000.0,8000.0,7900.0,173.20508075688772,0
Odisha,Bargarh,Paddy(Dhan)(Common),2040.0,,,2020-12-05 00:09:21.221315,12,5,2040.0,2040.0,2040.0,2040.0,0.0,0
Odisha,Bhadrak,Paddy(Dhan)(Common),2040.0,,,2020-12-06 00:09:21.221315,12,6,2040.0,2040.0,2040.0,2040.0,0.0,0
Odisha,Keonjhar,Paddy(Dhan)(Common),2040.0,,,2020-12-07 00:09:21.221315,12,0,2040.0,2040.0,2040.0,2040.0,0.0,0
Odisha,Nowarangpur,Maize,1500.0,,,2020-12-08 00:09:21.221315,12,1,1500.0,1500.0,1500.0,1500.0,0.0,0
Pondicherry,Karaikal,Paddy(Dhan)(Common),2320.0,,,2020-12-09 00:09:21.221315,12,2,2560.0,2320.0,2320.0,2440.0,169.7056274847714,0
Rajasthan,Ajmer,Barley (Jau),1615.0,,,2020-12-10 00:09:21.221315,12,3,1635.0,1615.0,1615.0,1621.6666666666667,11.547005383792532,0
Rajasthan,Ajmer,Maize,2485.0,,,2020-12-11 00:09:21.221315,12,4,2450.0,2485.0,2485.0,2461.6666666666665,20.207259421636966,1
Rajasthan,Ajmer,Mustard,5105.0,,,2020-12-12 00:09:21.221315,12,5,4875.0,5105.0,5105.0,4990.0,162.63455967290594,1
Rajasthan,Ajmer,Wheat,2250.0,,,2020-12-13 00:09:21.221315,12,6,2215.0,2250.0,2250.0,2232.5,24.748737341529164,1
Rajasthan,Chittorgarh,Wheat,2300.0,,,2020-12-14 00:09:21.221315,12,0,2250.0,2300.0,2300.0,2250.0,40.824829046386256,1
Rajasthan,Churu,Bajra(Pearl Millet/Cumbu),1750.0,,,2020-12-15 00:09:21.221315,12,1,1750.0,1750.0,1750.0,1750.0,0.0,0
Rajasthan,Hanumangarh,Barley (Jau),1612.0,,,2020-12-16 00:09:21.221315,12,2,1650.0,1612.0,1612.0,1631.0,26.870057685088806,0
Rajasthan,Hanumangarh,Mustard,5180.0,,,2020-12-17 00:09:21.221315,12,3,5135.0,5180.0,5180.0,5136.5,54.58021619598075,1
Rajasthan,Hanumangarh,Wheat,2207.0,,,2020-12-18 00:09:21.221315,12,4,2260.0,2207.0,2207.0,2206.0,54.506880299646575,0
Rajasthan,Jodhpur,Bajra(Pearl Millet/Cumbu),2175.0,,,2020-12-19 00:09:21.221315,12,5,2200.0,2175.0,2175.0,2291.6666666666665,180.85445345175583,0
Rajasthan,Jodhpur,Green Gram (Moong)(Whole),6900.0,,,2020-12-20 00:09:21.221315,12,6,6900.0,6900.0,6900.0,6900.0,0.0,0
Rajasthan,Jodhpur,Jowar(Sorghum),3450.0,,,2020-12-21 00:09:21.221315,12,0,3550.0,3450.0,3450.0,3500.0,70.71067811865476,0
Rajasthan,Kota,Bengal Gram(Gram)(Whole),4700.0,,,2020-12-22 00:09:21.221315,12,1,4750.0,4700.0,4700.0,4725.0,35.35533905932738,0
Rajasthan,Kota,Black Gram (Urd Beans)(Whole),7200.0,,,2020-12-23 00:09:21.221315,12,2,6500.0,7200.0,7200.0,6850.0,494.9747468305833,1
Rajasthan,Kota,Jowar(Sorghum),2402.0,,,2020-12-24 00:09:21.221315,12,3,2000.0,2402.0,2402.0,2201.0,284.2569260369921,1
Rajasthan,Kota,Maize,1875.0,,,2020-12-25 00:09:21.221315,12,4,1900.0,1875.0,1875.0,1887.5,17.67766952966369,0
Rajasthan,Kota,Mustard,5250.0,,,2020-12-26 00:09:21.221315,12,5,5200.0,5250.0,5250.0,5225.0,35.35533905932738,1
Rajasthan,Kota,Paddy(Dhan)(Common),3800.0,,,2020-12-27 00:09:21.221315,12,6,3800.0,3800.0,3800.0,3800.0,0.0,0
Rajasthan,Kota,Wheat,2250.0,,,2020-12-28 00:09:21.221315,12,0,2300.0,2250.0,2250.0,2275.0,35.35533905932738,0
Rajasthan,Sikar,Mustard,4895.0,,,2020-12-29 00:09:21.221315,12,1,4900.0,4895.0,4895.0,4881.666666666667,27.537852736430455,0
Rajasthan,Tonk,Bajra(Pearl Millet/Cumbu),1810.0,,,2020-12-30 00:09:21.221315,12,2,1905.0,1810.0,1810.0,1857.5,67.17514421272202,0
Rajasthan,Tonk,Mustard,4938.0,,,2020-12-31 00:09:21.221315,12,3,5450.0,4938.0,4938.0,5323.5,200.40933112008537,0
Rajasthan,Tonk,Wheat,2255.0,,,2021-01-01 00:09:21.221315,1,4,2235.0,2255.0,2255.0,2227.6666666666665,18.80070920648126,1
Rajasthan,Tonk,Bajra(Pearl Millet/Cumbu),1930.0,,,2021-01-02 00:09:21.221315,1,5,1810.0,1930.0,1930.0,1881.6666666666667,63.31139971074191,1
Rajasthan,Tonk,Barley (Jau),1550.0,,,2021-01-03 00:09:21.221315,1,6,1680.0,1550.0,1550.0,1583.75,64.46898479113814,0
Rajasthan,Tonk,Bengal Gram(Gram)(Whole),5015.0,,,2021-01-04 00:09:21.221315,1,0,4950.0,5015.0,5015.0,4963.333333333333,46.45786621588797,1
Rajasthan,Tonk,Jowar(Sorghum),4100.0,,,2021-01-05 00:09:21.221315,1,1,4050.0,4100.0,4100.0,4083.3333333333335,28.867513459481255,1
Rajasthan,Tonk,Mustard,5650.0,,,2021-01-06 00:09:21.221315,1,2,4938.0,5650.0,5650.0,5370.142857142857,220.6780676093788,1
Rajasthan,Tonk,Wheat,2240.0,,,2021-01-07 00:09:21.221315,1,3,2255.0,2240.0,2240.0,2229.4285714285716,17.784423361068452,0
Tamil Nadu,Coimbatore,Paddy(Dhan)(Common),2050.0,,,2021-01-08 00:09:21.221315,1,4,2050.0,2050.0,2050.0,2050.0,0.0,0
Tamil Nadu,Coimbatore,Maize,2270.0,,,2021-01-09 00:09:21.221315,1,5,2250.0,2270.0,2270.0,2240.0,36.05551275463989,1
Tamil Nadu,Cuddalore,Paddy(Dhan)(Common),1808.0,,,2021-01-10 00:09:21.221315,1,6,1572.0,1808.0,1808.0,1736.0,142.37977384446148,1
Tamil Nadu,Cuddalore,Cotton,6978.0,,,2021-01-11 00:09:21.221315,1,0,6978.0,6978.0,6978.0,6978.0,0.0,0
Tamil Nadu,Madurai,Paddy(Dhan)(Common),1970.0,,,2021-01-12 00:09:21.221315,1,1,2050.0,2050.0,1970.0,2212.8571428571427,346.78736451963783,0
Tamil Nadu,Madurai,Paddy(Dhan)(Common),2123.0,,,2021-01-13 00:09:21.221315,1,2,1970.0,2046.0,2123.0,2223.8571428571427,341.7979074304135,1
Tamil Nadu,Madurai,Paddy(Dhan)(Common),2508.0,,,2021-01-14 00:09:21.221315,1,3,2123.0,2123.0,2508.0,2278.8571428571427,353.63466485976204,1
Tamil Nadu,Madurai,Paddy(Dhan)(Common),2816.0,,,2021-01-15 00:09:21.221315,1,4,2508.0,2585.0,2816.0,2311.8571428571427,395.28910456838577,1
Tamil Nadu,Madurai,Cotton,4550.0,,,2021-01-16 00:09:21.221315,1,5,5850.0,4550.0,4550.0,5330.0,543.8290172471491,0
Tamil Nadu,Madurai,Cotton,4450.0,,,2021-01-17 00:09:21.221315,1,6,4550.0,4450.0,4450.0,5183.333333333333,604.7037842337904,0
Tamil Nadu,Madurai,Cotton,4350.0,,,2021-01-18 00:09:21.221315,1,0,4450.0,4350.0,4350.0,5064.285714285715,635.5537518011921,0
Tamil Nadu,Madurai,Paddy(Dhan)(Common),1750.0,,,2021-01-19 00:09:21.221315,1,1,2816.0,2816.0,1750.0,2159.5714285714284,373.4317684856039,0
Tamil Nadu,Madurai,Paddy(Dhan)(Common),1800.0,,,2021-01-20 00:09:21.221315,1,2,1750.0,1900.0,1800.0,2145.285714285714,386.69398507765555,1
Tamil Nadu,Madurai,Paddy(Dhan)(Common),2100.0,,,2021-01-21 00:09:21.221315,1,3,1800.0,2050.0,2100.0,2152.4285714285716,385.09905961231027,1
Tamil Nadu,Salem,Paddy(Dhan)(Common),2000.0,,,2021-01-22 00:09:21.221315,1,4,2000.0,2000.0,2000.0,2000.0,0.0,0
Tamil Nadu,Salem,Cotton,6200.0,,,2021-01-23 00:09:21.221315,1,5,7000.0,6200.0,6200.0,6475.0,377.49172176353744,0
Tamil Nadu,Thiruvannamalai,Maize,2055.0,,,2021-01-24 00:09:21.221315,1,6,2055.0,2055.0,2055.0,2055.0,0.0,0
Tamil Nadu,Thiruvannamalai,Paddy(Dhan)(Common),1804.0,,,2021-01-25 00:09:21.221315,1,0,1728.0,1804.0,1804.0,1766.0,53.74011537017761,1
Tamil Nadu,Thiruvannamalai,Paddy(Dhan)(Common),2359.0,,,2021-01-26 00:09:21.221315,1,1,1804.0,2359.0,2359.0,1963.6666666666667,344.47109215917277,1
Tamil Nadu,Villupuram,Black Gram (Urd Beans)(Whole),8249.0,,,2021-01-27 00:09:21.221315,1,2,7389.0,8249.0,8249.0,7562.75,834.5419402282907,1
Tamil Nadu,Villupuram,Maize,2163.0,,,2021-01-28 00:09:21.221315,1,3,2190.0,2163.0,2163.0,2130.3333333333335,81.09459496990739,0
Tamil Nadu,Villupuram,Maize,2239.0,,,2021-01-29 00:09:21.221315,1,4,2163.0,2239.0,2239.0,2157.5,85.65239829294522,1
Tamil Nadu,Villupuram,Paddy(Dhan)(Common),1918.0,,,2021-01-30 00:09:21.221315,1,5,2445.0,1713.0,1918.0,1897.5714285714287,251.1147527478602,0
Tamil Nadu,Villupuram,Paddy(Dhan)(Common),1705.0,,,2021-01-31 00:09:21.221315,1,6,1918.0,1767.0,1705.0,1888.7142857142858,257.49997688395626,0
Tamil Nadu,Villupuram,Maize,2269.0,,,2021-02-01 00:09:21.221315,2,0,2239.0,2269.0,2269.0,2179.8,89.37952785733425,1
Tamil Nadu,Villupuram,Paddy(Dhan)(Common),2088.0,,,2021-02-02 00:09:21.221315,2,1,1705.0,1760.0,2088.0,1935.5714285714287,260.0050365812534,1
Tamil Nadu,Villupuram,Paddy(Dhan)(Common),1824.0,,,2021-02-03 00:09:21.221315,2,2,2088.0,1725.0,1824.0,1949.7142857142858,249.10621180914907,0
Tamil Nadu,Villupuram,Black Gram (Urd Beans)(Whole),7600.0,,,2021-02-04 00:09:21.221315,2,3,8249.0,7600.0,7600.0,7570.2,722.9264831225925,0
Tamil Nadu,Villupuram,Maize,2119.0,,,2021-02-05 00:09:21.221315,2,4,2269.0,2119.0,2119.0,2169.6666666666665,83.70822341124355,0
Tamil Nadu,Villupuram,Paddy(Dhan)(Common),1707.0,,,2021-02-06 00:09:21.221315,2,5,1824.0,1787.0,1707.0,1938.2857142857142,259.43638544976295,0
Tamil Nadu,Villupuram,Paddy(Dhan)(Common),1912.0,,,2021-02-07 00:09:21.221315,2,6,1707.0,1881.0,1912.0,1942.7142857142858,258.55864214636364,1
Tamil Nadu,Villupuram,Paddy(Dhan)(Common),2379.0,,,2021-02-08 00:09:21.221315,2,0,1912.0,2445.0,2379.0,1933.2857142857142,237.53856829696375,1
Telangana,Adilabad,Jowar(Sorghum),3000.0,,,2021-02-09 00:09:21.221315,2,1,3000.0,3000.0,3000.0,3000.0,0.0,0
Telangana,Adilabad,Maize,2050.0,,,2021-02-10 00:09:21.221315,2,2,2050.0,2050.0,2050.0,2050.0,0.0,0
Telangana,Jagityal,Paddy(Dhan)(Common),2040.0,,,2021-02-11 00:09:21.221315,2,3,2040.0,2040.0,2040.0,2040.0,0.0,0
Telangana,Karimnagar,Maize,2223.0,,,2021-02-12 00:09:21.221315,2,4,2050.0,2223.0,2223.0,2136.5,122.32947314527271,1
Telangana,Karimnagar,Paddy(Dhan)(Common),2061.0,,,2021-02-13 00:09:21.221315,2,5,2040.0,2060.0,2061.0,2077.714285714286,55.757553406733955,1
Telangana,Karimnagar,Paddy(Dhan)(Common),2060.0,,,2021-02-14 00:09:21.221315,2,6,2061.0,2203.0,2060.0,2057.285714285714,7.631388814504691,0
Telangana,Karimnagar,Paddy(Dhan)(Common),2040.0,,,2021-02-15 00:09:21.221315,2,0,2060.0,2060.0,2040.0,2054.4285714285716,9.86335208160846,0
Telangana,Karimnagar,Paddy(Dhan)(Common),2060.0,,,2021-02-16 00:09:21.221315,2,1,2040.0,2060.0,2060.0,2054.4285714285716,9.86335208160846,1
Telangana,Karimnagar,Paddy(Dhan)(Common),2040.0,,,2021-02-17 00:09:21.221315,2,2,2060.0,2060.0,2040.0,2051.5714285714284,10.829852920782209,0
Telangana,Karimnagar,Paddy(Dhan)(Common),2040.0,,,2021-02-18 00:09:21.221315,2,3,2040.0,2060.0,2040.0,2048.714285714286,10.873734190155663,0
Telangana,Karimnagar,Cotton,7100.0,,,2021-02-19 00:09:21.221315,2,4,6380.0,7100.0,7100.0,6620.0,415.69219381653056,1
Telangana,Karimnagar,Cotton,6231.0,,,2021-02-20 00:09:21.221315,2,5,7100.0,6231.0,6231.0,6522.75,391.1908102192586,0
Telangana,Karimnagar,Paddy(Dhan)(Common),2203.0,,,2021-02-21 00:09:21.221315,2,6,2040.0,2040.0,2203.0,2072.0,58.65435476870722,1
Telangana,Karimnagar,Paddy(Dhan)(Common),2100.0,,,2021-02-22 00:09:21.221315,2,0,2203.0,2061.0,2100.0,2077.5714285714284,59.284222585938295,0
Telangana,Karimnagar,Paddy(Dhan)(Common),2060.0,,,2021-02-23 00:09:21.221315,2,1,2100.0,2060.0,2060.0,2077.5714285714284,59.284222585938295,0
Telangana,Karimnagar,Paddy(Dhan)(Common),2040.0,,,2021-02-24 00:09:21.221315,2,2,2060.0,2040.0,2040.0,2077.5714285714284,59.284222585938295,0
Telangana,Karimnagar,Paddy(Dhan)(Common),2060.0,,,2021-02-25 00:09:21.221315,2,3,2040.0,2060.0,2060.0,2077.5714285714284,59.284222585938295,1
Telangana,Karimnagar,Paddy(Dhan)(Common),2060.0,,,2021-02-26 00:09:21.221315,2,4,2060.0,2040.0,2060.0,2080.4285714285716,57.63059703218197,0
Telangana,Karimnagar,Paddy(Dhan)(Common),2203.0,,,2021-02-27 00:09:21.221315,2,5,2060.0,2040.0,2203.0,2103.714285714286,70.14440886655251,1
Telangana,Karimnagar,Cotton,6867.0,,,2021-02-28 00:09:21.221315,2,6,6231.0,6867.0,6867.0,6591.6,372.12135117458655,1
Telangana,Karimnagar,Paddy(Dhan)(Common),2060.0,,,2021-03-01 00:09:21.221315,3,0,2203.0,2203.0,2060.0,2083.285714285714,55.75755340673393,0
Telangana,Karimnagar,Cotton,6380.0,,,2021-03-02 00:09:21.221315,3,1,6867.0,6380.0,6380.0,6556.333333333333,343.8631510741834,0
Telangana,Karimnagar,Paddy(Dhan)(Common),2060.0,,,2021-03-03 00:09:21.221315,3,2,2060.0,2100.0,2040.0,2077.5714285714284,55.80877213860813,0
Telangana,Karimnagar,Paddy(Dhan)(Common),2060.0,,,2021-03-04 00:09:21.221315,3,3,2060.0,2060.0,2040.0,2077.5714285714284,55.80877213860813,0
Telangana,Khammam,Paddy(Dhan)(Common),2060.0,,,2021-03-05 00:09:21.221315,3,4,2040.0,2060.0,2060.0,2050.0,10.954451150103363,1
Telangana,Khammam,Paddy(Dhan)(Common),2040.0,,,2021-03-06 00:09:21.221315,3,5,2060.0,2040.0,2040.0,2048.5714285714284,10.690449676497002,0
Telangana,Khammam,Paddy(Dhan)(Common),2040.0,,,2021-03-07 00:09:21.221315,3,6,2040.0,2060.0,2040.0,2045.7142857142858,9.759000729485313,0
Telangana,Khammam,Cotton,6700.0,,,2021-03-08 00:09:21.221315,3,0,6800.0,6700.0,6700.0,6750.0,70.71067811865476,0
Telangana,Khammam,Cotton,6900.0,,,2021-03-09 00:09:21.221315,3,1,6700.0,6900.0,6900.0,6800.0,100.0,1
Telangana,Khammam,Paddy(Dhan)(Common),2040.0,,,2021-03-10 00:09:21.221315,3,2,2040.0,2060.0,2040.0,2042.857142857143,7.559289460184426,0
Telangana,Khammam,Paddy(Dhan)(Common),2060.0,,,2021-03-11 00:09:21.221315,3,3,2040.0,2040.0,2060.0,2045.7142857142858,9.759000729485313,1
Telangana,Khammam,Paddy(Dhan)(Common),2040.0,,,2021-03-12 00:09:21.221315,3,4,2060.0,2040.0,2040.0,2045.7142857142858,9.759000729485313,0
Telangana,Mahbubnagar,Paddy(Dhan)(Common),2040.0,,,2021-03-13 00:09:21.221315,3,5,2100.0,2040.0,2040.0,2057.5,28.72281323269011,0
Telangana,Mahbubnagar,Paddy(Dhan)(Common),2040.0,,,2021-03-14 00:09:21.221315,3,6,2040.0,2040.0,2040.0,2054.0,26.076809620810568,0
Telangana,Mahbubnagar,Paddy(Dhan)(Common),2060.0,,,2021-03-15 00:09:21.221315,3,0,2040.0,2060.0,2060.0,2055.0,23.452078799117125,1
Telangana,Mahbubnagar,Maize,1962.0,,,2021-03-16 00:09:21.221315,3,1,1962.0,1962.0,1962.0,1962.0,0.0,0
Telangana,Mahbubnagar,Paddy(Dhan)(Common),2040.0,,,2021-03-17 00:09:21.221315,3,2,2060.0,2040.0,2040.0,2052.8571428571427,22.146697055682797,0
Telangana,Mahbubnagar,Paddy(Dhan)(Common),2059.0,,,2021-03-18 00:09:21.221315,3,3,2040.0,2050.0,2059.0,2054.1428571428573,22.214323993229904,1
Telangana,Mahbubnagar,Paddy(Dhan)(Common),2040.0,,,2021-03-19 00:09:21.221315,3,4,2059.0,2040.0,2040.0,2054.1428571428573,22.214323993229904,0
Telangana,Medak,Paddy(Dhan)(Common),2060.0,,,2021-03-20 00:09:21.221315,3,5,2060.0,2060.0,2060.0,2060.0,0.0,0
Telangana,Medak,Paddy(Dhan)(Common),2060.0,,,2021-03-21 00:09:21.221315,3,6,2060.0,2060.0,2060.0,2060.0,0.0,0
Telangana,Medak,Maize,2066.0,,,2021-03-22 00:09:21.221315,3,0,2066.0,2066.0,2066.0,2066.0,0.0,0
Telangana,Medak,Paddy(Dhan)(Basmati),2060.0,,,2021-03-23 00:09:21.221315,3,1,2060.0,2060.0,2060.0,2060.0,0.0,0
Telangana,Nalgonda,Arhar (Tur/Red Gram)(Whole),6600.0,,,2021-03-24 00:09:21.221315,3,2,8973.0,6600.0,6600.0,7391.0,1370.052188786982,0
Telangana,Nalgonda,Paddy(Dhan)(Basmati),2060.0,,,2021-03-25 00:09:21.221315,3,3,2060.0,2060.0,2060.0,2060.0,0.0,0
Telangana,Nalgonda,Paddy(Dhan)(Common),2060.0,,,2021-03-26 00:09:21.221315,3,4,2060.0,2060.0,2060.0,2080.4285714285716,54.048919640319674,0
Telangana,Nalgonda,Cotton,6080.0,,,2021-03-27 00:09:21.221315,3,5,6380.0,6080.0,6080.0,6358.333333333333,414.74892003074183,0
Telangana,Nalgonda,Cotton,6080.0,,,2021-03-28 00:09:21.221315,3,6,6080.0,6080.0,6080.0,6318.571428571428,392.9558317601174,0
Telangana,Nalgonda,Paddy(Dhan)(Common),2040.0,,,2021-03-29 00:09:21.221315,3,0,2060.0,2060.0,2040.0,2077.5714285714284,55.80877213860798,0
Telangana,Nalgonda,Paddy(Dhan)(Common),2040.0,,,2021-03-30 00:09:21.221315,3,1,2040.0,2060.0,2040.0,2074.714285714286,57.34897350349683,0
Telangana,Nalgonda,Paddy(Dhan)(Common),2060.0,,,2021-03-31 00:09:21.221315,3,2,2040.0,2203.0,2060.0,2054.285714285714,9.75900072948659,1
Telangana,Nalgonda,Paddy(Dhan)(Common),2060.0,,,2021-04-01 00:09:21.221315,4,3,2060.0,2060.0,2060.0,2054.285714285714,9.75900072948659,0
Telangana,Nalgonda,Paddy(Dhan)(Common),2060.0,,,2021-04-02 00:09:21.221315,4,4,2060.0,2060.0,2060.0,2054.285714285714,9.75900072948659,0
Telangana,Nalgonda,Paddy(Dhan)(Common),2060.0,,,2021-04-03 00:09:21.221315,4,5,2060.0,2060.0,2060.0,2054.285714285714,9.75900072948659,0
Telangana,Nalgonda,Paddy(Dhan)(Common),2060.0,,,2021-04-04 00:09:21.221315,4,6,2060.0,2060.0,2060.0,2054.285714285714,9.75900072948659,0
Telangana,Nalgonda,Paddy(Dhan)(Common),2060.0,,,2021-04-05 00:09:21.221315,4,0,2060.0,2040.0,2060.0,2057.1428571428573,7.55928946018622,0
Telangana,Nalgonda,Paddy(Dhan)(Common),2203.0,,,2021-04-06 00:09:21.221315,4,1,2060.0,2040.0,2203.0,2080.4285714285716,54.0489196403199,1
Telangana,Nalgonda,Paddy(Dhan)(Common),2180.0,,,2021-04-07 00:09:21.221315,4,2,2203.0,2060.0,2180.0,2097.5714285714284,64.50802829327344,0
Telangana,Nalgonda,Paddy(Dhan)(Common),2060.0,,,2021-04-08 00:09:21.221315,4,3,2180.0,2060.0,2060.0,2097.5714285714284,64.50802829327344,0
Telangana,Nalgonda,Paddy(Dhan)(Common),2060.0,,,2021-04-09 00:09:21.221315,4,4,2060.0,2060.0,2060.0,2097.5714285714284,64.50802829327344,0
Telangana,Nalgonda,Paddy(Dhan)(Common),2060.0,,,2021-04-10 00:09:21.221315,4,5,2060.0,2060.0,2060.0,2097.5714285714284,64.50802829327344,0
Telangana,Nizamabad,Paddy(Dhan)(Common),2060.0,,,2021-04-11 00:09:21.221315,4,6,2040.0,2060.0,2060.0,2046.6666666666667,10.327955589886445,1
Telangana,Nizamabad,Maize,1962.0,,,2021-04-12 00:09:21.221315,4,0,1962.0,1962.0,1962.0,1962.0,0.0,0
Telangana,Nizamabad,Paddy(Dhan)(Common),2040.0,,,2021-04-13 00:09:21.221315,4,1,2060.0,2040.0,2040.0,2045.7142857142858,9.759000729485338,0
Telangana,Nizamabad,Paddy(Dhan)(Common),2060.0,,,2021-04-14 00:09:21.221315,4,2,2040.0,2040.0,2060.0,2048.5714285714284,10.69044967649698,1
Telangana,Nizamabad,Maize,1962.0,,,2021-04-15 00:09:21.221315,4,3,1962.0,1962.0,1962.0,1962.0,0.0,0
Telangana,Nizamabad,Maize,1962.0,,,2021-04-16 00:09:21.221315,4,4,1962.0,1962.0,1962.0,1962.0,0.0,0
Telangana,Nizamabad,Cotton,6850.0,,,2021-04-17 00:09:21.221315,4,5,6850.0,6850.0,6850.0,6850.0,0.0,0
Telangana,Ranga Reddy,Paddy(Dhan)(Common),2000.0,,,2021-04-18 00:09:21.221315,4,6,2000.0,2000.0,2000.0,2020.0,34.64101615137755,0
Telangana,Warangal,Paddy(Dhan)(Common),2060.0,,,2021-04-19 00:09:21.221315,4,0,206.0,2060.0,2060.0,1133.0,1310.975972319859,1
Telangana,Warangal,Paddy(Dhan)(Common),206.0,,,2021-04-20 00:09:21.221315,4,1,2060.0,206.0,206.0,824.0,1070.4073990775662,0
Telangana,Warangal,Cotton,6200.0,,,2021-04-21 00:09:21.221315,4,2,6600.0,6200.0,6200.0,6333.333333333333,206.55911179772883,0
Telangana,Warangal,Cotton,6600.0,,,2021-04-22 00:09:21.221315,4,3,6200.0,6600.0,6600.0,6371.428571428572,213.80899352993944,1
Uttar Pradesh,Agra,Bajra(Pearl Millet/Cumbu),2000.0,,,2021-04-23 00:09:21.221315,4,4,2030.0,2000.0,2000.0,2015.0,21.213203435596427,0
Uttar Pradesh,Agra,Barley (Jau),2200.0,,,2021-04-24 00:09:21.221315,4,5,2240.0,2200.0,2200.0,2220.0,28.284271247461902,0
Uttar Pradesh,Agra,Mustard,5450.0,,,2021-04-25 00:09:21.221315,4,6,5450.0,5450.0,5450.0,5450.0,0.0,0
Uttar Pradesh,Agra,Wheat,2260.0,,,2021-04-26 00:09:21.221315,4,0,2270.0,2260.0,2260.0,2265.0,7.0710678118654755,0
Uttar Pradesh,Agra,Arhar (Tur/Red Gram)(Whole),8850.0,,,2021-04-27 00:09:21.221315,4,1,8850.0,8850.0,8850.0,8850.0,0.0,0
Uttar Pradesh,Agra,Arhar Dal(Tur Dal),12950.0,,,2021-04-28 00:09:21.221315,4,2,12950.0,12950.0,12950.0,12950.0,0.0,0
Uttar Pradesh,Agra,Bajra(Pearl Millet/Cumbu),2080.0,,,2021-04-29 00:09:21.221315,4,3,2000.0,2080.0,2080.0,2036.6666666666667,40.41451884327377,1
Uttar Pradesh,Agra,Barley (Jau),2230.0,,,2021-04-30 00:09:21.221315,4,4,2200.0,2230.0,2230.0,2223.3333333333335,20.816659994661308,1
Uttar Pradesh,Agra,Bengal Gram Dal (Chana Dal),6520.0,,,2021-05-01 00:09:21.221315,5,5,6520.0,6520.0,6520.0,6520.0,0.0,0
Uttar Pradesh,Agra,Bengal Gram(Gram)(Whole),5560.0,,,2021-05-02 00:09:21.221315,5,6,5560.0,5560.0,5560.0,5560.0,0.0,0
Uttar Pradesh,Agra,Black Gram (Urd Beans)(Whole),8040.0,,,2021-05-03 00:09:21.221315,5,0,8040.0,8040.0,8040.0,8040.0,0.0,0
Uttar Pradesh,Agra,Black Gram Dal (Urd Dal),9550.0,,,2021-05-04 00:09:21.221315,5,1,9550.0,9550.0,9550.0,9550.0,0.0,0
Uttar Pradesh,Agra,Mustard,5500.0,,,2021-05-05 00:09:21.221315,5,2,5450.0,5500.0,5500.0,5475.0,35.35533905932738,1
Uttar Pradesh,Agra,Wheat,2290.0,,,2021-05-06 00:09:21.221315,5,3,2260.0,2290.0,2290.0,2273.3333333333335,15.275252316519405,1
Uttar Pradesh,Agra,Bajra(Pearl Millet/Cumbu),2350.0,,,2021-05-07 00:09:21.221315,5,4,2080.0,2350.0,2350.0,2115.0,160.10413278030435,1
Uttar Pradesh,Agra,Mustard,5450.0,,,2021-05-08 00:09:21.221315,5,5,5500.0,5450.0,5450.0,5466.666666666667,28.867513459481355,0
Uttar Pradesh,Agra,Bajra(Pearl Millet/Cumbu),2000.0,,,2021-05-09 00:09:21.221315,5,6,2350.0,2000.0,2000.0,2092.0,147.88509052639483,0
Uttar Pradesh,Aligarh,Arhar (Tur/Red Gram)(Whole),8600.0,,,2021-05-10 00:09:21.221315,5,0,8300.0,8600.0,8600.0,8450.0,212.13203435596427,1
Uttar Pradesh,Aligarh,Bajra(Pearl Millet/Cumbu),2100.0,,,2021-05-11 00:09:21.221315,5,1,2120.0,2100.0,2100.0,2125.0,19.148542155126822,0
Uttar Pradesh,Aligarh,Barley (Jau),2230.0,,,2021-05-12 00:09:21.221315,5,2,2230.0,2230.0,2230.0,2230.0,0.0,0
Uttar Pradesh,Aligarh,Bengal Gram(Gram)(Whole),5560.0,,,2021-05-13 00:09:21.221315,5,3,5560.0,5560.0,5560.0,5560.0,0.0,0
Uttar Pradesh,Aligarh,Green Gram (Moong)(Whole),7760.0,,,2021-05-14 00:09:21.221315,5,4,7760.0,7760.0,7760.0,7760.0,0.0,0
Uttar Pradesh,Aligarh,Lentil (Masur)(Whole),7000.0,,,2021-05-15 00:09:21.221315,5,5,6960.0,7000.0,7000.0,6980.0,28.284271247461902,1
Uttar Pradesh,Aligarh,Maize,1980.0,,,2021-05-16 00:09:21.221315,5,6,1980.0,1980.0,1980.0,1893.3333333333333,150.0222205763755,0
Uttar Pradesh,Aligarh,Mustard,5450.0,,,2021-05-17 00:09:21.221315,5,0,5450.0,5450.0,5450.0,5450.0,0.0,0
Uttar Pradesh,Aligarh,Mustard Oil,12850.0,,,2021-05-18 00:09:21.221315,5,1,12800.0,12850.0,12850.0,12812.5,25.0,1
Uttar Pradesh,Aligarh,Paddy(Dhan)(Basmati),3020.0,,,2021-05-19 00:09:21.221315,5,2,3050.0,3020.0,3020.0,3035.0,21.213203435596427,0
Uttar Pradesh,Aligarh,Wheat,2235.0,,,2021-05-20 00:09:21.221315,5,3,2240.0,2235.0,2235.0,2207.5,44.69339996017308,0
Uttar Pradesh,Aligarh,Bajra(Pearl Millet/Cumbu),1600.0,,,2021-05-21 00:09:21.221315,5,4,2100.0,1600.0,1600.0,2020.0,235.3720459187964,0
Uttar Pradesh,Aligarh,Maize,1700.0,,,2021-05-22 00:09:21.221315,5,5,1980.0,1700.0,1700.0,1865.7142857142858,155.22640914238173,0
Uttar Pradesh,Aligarh,Wheat,2150.0,,,2021-05-23 00:09:21.221315,5,6,2235.0,2150.0,2150.0,2199.285714285714,46.22666721606438,0
Uttar Pradesh,Aligarh,Arhar Dal(Tur Dal),12500.0,,,2021-05-24 00:09:21.221315,5,0,12500.0,12500.0,12500.0,12500.0,0.0,0
Uttar Pradesh,Aligarh,Bajra(Pearl Millet/Cumbu),2100.0,,,2021-05-25 00:09:21.221315,5,1,1600.0,2100.0,2100.0,2033.3333333333333,213.0414670120976,1
Uttar Pradesh,Aligarh,Black Gram Dal (Urd Dal),9500.0,,,2021-05-26 00:09:21.221315,5,2,9500.0,9500.0,9500.0,9500.0,0.0,0
Uttar Pradesh,Aligarh,Maize,1970.0,,,2021-05-27 00:09:21.221315,5,3,1700.0,2000.0,1970.0,1861.4285714285713,151.26451130702262,1
Uttar Pradesh,Aligarh,Mustard,5450.0,,,2021-05-28 00:09:21.221315,5,4,5450.0,5450.0,5450.0,5450.0,0.0,0
Uttar Pradesh,Aligarh,Mustard Oil,12800.0,,,2021-05-29 00:09:21.221315,5,5,12850.0,12800.0,12800.0,12810.0,22.360679774997898,0
Uttar Pradesh,Aligarh,Wheat,2230.0,,,2021-05-30 00:09:21.221315,5,6,2150.0,2240.0,2230.0,2197.8571428571427,44.894055179680414,1
Uttar Pradesh,Allahabad,Wheat,2250.0,,,2021-05-31 00:09:21.221315,5,0,2275.0,2250.0,2250.0,2262.5,21.01586702153082,0
Uttar Pradesh,Allahabad,Bengal Gram(Gram)(Whole),5360.0,,,2021-06-01 00:09:21.221315,6,1,5365.0,5360.0,5360.0,5362.5,3.5355339059327378,0
Uttar Pradesh,Allahabad,Mustard,5460.0,,,2021-06-02 00:09:21.221315,6,2,5460.0,5460.0,5460.0,5460.0,0.0,0
Uttar Pradesh,Allahabad,Wheat,2360.0,,,2021-06-03 00:09:21.221315,6,3,2250.0,2360.0,2360.0,2282.0,47.2493386197098,1
Uttar Pradesh,Ambedkarnagar,Arhar Dal(Tur Dal),12850.0,,,2021-06-04 00:09:21.221315,6,4,12850.0,12850.0,12850.0,12850.0,0.0,0
Uttar Pradesh,Ambedkarnagar,Bengal Gram Dal (Chana Dal),6050.0,,,2021-06-05 00:09:21.221315,6,5,6050.0,6050.0,6050.0,6050.0,0.0,0
Uttar Pradesh,Ambedkarnagar,Bengal Gram(Gram)(Whole),5570.0,,,2021-06-06 00:09:21.221315,6,6,5570.0,5570.0,5570.0,5570.0,0.0,0
Uttar Pradesh,Ambedkarnagar,Lentil (Masur)(Whole),6880.0,,,2021-06-07 00:09:21.221315,6,0,6880.0,6880.0,6880.0,6880.0,0.0,0
Uttar Pradesh,Ambedkarnagar,Mustard,5480.0,,,2021-06-08 00:09:21.221315,6,1,5480.0,5480.0,5480.0,5480.0,0.0,0
Uttar Pradesh,Ambedkarnagar,Mustard Oil,14500.0,,,2021-06-09 00:09:21.221315,6,2,14500.0,14500.0,14500.0,14500.0,0.0,0
Uttar Pradesh,Ambedkarnagar,Wheat,2270.0,,,2021-06-10 00:09:21.221315,6,3,2270.0,2270.0,2270.0,2270.0,0.0,0
Uttar Pradesh,Auraiya,Arhar Dal(Tur Dal),13000.0,,,2021-06-11 00:09:21.221315,6,4,13000.0,13000.0,13000.0,12983.333333333334,28.867513459481156,0
Uttar Pradesh,Auraiya,Bajra(Pearl Millet/Cumbu),2350.0,,,2021-06-12 00:09:21.221315,6,5,2350.0,2350.0,2350.0,2350.0,0.0,0
Uttar Pradesh,Auraiya,Bengal Gram(Gram)(Whole),5450.0,,,2021-06-13 00:09:21.221315,6,6,5450.0,5450.0,5450.0,5426.666666666667,40.41451884327374,0
Uttar Pradesh,Auraiya,Maize,1750.0,,,2021-06-14 00:09:21.221315,6,0,1740.0,1750.0,1750.0,1751.6666666666667,12.58305739211792,1
Uttar Pradesh,Auraiya,Mustard,5450.0,,,2021-06-15 00:09:21.221315,6,1,5450.0,5450.0,5450.0,5390.0,103.92304845413264,0
Uttar Pradesh,Auraiya,Mustard Oil,12400.0,,,2021-06-16 00:09:21.221315,6,2,12400.0,12400.0,12400.0,12416.666666666666,28.867513459481156,0
Uttar Pradesh,Auraiya,Wheat,2250.0,,,2021-06-17 00:09:21.221315,6,3,2250.0,2250.0,2250.0,2247.5,5.000000000000038,0
Uttar Pradesh,Badaun,Wheat,2290.0,,,2021-06-18 00:09:21.221315,6,4,2260.0,2290.0,2290.0,2285.0,26.457513110645934,1
Uttar Pradesh,Badaun,Bengal Gram(Gram)(Whole),5840.0,,,2021-06-19 00:09:21.221315,6,5,5840.0,5840.0,5840.0,5840.0,0.0,0
Uttar Pradesh,Badaun,Lentil (Masur)(Whole),6885.0,,,2021-06-20 00:09:21.221315,6,6,6880.0,6885.0,6885.0,6882.5,3.5355339059327378,1
Uttar Pradesh,Badaun,Maize,1760.0,,,2021-06-21 00:09:21.221315,6,0,1680.0,1760.0,1760.0,1710.8333333333333,84.9950978978592,1
Uttar Pradesh,Badaun,Wheat,2320.0,,,2021-06-22 00:09:21.221315,6,1,2290.0,2320.0,2320.0,2292.0,27.748873851023237,1
Uttar Pradesh,Bahraich,Arhar Dal(Tur Dal),13100.0,,,2021-06-23 00:09:21.221315,6,2,13100.0,13100.0,13100.0,13066.666666666666,57.73502691896271,0
Uttar Pradesh,Bahraich,Bengal Gram(Gram)(Whole),5615.0,,,2021-06-24 00:09:21.221315,6,3,5640.0,5615.0,5615.0,5627.5,17.67766952966369,0
Uttar Pradesh,Bahraich,Black Gram (Urd Beans)(Whole),8720.0,,,2021-06-25 00:09:21.221315,6,4,8750.0,8720.0,8720.0,8735.0,21.213203435596427,0
Uttar Pradesh,Bahraich,Green Gram (Moong)(Whole),8470.0,,,2021-06-26 00:09:21.221315,6,5,8470.0,8470.0,8470.0,8470.0,0.0,0
Uttar Pradesh,Bahraich,Lentil (Masur)(Whole),7020.0,,,2021-06-27 00:09:21.221315,6,6,7000.0,7020.0,7020.0,7010.0,14.142135623730951,1
Uttar Pradesh,Bahraich,Maize,2000.0,,,2021-06-28 00:09:21.221315,6,0,2000.0,2000.0,2000.0,2000.0,0.0,0
Uttar Pradesh,Bahraich,Mustard,5475.0,,,2021-06-29 00:09:21.221315,6,1,5475.0,5475.0,5475.0,5475.0,0.0,0
Uttar Pradesh,Bahraich,Mustard Oil,14250.0,,,2021-06-30 00:09:21.221315,6,2,14250.0,14250.0,14250.0,14250.0,0.0,0
Uttar Pradesh,Bahraich,Wheat,2295.0,,,2021-07-01 00:09:21.221315,7,3,2290.0,2295.0,2295.0,2291.6666666666665,2.8867513459481944,1
Uttar Pradesh,Bahraich,Arhar Dal(Tur Dal),13100.0,,,2021-07-02 00:09:21.221315,7,4,13100.0,13100.0,13100.0,13075.0,50.00000000000015,0
Uttar Pradesh,Bahraich,Bengal Gram Dal (Chana Dal),6100.0,,,2021-07-03 00:09:21.221315,7,5,6150.0,6100.0,6100.0,6125.0,35.35533905932738,0
Uttar Pradesh,Bahraich,Bengal Gram(Gram)(Whole),5620.0,,,2021-07-04 00:09:21.221315,7,6,5615.0,5620.0,5620.0,5625.0,13.228756555322953,1
Uttar Pradesh,Bahraich,Black Gram (Urd Beans)(Whole),8720.0,,,2021-07-05 00:09:21.221315,7,0,8720.0,8720.0,8720.0,8730.0,17.320508075688775,0
Uttar Pradesh,Bahraich,Black Gram Dal (Urd Dal),9500.0,,,2021-07-06 00:09:21.221315,7,1,9500.0,9500.0,9500.0,9500.0,0.0,0
Uttar Pradesh,Bahraich,Lentil (Masur)(Whole),7020.0,,,2021-07-07 00:09:21.221315,7,2,7020.0,7020.0,7020.0,7013.333333333333,11.54700538379258,0
Uttar Pradesh,Bahraich,Maize,2000.0,,,2021-07-08 00:09:21.221315,7,3,2000.0,2000.0,2000.0,2000.0,0.0,0
Uttar Pradesh,Bahraich,Mustard Oil,14250.0,,,2021-07-09 00:09:21.221315,7,4,14250.0,14250.0,14250.0,14250.0,0.0,0
Uttar Pradesh,Bahraich,Wheat,2290.0,,,2021-07-10 00:09:21.221315,7,5,2295.0,2290.0,2290.0,2291.25,2.5000000000000377,0
Uttar Pradesh,Bahraich,Maize,2010.0,,,2021-07-11 00:09:21.221315,7,6,2000.0,2010.0,2010.0,2002.5,5.0,1
Uttar Pradesh,Bahraich,Paddy(Dhan)(Common),1840.0,,,2021-07-12 00:09:21.221315,7,0,1840.0,1840.0,1840.0,1840.0,0.0,0
Uttar Pradesh,Balrampur,Arhar Dal(Tur Dal),13000.0,,,2021-07-13 00:09:21.221315,7,1,13000.0,13000.0,13000.0,13025.0,50.00000000000015,0
Uttar Pradesh,Balrampur,Bengal Gram(Gram)(Whole),5600.0,,,2021-07-14 00:09:21.221315,7,2,5600.0,5600.0,5600.0,5608.333333333333,14.433756729740578,0
Uttar Pradesh,Balrampur,Black Gram (Urd Beans)(Whole),8700.0,,,2021-07-15 00:09:21.221315,7,3,8750.0,8700.0,8700.0,8725.0,35.35533905932738,0
Uttar Pradesh,Balrampur,Lentil (Masur)(Whole),7000.0,,,2021-07-16 00:09:21.221315,7,4,7020.0,7000.0,7000.0,7006.666666666667,11.54700538379258,0
Uttar Pradesh,Balrampur,Maize,2010.0,,,2021-07-17 00:09:21.221315,7,5,2015.0,2010.0,2010.0,2012.5,3.5355339059327378,0
Uttar Pradesh,Balrampur,Mustard,5500.0,,,2021-07-18 00:09:21.221315,7,6,5500.0,5500.0,5500.0,5495.0,8.660254037844387,0
Uttar Pradesh,Balrampur,Wheat,2280.0,,,2021-07-19 00:09:21.221315,7,0,2300.0,2280.0,2280.0,2293.3333333333335,11.54700538379258,0
Uttar Pradesh,Banda,Bengal Gram(Gram)(Whole),5030.0,,,2021-07-20 00:09:21.221315,7,1,4950.0,5030.0,5030.0,4990.0,56.568542494923804,1
Uttar Pradesh,Banda,Lentil (Masur)(Whole),5500.0,,,2021-07-21 00:09:21.221315,7,2,5560.0,5500.0,5500.0,5530.0,42.42640687119285,0
Uttar Pradesh,Barabanki,Arhar Dal(Tur Dal),13150.0,,,2021-07-22 00:09:21.221315,7,3,13250.0,13150.0,13150.0,13213.333333333334,55.07570547286128,0
Uttar Pradesh,Barabanki,Bengal Gram Dal (Chana Dal),6000.0,,,2021-07-23 00:09:21.221315,7,4,6250.0,6000.0,6000.0,6156.666666666667,136.50396819628858,0
Uttar Pradesh,Barabanki,Black Gram (Urd Beans)(Whole),8150.0,,,2021-07-24 00:09:21.221315,7,5,8150.0,8150.0,8150.0,8150.0,0.0,0
Uttar Pradesh,Barabanki,Lentil (Masur)(Whole),7000.0,,,2021-07-25 00:09:21.221315,7,6,6850.0,7000.0,7000.0,6893.333333333333,92.91573243177582,1
Uttar Pradesh,Bareilly,Arhar Dal(Tur Dal),9975.0,,,2021-07-26 00:09:21.221315,7,0,9975.0,9975.0,9975.0,9975.0,0.0,0
Uttar Pradesh,Bareilly,Black Gram Dal (Urd Dal),9300.0,,,2021-07-27 00:09:21.221315,7,1,9300.0,9300.0,9300.0,9300.0,0.0,0
Uttar Pradesh,Bareilly,Mustard,5450.0,,,2021-07-28 00:09:21.221315,7,2,5450.0,5450.0,5450.0,5450.0,0.0,0
Uttar Pradesh,Bareilly,Wheat,2350.0,,,2021-07-29 00:09:21.221315,7,3,2340.0,2350.0,2350.0,2346.6666666666665,5.77350269189629,1
Uttar Pradesh,Bareilly,Paddy(Dhan)(Common),2465.0,,,2021-07-30 00:09:21.221315,7,4,2465.0,2465.0,2465.0,2465.0,0.0,0
Uttar Pradesh,Bulandshahar,Bajra(Pearl Millet/Cumbu),1850.0,,,2021-07-31 00:09:21.221315,7,5,1850.0,1850.0,1850.0,1850.0,0.0,0
Uttar Pradesh,Bulandshahar,Barley (Jau),1740.0,,,2021-08-01 00:09:21.221315,8,6,1750.0,1740.0,1740.0,1746.6666666666667,5.77350269189629,0
Uttar Pradesh,Bulandshahar,Maize,1700.0,,,2021-08-02 00:09:21.221315,8,0,1700.0,1700.0,1700.0,1851.5714285714287,237.9018405020981,0
Uttar Pradesh,Bulandshahar,Wheat,2200.0,,,2021-08-03 00:09:21.221315,8,1,2150.0,2200.0,2200.0,2214.285714285714,58.625120570492264,1
Uttar Pradesh,Bulandshahar,Paddy(Dhan)(Basmati),3000.0,,,2021-08-04 00:09:21.221315,8,2,3101.0,3000.0,3000.0,2982.4,110.42327653171681,0
Uttar Pradesh,Bulandshahar,Maize,1560.0,,,2021-08-05 00:09:21.221315,8,3,1700.0,1700.0,1560.0,1831.5714285714287,257.8189656476402,0
Uttar Pradesh,Bulandshahar,Wheat,2280.0,,,2021-08-06 00:09:21.221315,8,4,2200.0,2150.0,2280.0,2232.8571428571427,55.36674263920704,1
Uttar Pradesh,Chitrakut,Barley (Jau),1780.0,,,2021-08-07 00:09:21.221315,8,5,1780.0,1780.0,1780.0,1780.0,0.0,0
Uttar Pradesh,Chitrakut,Bengal Gram(Gram)(Whole),5020.0,,,2021-08-08 00:09:21.221315,8,6,5020.0,5020.0,5020.0,5020.0,0.0,0
Uttar Pradesh,Chitrakut,Wheat,2200.0,,,2021-08-09 00:09:21.221315,8,0,2200.0,2200.0,2200.0,2200.0,0.0,0
Uttar Pradesh,Etah,Arhar (Tur/Red Gram)(Whole),8390.0,,,2021-08-10 00:09:21.221315,8,1,6850.0,8390.0,8390.0,7873.333333333333,886.2467677421077,1
Uttar Pradesh,Etah,Arhar Dal(Tur Dal),12650.0,,,2021-08-11 00:09:21.221315,8,2,10010.0,12650.0,12650.0,11330.0,1866.7619023324855,1
Uttar Pradesh,Etah,Bajra(Pearl Millet/Cumbu),2120.0,,,2021-08-12 00:09:21.221315,8,3,2190.0,2120.0,2120.0,2043.3333333333333,141.62156144693034,0
Uttar Pradesh,Etah,Bengal Gram(Gram)(Whole),5540.0,,,2021-08-13 00:09:21.221315,8,4,5570.0,5540.0,5540.0,5555.0,21.213203435596427,0
Uttar Pradesh,Etah,Maize,1970.0,,,2021-08-14 00:09:21.221315,8,5,1850.0,1970.0,1970.0,1821.6666666666667,158.16657885491063,1
Uttar Pradesh,Etah,Mustard,5450.0,,,2021-08-15 00:09:21.221315,8,6,5450.0,5450.0,5450.0,5450.0,0.0,0
Uttar Pradesh,Etah,Wheat,2150.0,,,2021-08-16 00:09:21.221315,8,0,2260.0,2150.0,2150.0,2216.0,55.94640292279748,0
Uttar Pradesh,Etawah,Maize,1750.0,,,2021-08-17 00:09:21.221315,8,1,1750.0,1750.0,1750.0,1750.0,0.0,0
Uttar Pradesh,Faizabad,Bengal Gram(Gram)(Whole),5660.0,,,2021-08-18 00:09:21.221315,8,2,5670.0,5660.0,5660.0,5665.0,7.0710678118654755,0
Uttar Pradesh,Faizabad,Lentil (Masur)(Whole),6850.0,,,2021-08-19 00:09:21.221315,8,3,6850.0,6850.0,6850.0,6850.0,0.0,0
Uttar Pradesh,Faizabad,Maize,2050.0,,,2021-08-20 00:09:21.221315,8,4,2070.0,2050.0,2050.0,2060.0,14.142135623730951,0
Uttar Pradesh,Faizabad,Mustard,5575.0,,,2021-08-21 00:09:21.221315,8,5,5575.0,5575.0,5575.0,5575.0,0.0,0
Uttar Pradesh,Faizabad,Paddy(Dhan)(Common),1960.0,,,2021-08-22 00:09:21.221315,8,6,1975.0,1960.0,1960.0,1967.5,10.606601717798213,0
Uttar Pradesh,Faizabad,Wheat,2275.0,,,2021-08-23 00:09:21.221315,8,0,2270.0,2275.0,2275.0,2272.5,3.5355339059327378,1
Uttar Pradesh,Farukhabad,Bengal Gram(Gram)(Whole),5465.0,,,2021-08-24 00:09:21.221315,8,1,5400.0,5465.0,5465.0,5443.333333333333,37.52776749732574,1
Uttar Pradesh,Farukhabad,Maize,1685.0,,,2021-08-25 00:09:21.221315,8,2,1800.0,1685.0,1685.0,1755.0,58.30951894845301,0
Uttar Pradesh,Farukhabad,Mustard,5450.0,,,2021-08-26 00:09:21.221315,8,3,5450.0,5450.0,5450.0,5450.0,0.0,0
Uttar Pradesh,Farukhabad,Wheat,2300.0,,,2021-08-27 00:09:21.221315,8,4,2290.0,2300.0,2300.0,2286.25,11.086778913041785,1
Uttar Pradesh,Farukhabad,Maize,1810.0,,,2021-08-28 00:09:21.221315,8,5,1685.0,1810.0,1810.0,1764.1666666666667,56.78174589308316,1
Uttar Pradesh,Farukhabad,Arhar Dal(Tur Dal),12900.0,,,2021-08-29 00:09:21.221315,8,6,12950.0,12900.0,12900.0,12925.0,35.35533905932738,0
Uttar Pradesh,Farukhabad,Bengal Gram Dal (Chana Dal),6150.0,,,2021-08-30 00:09:21.221315,8,0,6175.0,6150.0,6150.0,6162.5,17.67766952966369,0
Uttar Pradesh,Farukhabad,Bengal Gram(Gram)(Whole),5400.0,,,2021-08-31 00:09:21.221315,8,1,5465.0,5400.0,5400.0,5432.5,37.52776749732568,0
Uttar Pradesh,Farukhabad,Black Gram Dal (Urd Dal),8650.0,,,2021-09-01 00:09:21.221315,9,2,8600.0,8650.0,8650.0,8625.0,35.35533905932738,1
Uttar Pradesh,Farukhabad,Green Gram Dal (Moong Dal),8800.0,,,2021-09-02 00:09:21.221315,9,3,8825.0,8800.0,8800.0,8812.5,17.67766952966369,0
Uttar Pradesh,Farukhabad,Maize,1750.0,,,2021-09-03 00:09:21.221315,9,4,1810.0,1750.0,1750.0,1762.142857142857,52.11023114970985,0
Uttar Pradesh,Farukhabad,Mustard,5450.0,,,2021-09-04 00:09:21.221315,9,5,5450.0,5450.0,5450.0,5450.0,0.0,0
Uttar Pradesh,Farukhabad,Mustard Oil,12375.0,,,2021-09-05 00:09:21.221315,9,6,12375.0,12375.0,12375.0,12375.0,0.0,0
Uttar Pradesh,Farukhabad,Wheat,2270.0,,,2021-09-06 00:09:21.221315,9,0,2300.0,2270.0,2270.0,2283.0,12.041594578792337,0
Uttar Pradesh,Farukhabad,Maize,1700.0,,,2021-09-07 00:09:21.221315,9,1,1750.0,1700.0,1700.0,1762.142857142857,52.11023114970985,0
Uttar Pradesh,Farukhabad,Wheat,2280.0,,,2021-09-08 00:09:21.221315,9,2,2270.0,2280.0,2280.0,2282.5,10.839741694339436,1
Uttar Pradesh,Fatehpur,Arhar Dal(Tur Dal),12955.0,,,2021-09-09 00:09:21.221315,9,3,12950.0,12955.0,12955.0,12945.0,13.228756555322953,1
Uttar Pradesh,Fatehpur,Bengal Gram Dal (Chana Dal),6055.0,,,2021-09-10 00:09:21.221315,9,4,6055.0,6055.0,6055.0,6055.0,0.0,0
Uttar Pradesh,Fatehpur,Bengal Gram(Gram)(Whole),5345.0,,,2021-09-11 00:09:21.221315,9,5,5345.0,5345.0,5345.0,5260.0,201.3392659170088,0
Uttar Pradesh,Fatehpur,Black Gram Dal (Urd Dal),8625.0,,,2021-09-12 00:09:21.221315,9,6,8600.0,8625.0,8625.0,8612.5,17.67766952966369,1
Uttar Pradesh,Fatehpur,Green Gram Dal (Moong Dal),8860.0,,,2021-09-13 00:09:21.221315,9,0,8860.0,8860.0,8860.0,8860.0,0.0,0
Uttar Pradesh,Fatehpur,Lentil (Masur)(Whole),6370.0,,,2021-09-14 00:09:21.221315,9,1,6360.0,6370.0,6370.0,6120.0,480.06943942170136,1
Uttar Pradesh,Fatehpur,Mustard,5455.0,,,2021-09-15 00:09:21.221315,9,2,5225.0,5455.0,5455.0,5408.0,102.32301793829181,1
Uttar Pradesh,Fatehpur,Mustard Oil,12515.0,,,2021-09-16 00:09:21.221315,9,3,12500.0,12515.0,12515.0,12465.0,73.9932429347437,1
Uttar Pradesh,Fatehpur,Wheat,2250.0,,,2021-09-17 00:09:21.221315,9,4,2260.0,2250.0,2250.0,2243.3333333333335,21.602468994692888,0
Uttar Pradesh,Fatehpur,Lentil (Masur)(Whole),5400.0,,,2021-09-18 00:09:21.221315,9,5,6370.0,5400.0,5400.0,5976.0,525.8611984164642,0
Uttar Pradesh,Fatehpur,Wheat,2200.0,,,2021-09-19 00:09:21.221315,9,6,2250.0,2200.0,2200.0,2237.1428571428573,25.63479777846629,0
Uttar Pradesh,Firozabad,Arhar (Tur/Red Gram)(Whole),8900.0,,,2021-09-20 00:09:21.221315,9,0,8780.0,8900.0,8900.0,8840.0,84.8528137423857,1
Uttar Pradesh,Firozabad,Bajra(Pearl Millet/Cumbu),1875.0,,,2021-09-21 00:09:21.221315,9,1,1900.0,1875.0,1875.0,1898.3333333333333,22.54624876411444,0
Uttar Pradesh,Firozabad,Barley (Jau),2180.0,,,2021-09-22 00:09:21.221315,9,2,2180.0,2180.0,2180.0,2180.0,0.0,0
Uttar Pradesh,Firozabad,Maize,2000.0,,,2021-09-23 00:09:21.221315,9,3,1700.0,2000.0,2000.0,1905.0,177.69355643916862,1
Uttar Pradesh,Firozabad,Wheat,2270.0,,,2021-09-24 00:09:21.221315,9,4,2270.0,2270.0,2270.0,2270.0,0.0,0
Uttar Pradesh,Firozabad,Maize,1700.0,,,2021-09-25 00:09:21.221315,9,5,2000.0,1700.0,1700.0,1853.75,177.64078923490516,0
Uttar Pradesh,Firozabad,Bajra(Pearl Millet/Cumbu),1900.0,,,2021-09-26 00:09:21.221315,9,6,1875.0,1900.0,1900.0,1898.75,18.42778698957996,1
Uttar Pradesh,Firozabad,Maize,2025.0,,,2021-09-27 00:09:21.221315,9,0,1700.0,2025.0,2025.0,1888.0,171.85022548719567,1
Uttar Pradesh,Firozabad,Wheat,2285.0,,,2021-09-28 00:09:21.221315,9,1,2270.0,2285.0,2285.0,2275.0,8.660254037844387,1
Uttar Pradesh,Firozabad,Bajra(Pearl Millet/Cumbu),1695.0,,,2021-09-29 00:09:21.221315,9,2,1900.0,1695.0,1695.0,1858.0,92.50675650999769,0
Uttar Pradesh,Firozabad,Barley (Jau),2100.0,,,2021-09-30 00:09:21.221315,9,3,2180.0,2100.0,2100.0,2153.3333333333335,46.18802153517013,0
Uttar Pradesh,Firozabad,Mustard,5100.0,,,2021-10-01 00:09:21.221315,10,4,5100.0,5100.0,5100.0,5100.0,0.0,0
Uttar Pradesh,Firozabad,Wheat,2240.0,,,2021-10-02 00:09:21.221315,10,5,2285.0,2240.0,2240.0,2266.25,18.874586088176873,0
Uttar Pradesh,Ghaziabad,Arhar (Tur/Red Gram)(Whole),9500.0,,,2021-10-03 00:09:21.221315,10,6,9500.0,9500.0,9500.0,9500.0,0.0,0
Uttar Pradesh,Ghaziabad,Arhar Dal(Tur Dal),13500.0,,,2021-10-04 00:09:21.221315,10,0,13500.0,13500.0,13500.0,13333.333333333334,288.67513459481273,0
Uttar Pradesh,Ghaziabad,Barley (Jau),2250.0,,,2021-10-05 00:09:21.221315,10,1,2250.0,2250.0,2250.0,2250.0,0.0,0
Uttar Pradesh,Ghaziabad,Bengal Gram(Gram)(Whole),6000.0,,,2021-10-06 00:09:21.221315,10,2,6000.0,6000.0,6000.0,5933.333333333333,115.47005383792522,0
Uttar Pradesh,Ghaziabad,Black Gram (Urd Beans)(Whole),8800.0,,,2021-10-07 00:09:21.221315,10,3,8800.0,8800.0,8800.0,8800.0,0.0,0
Uttar Pradesh,Ghaziabad,Black Gram Dal (Urd Dal),9600.0,,,2021-10-08 00:09:21.221315,10,4,9600.0,9600.0,9600.0,9600.0,0.0,0
Uttar Pradesh,Ghaziabad,Green Gram Dal (Moong Dal),9600.0,,,2021-10-09 00:09:21.221315,10,5,9600.0,9600.0,9600.0,9600.0,0.0,0
Uttar Pradesh,Ghaziabad,Maize,2130.0,,,2021-10-10 00:09:21.221315,10,6,2130.0,2130.0,2130.0,2130.0,0.0,0
Uttar Pradesh,Ghaziabad,Mustard,5450.0,,,2021-10-11 00:09:21.221315,10,0,5450.0,5450.0,5450.0,5450.0,0.0,0
Uttar Pradesh,Ghaziabad,Mustard Oil,12100.0,,,2021-10-12 00:09:21.221315,10,1,12100.0,12100.0,12100.0,12100.0,0.0,0
Uttar Pradesh,Ghaziabad,Wheat,2260.0,,,2021-10-13 00:09:21.221315,10,2,2260.0,2260.0,2260.0,2256.6666666666665,5.77350269189629,0
Uttar Pradesh,Ghaziabad,Bengal Gram Dal (Chana Dal),6570.0,,,2021-10-14 00:09:21.221315,10,3,6500.0,6570.0,6570.0,6535.0,49.49747468305833,1
Uttar Pradesh,Ghaziabad,Black Gram Dal (Urd Dal),9550.0,,,2021-10-15 00:09:21.221315,10,4,9600.0,9550.0,9550.0,9587.5,25.0,0
Uttar Pradesh,Ghazipur,Arhar Dal(Tur Dal),13000.0,,,2021-10-16 00:09:21.221315,10,5,13000.0,13000.0,13000.0,13000.0,0.0,0
Uttar Pradesh,Ghazipur,Barley (Jau),2170.0,,,2021-10-17 00:09:21.221315,10,6,2170.0,2170.0,2170.0,2170.0,0.0,0
Uttar Pradesh,Ghazipur,Bengal Gram Dal (Chana Dal),6400.0,,,2021-10-18 00:09:21.221315,10,0,6400.0,6400.0,6400.0,6400.0,0.0,0
Uttar Pradesh,Ghazipur,Bengal Gram(Gram)(Whole),5710.0,,,2021-10-19 00:09:21.221315,10,1,5710.0,5710.0,5710.0,5710.0,0.0,0
Uttar Pradesh,Ghazipur,Black Gram Dal (Urd Dal),9500.0,,,2021-10-20 00:09:21.221315,10,2,9500.0,9500.0,9500.0,9500.0,0.0,0
Uttar Pradesh,Ghazipur,Lentil (Masur)(Whole),6810.0,,,2021-10-21 00:09:21.221315,10,3,6810.0,6810.0,6810.0,6810.0,0.0,0
Uttar Pradesh,Ghazipur,Mustard,5470.0,,,2021-10-22 00:09:21.221315,10,4,5470.0,5470.0,5470.0,5470.0,0.0,0
Uttar Pradesh,Ghazipur,Mustard Oil,13150.0,,,2021-10-23 00:09:21.221315,10,5,13140.0,13150.0,13150.0,13145.0,7.0710678118654755,1
Uttar Pradesh,Ghazipur,Wheat,2280.0,,,2021-10-24 00:09:21.221315,10,6,2280.0,2280.0,2280.0,2280.0,0.0,0
Uttar Pradesh,Hardoi,Bengal Gram(Gram)(Whole),5640.0,,,2021-10-25 00:09:21.221315,10,0,5650.0,5640.0,5640.0,5645.0,5.773502691896258,0
Uttar Pradesh,Hardoi,Lentil (Masur)(Whole),6800.0,,,2021-10-26 00:09:21.221315,10,1,6780.0,6800.0,6800.0,6790.0,14.142135623730951,1
Uttar Pradesh,Hardoi,Maize,2025.0,,,2021-10-27 00:09:21.221315,10,2,2020.0,2025.0,2025.0,2028.75,8.539125638299666,1
Uttar Pradesh,Hardoi,Mustard,5470.0,,,2021-10-28 00:09:21.221315,10,3,5480.0,5470.0,5470.0,5475.0,7.0710678118654755,0
Uttar Pradesh,Hardoi,Paddy(Dhan)(Common),2040.0,,,2021-10-29 00:09:21.221315,10,4,2040.0,2040.0,2040.0,2042.5,4.999999999999981,0
Uttar Pradesh,Hardoi,Wheat,2270.0,,,2021-10-30 00:09:21.221315,10,5,2270.0,2270.0,2270.0,2227.0,99.09591313469993,0
Uttar Pradesh,Hardoi,Arhar Dal(Tur Dal),12600.0,,,2021-10-31 00:09:21.221315,10,6,12620.0,12600.0,12600.0,12573.333333333334,64.29100507328627,0
Uttar Pradesh,Hardoi,Bengal Gram(Gram)(Whole),5640.0,,,2021-11-01 00:09:21.221315,11,0,5640.0,5640.0,5640.0,5644.0,5.477225575051661,0
Uttar Pradesh,Hardoi,Maize,2020.0,,,2021-11-02 00:09:21.221315,11,1,2025.0,2020.0,2020.0,2027.0,8.366600265340756,0
Uttar Pradesh,Hardoi,Paddy(Dhan)(Common),2020.0,,,2021-11-03 00:09:21.221315,11,2,2040.0,2020.0,2020.0,2038.0,10.954451150103315,0
Uttar Pradesh,Hardoi,Wheat,2280.0,,,2021-11-04 00:09:21.221315,11,3,2270.0,2280.0,2280.0,2235.8333333333335,91.23687120165104,1
Uttar Pradesh,Hathras,Bajra(Pearl Millet/Cumbu),1575.0,,,2021-11-05 00:09:21.221315,11,4,1540.0,1575.0,1575.0,1748.3333333333333,330.9959717781069,1
Uttar Pradesh,Hathras,Maize,1490.0,,,2021-11-06 00:09:21.221315,11,5,1545.0,1490.0,1490.0,1701.6666666666667,320.1692260872886,0
Uttar Pradesh,Hathras,Wheat,2150.0,,,2021-11-07 00:09:21.221315,11,6,2155.0,2150.0,2150.0,2181.6666666666665,50.57996968497836,0
Uttar Pradesh,Jaunpur,Arhar Dal(Tur Dal),13125.0,,,2021-11-08 00:09:21.221315,11,0,13100.0,13125.0,13125.0,13112.5,17.67766952966369,1
Uttar Pradesh,Jaunpur,Bengal Gram Dal (Chana Dal),6360.0,,,2021-11-09 00:09:21.221315,11,1,6400.0,6360.0,6360.0,6373.333333333333,23.094010767584965,0
Uttar Pradesh,Jaunpur,Bengal Gram(Gram)(Whole),5700.0,,,2021-11-10 00:09:21.221315,11,2,5740.0,5700.0,5700.0,5726.666666666667,23.09401076758516,0
Uttar Pradesh,Jaunpur,Black Gram (Urd Beans)(Whole),8550.0,,,2021-11-11 00:09:21.221315,11,3,8550.0,8550.0,8550.0,8550.0,0.0,0
Uttar Pradesh,Jaunpur,Black Gram Dal (Urd Dal),9500.0,,,2021-11-12 00:09:21.221315,11,4,9500.0,9500.0,9500.0,9500.0,0.0,0
Uttar Pradesh,Jaunpur,Green Gram (Moong)(Whole),8550.0,,,2021-11-13 00:09:21.221315,11,5,9600.0,8550.0,8550.0,9075.0,742.4621202458749,0
Uttar Pradesh,Jaunpur,Green Gram Dal (Moong Dal),9600.0,,,2021-11-14 00:09:21.221315,11,6,9600.0,9600.0,9600.0,9600.0,0.0,0
Uttar Pradesh,Jaunpur,Lentil (Masur)(Whole),6750.0,,,2021-11-15 00:09:21.221315,11,0,6800.0,6750.0,6750.0,6786.666666666667,32.14550253664331,0
Uttar Pradesh,Jaunpur,Maize,2185.0,,,2021-11-16 00:09:21.221315,11,1,2185.0,2185.0,2185.0,2185.0,0.0,0
Uttar Pradesh,Jaunpur,Mustard,5500.0,,,2021-11-17 00:09:21.221315,11,2,5560.0,5500.0,5500.0,5520.0,34.64101615137755,0
Uttar Pradesh,Jaunpur,Wheat,2310.0,,,2021-11-18 00:09:21.221315,11,3,2310.0,2310.0,2310.0,2305.0,5.773502691896192,0
Uttar Pradesh,Jaunpur,Bengal Gram Dal (Chana Dal),6400.0,,,2021-11-19 00:09:21.221315,11,4,6360.0,6400.0,6400.0,6380.0,23.094010767585033,1
Uttar Pradesh,Jaunpur,Bengal Gram(Gram)(Whole),5740.0,,,2021-11-20 00:09:21.221315,11,5,5700.0,5740.0,5740.0,5730.0,20.000000000000075,1
Uttar Pradesh,Jaunpur,Lentil (Masur)(Whole),6800.0,,,2021-11-21 00:09:21.221315,11,6,6750.0,6800.0,6800.0,6790.0,27.080128015453287,1
Uttar Pradesh,Jaunpur,Mustard,5555.0,,,2021-11-22 00:09:21.221315,11,0,5500.0,5555.0,5555.0,5528.75,33.26033673912518,1
Uttar Pradesh,Jaunpur,Wheat,2300.0,,,2021-11-23 00:09:21.221315,11,1,2310.0,2300.0,2300.0,2304.0,5.47722557505161,0
Uttar Pradesh,Jhansi,Bengal Gram(Gram)(Whole),5350.0,,,2021-11-24 00:09:21.221315,11,2,5400.0,5350.0,5350.0,5366.666666666667,28.867513459481355,0
Uttar Pradesh,Jhansi,Lentil (Masur)(Whole),5540.0,,,2021-11-25 00:09:21.221315,11,3,5550.0,5540.0,5540.0,5545.0,7.0710678118654755,0
Uttar Pradesh,Jhansi,Wheat,2210.0,,,2021-11-26 00:09:21.221315,11,4,2230.0,2210.0,2210.0,2230.0,16.329931618554475,0
Uttar Pradesh,Kanpur,Arhar (Tur/Red Gram)(Whole),8730.0,,,2021-11-27 00:09:21.221315,11,5,8010.0,8730.0,8730.0,8547.5,358.92199709686207,1
Uttar Pradesh,Kanpur,Barley (Jau),2140.0,,,2021-11-28 00:09:21.221315,11,6,2130.0,2140.0,2140.0,2143.3333333333335,15.27525231651948,1
Uttar Pradesh,Kanpur,Bengal Gram(Gram)(Whole),5360.0,,,2021-11-29 00:09:21.221315,11,0,5355.0,5360.0,5360.0,5361.25,13.14977819838296,1
Uttar Pradesh,Kanpur,Green Gram (Moong)(Whole),7515.0,,,2021-11-30 00:09:21.221315,11,1,7500.0,7515.0,7515.0,7550.0,56.12486080160924,1
Uttar Pradesh,Kanpur,Maize,1750.0,,,2021-12-01 00:09:21.221315,12,2,1760.0,1750.0,1750.0,1766.6666666666667,20.81665999466135,0
Uttar Pradesh,Kanpur,Mustard,5455.0,,,2021-12-02 00:09:21.221315,12,3,5460.0,5455.0,5455.0,5446.25,17.969882210706615,0
Uttar Pradesh,Kanpur,Wheat,2240.0,,,2021-12-03 00:09:21.221315,12,4,2175.0,2240.0,2240.0,2252.5,72.39935542991152,1
Uttar Pradesh,Lakhimpur,Wheat,2250.0,,,2021-12-04 00:09:21.221315,12,5,2275.0,2250.0,2250.0,2262.5,17.67766952966369,0
Uttar Pradesh,Lalitpur,Barley (Jau),2000.0,,,2021-12-05 00:09:21.221315,12,6,2000.0,2000.0,2000.0,2000.0,0.0,0
Uttar Pradesh,Lalitpur,Bengal Gram(Gram)(Whole),5400.0,,,2021-12-06 00:09:21.221315,12,0,5400.0,5400.0,5400.0,5400.0,0.0,0
Uttar Pradesh,Lalitpur,Lentil (Masur)(Whole),6100.0,,,2021-12-07 00:09:21.221315,12,1,6100.0,6100.0,6100.0,6100.0,0.0,0
Uttar Pradesh,Lalitpur,Wheat,2200.0,,,2021-12-08 00:09:21.221315,12,2,2200.0,2200.0,2200.0,2200.0,0.0,0
Uttar Pradesh,Maharajganj,Paddy(Dhan)(Common),2450.0,,,2021-12-09 00:09:21.221315,12,3,2450.0,2450.0,2450.0,2450.0,0.0,0
Uttar Pradesh,Maharajganj,Wheat,2200.0,,,2021-12-10 00:09:21.221315,12,4,2260.0,2200.0,2200.0,2220.0,34.64101615137755,0
Uttar Pradesh,Mahoba,Arhar (Tur/Red Gram)(Whole),8650.0,,,2021-12-11 00:09:21.221315,12,5,8620.0,8650.0,8650.0,8635.0,21.213203435596427,1
Uttar Pradesh,Mahoba,Barley (Jau),1810.0,,,2021-12-12 00:09:21.221315,12,6,1800.0,1810.0,1810.0,1803.3333333333333,5.77350269189629,1
Uttar Pradesh,Mahoba,Bengal Gram(Gram)(Whole),5100.0,,,2021-12-13 00:09:21.221315,12,0,5120.0,5100.0,5100.0,5123.333333333333,25.166114784235727,0
Uttar Pradesh,Mahoba,Black Gram (Urd Beans)(Whole),7450.0,,,2021-12-14 00:09:21.221315,12,1,7510.0,7450.0,7450.0,7480.0,42.42640687119285,0
Uttar Pradesh,Mahoba,Lentil (Masur)(Whole),5520.0,,,2021-12-15 00:09:21.221315,12,2,5550.0,5520.0,5520.0,5530.0,17.320508075688775,0
Uttar Pradesh,Mahoba,Wheat,2250.0,,,2021-12-16 00:09:21.221315,12,3,2215.0,2250.0,2250.0,2221.6666666666665,25.658007197234483,1
Uttar Pradesh,Mainpuri,Maize,1760.0,,,2021-12-17 00:09:21.221315,12,4,1985.0,1760.0,1760.0,1847.857142857143,130.3475208451476,0
Uttar Pradesh,Mainpuri,Wheat,2210.0,,,2021-12-18 00:09:21.221315,12,5,2210.0,2210.0,2210.0,2208.5,7.314369419163923,0
Uttar Pradesh,Mainpuri,Arhar (Tur/Red Gram)(Whole),8460.0,,,2021-12-19 00:09:21.221315,12,6,8450.0,8460.0,8460.0,8520.0,112.69427669584645,1
Uttar Pradesh,Mainpuri,Arhar Dal(Tur Dal),12650.0,,,2021-12-20 00:09:21.221315,12,0,12700.0,12650.0,12650.0,12687.5,25.0,0
Uttar Pradesh,Mainpuri,Bengal Gram(Gram)(Whole),5565.0,,,2021-12-21 00:09:21.221315,12,1,5575.0,5565.0,5565.0,5570.0,4.08248290463863,0
Uttar Pradesh,Mainpuri,Maize,2000.0,,,2021-12-22 00:09:21.221315,12,2,1760.0,1730.0,2000.0,1886.4285714285713,129.60562891949968,1
Uttar Pradesh,Mainpuri,Wheat,2205.0,,,2021-12-23 00:09:21.221315,12,3,2210.0,2205.0,2205.0,2208.0,6.8068592855540695,0
Uttar Pradesh,Mainpuri,Arhar (Tur/Red Gram)(Whole),8700.0,,,2021-12-24 00:09:21.221315,12,4,8460.0,8700.0,8700.0,8565.0,128.71156384205216,1
Uttar Pradesh,Mainpuri,Arhar Dal(Tur Dal),12760.0,,,2021-12-25 00:09:21.221315,12,5,12650.0,12760.0,12760.0,12702.0,38.98717737923585,1
Uttar Pradesh,Mainpuri,Bengal Gram(Gram)(Whole),5565.0,,,2021-12-26 00:09:21.221315,12,6,5565.0,5565.0,5565.0,5569.0,4.183300132670378,0
Uttar Pradesh,Mainpuri,Black Gram Dal (Urd Dal),9545.0,,,2021-12-27 00:09:21.221315,12,0,9550.0,9545.0,9545.0,9547.5,3.5355339059327378,0
Uttar Pradesh,Mainpuri,Maize,1990.0,,,2021-12-28 00:09:21.221315,12,1,2000.0,1975.0,1990.0,1888.5714285714287,131.42533639910934,0
Uttar Pradesh,Mainpuri,Mustard,5455.0,,,2021-12-29 00:09:21.221315,12,2,5455.0,5455.0,5455.0,5455.0,0.0,0
Uttar Pradesh,Mainpuri,Wheat,2211.0,,,2021-12-30 00:09:21.221315,12,3,2205.0,2210.0,2211.0,2208.1428571428573,6.866065623255987,1
Uttar Pradesh,Mathura,Arhar (Tur/Red Gram)(Whole),8700.0,,,2021-12-31 00:09:21.221315,12,4,8700.0,8700.0,8700.0,8700.0,0.0,0
Uttar Pradesh,Mathura,Arhar Dal(Tur Dal),12700.0,,,2022-01-01 00:09:21.221315,1,5,12700.0,12700.0,12700.0,12700.0,0.0,0
Uttar Pradesh,Mathura,Bajra(Pearl Millet/Cumbu),1960.0,,,2022-01-02 00:09:21.221315,1,6,1960.0,1960.0,1960.0,1960.0,0.0,0
Uttar Pradesh,Mathura,Barley (Jau),2140.0,,,2022-01-03 00:09:21.221315,1,0,2140.0,2140.0,2140.0,2140.0,0.0,0
Uttar Pradesh,Mathura,Bengal Gram(Gram)(Whole),5540.0,,,2022-01-04 00:09:21.221315,1,1,5540.0,5540.0,5540.0,5540.0,0.0,0
Uttar Pradesh,Mathura,Black Gram (Urd Beans)(Whole),7860.0,,,2022-01-05 00:09:21.221315,1,2,7860.0,7860.0,7860.0,7860.0,0.0,0
Uttar Pradesh,Mathura,Black Gram Dal (Urd Dal),9600.0,,,2022-01-06 00:09:21.221315,1,3,9600.0,9600.0,9600.0,9600.0,0.0,0
Uttar Pradesh,Mathura,Green Gram (Moong)(Whole),7920.0,,,2022-01-07 00:09:21.221315,1,4,7920.0,7920.0,7920.0,7920.0,0.0,0
Uttar Pradesh,Mathura,Mustard,5450.0,,,2022-01-08 00:09:21.221315,1,5,5450.0,5450.0,5450.0,5450.0,0.0,0
Uttar Pradesh,Mathura,Wheat,2270.0,,,2022-01-09 00:09:21.221315,1,6,2270.0,2270.0,2270.0,2270.0,0.0,0
Uttar Pradesh,Mirzapur,Arhar (Tur/Red Gram)(Whole),7500.0,,,2022-01-10 00:09:21.221315,1,0,7485.0,7500.0,7500.0,7492.5,10.606601717798213,1
Uttar Pradesh,Mirzapur,Arhar Dal(Tur Dal),13135.0,,,2022-01-11 00:09:21.221315,1,1,13100.0,13135.0,13135.0,13117.5,24.748737341529164,1
Uttar Pradesh,Mirzapur,Bengal Gram Dal (Chana Dal),6345.0,,,2022-01-12 00:09:21.221315,1,2,6315.0,6345.0,6345.0,6330.0,21.213203435596427,1
Uttar Pradesh,Mirzapur,Bengal Gram(Gram)(Whole),5715.0,,,2022-01-13 00:09:21.221315,1,3,5700.0,5715.0,5715.0,5707.5,10.606601717798213,1
Uttar Pradesh,Mirzapur,Black Gram Dal (Urd Dal),9460.0,,,2022-01-14 00:09:21.221315,1,4,9485.0,9460.0,9460.0,9472.5,17.67766952966369,0
Uttar Pradesh,Mirzapur,Mustard,5525.0,,,2022-01-15 00:09:21.221315,1,5,5525.0,5525.0,5525.0,5525.0,0.0,0
Uttar Pradesh,Mirzapur,Wheat,2310.0,,,2022-01-16 00:09:21.221315,1,6,2285.0,2310.0,2310.0,2297.5,17.67766952966369,1
Uttar Pradesh,Muradabad,Maize,1800.0,,,2022-01-17 00:09:21.221315,1,0,1800.0,1800.0,1800.0,1800.0,0.0,0
Uttar Pradesh,Muzaffarnagar,Arhar Dal(Tur Dal),12700.0,,,2022-01-18 00:09:21.221315,1,1,12700.0,12700.0,12700.0,12700.0,0.0,0
Uttar Pradesh,Muzaffarnagar,Barley (Jau),2250.0,,,2022-01-19 00:09:21.221315,1,2,2250.0,2250.0,2250.0,2253.3333333333335,5.77350269189629,0
Uttar Pradesh,Muzaffarnagar,Bengal Gram Dal (Chana Dal),6580.0,,,2022-01-20 00:09:21.221315,1,3,6570.0,6580.0,6580.0,6576.666666666667,5.773502691896192,1
Uttar Pradesh,Muzaffarnagar,Bengal Gram(Gram)(Whole),5785.0,,,2022-01-21 00:09:21.221315,1,4,5760.0,5785.0,5785.0,5775.0,13.228756555322953,1
Uttar Pradesh,Muzaffarnagar,Black Gram Dal (Urd Dal),9560.0,,,2022-01-22 00:09:21.221315,1,5,9560.0,9560.0,9560.0,9561.666666666666,2.8867513459479976,0
Uttar Pradesh,Muzaffarnagar,Green Gram Dal (Moong Dal),9560.0,,,2022-01-23 00:09:21.221315,1,6,9560.0,9560.0,9560.0,9560.0,0.0,0
Uttar Pradesh,Muzaffarnagar,Mustard,5475.0,,,2022-01-24 00:09:21.221315,1,0,5475.0,5475.0,5475.0,5475.0,0.0,0
Uttar Pradesh,Muzaffarnagar,Mustard Oil,12150.0,,,2022-01-25 00:09:21.221315,1,1,12150.0,12150.0,12150.0,12150.0,0.0,0
Uttar Pradesh,Muzaffarnagar,Wheat,2270.0,,,2022-01-26 00:09:21.221315,1,2,2260.0,2270.0,2270.0,2263.3333333333335,5.773502691896192,1
Uttar Pradesh,Muzaffarnagar,Arhar Dal(Tur Dal),12700.0,,,2022-01-27 00:09:21.221315,1,3,12700.0,12700.0,12700.0,12700.0,0.0,0
Uttar Pradesh,Muzaffarnagar,Barley (Jau),2250.0,,,2022-01-28 00:09:21.221315,1,4,2250.0,2250.0,2250.0,2252.5,5.000000000000038,0
Uttar Pradesh,Muzaffarnagar,Bengal Gram Dal (Chana Dal),6580.0,,,2022-01-29 00:09:21.221315,1,5,6580.0,6580.0,6580.0,6577.5,4.9999999999999245,0
Uttar Pradesh,Muzaffarnagar,Bengal Gram(Gram)(Whole),5780.0,,,2022-01-30 00:09:21.221315,1,6,5785.0,5780.0,5780.0,5776.25,11.086778913041726,0
Uttar Pradesh,Muzaffarnagar,Black Gram Dal (Urd Dal),9555.0,,,2022-01-31 00:09:21.221315,1,0,9560.0,9555.0,9555.0,9560.0,4.082482904638445,0
Uttar Pradesh,Muzaffarnagar,Green Gram Dal (Moong Dal),9550.0,,,2022-02-01 00:09:21.221315,2,1,9560.0,9550.0,9550.0,9557.5,5.0,0
Uttar Pradesh,Muzaffarnagar,Maize,2125.0,,,2022-02-02 00:09:21.221315,2,2,2125.0,2125.0,2125.0,2125.0,0.0,0
Uttar Pradesh,Muzaffarnagar,Mustard,5475.0,,,2022-02-03 00:09:21.221315,2,3,5475.0,5475.0,5475.0,5475.0,0.0,0
Uttar Pradesh,Muzaffarnagar,Mustard Oil,12150.0,,,2022-02-04 00:09:21.221315,2,4,12150.0,12150.0,12150.0,12150.0,0.0,0
Uttar Pradesh,Muzaffarnagar,Wheat,2270.0,,,2022-02-05 00:09:21.221315,2,5,2270.0,2270.0,2270.0,2265.0,5.773502691896192,0
Uttar Pradesh,Pillibhit,Bengal Gram(Gram)(Whole),5855.0,,,2022-02-06 00:09:21.221315,2,6,5855.0,5855.0,5855.0,5855.0,0.0,0
Uttar Pradesh,Pillibhit,Mustard Oil,14795.0,,,2022-02-07 00:09:21.221315,2,0,14795.0,14795.0,14795.0,14795.0,0.0,0
Uttar Pradesh,Pillibhit,Wheat,2395.0,,,2022-02-08 00:09:21.221315,2,1,2380.0,2395.0,2395.0,2387.5,10.606601717798213,1
Uttar Pradesh,Pillibhit,Bengal Gram(Gram)(Whole),5850.0,,,2022-02-09 00:09:21.221315,2,2,5855.0,5850.0,5850.0,5852.5,3.5355339059327378,0
Uttar Pradesh,Pillibhit,Mustard Oil,14790.0,,,2022-02-10 00:09:21.221315,2,3,14795.0,14790.0,14790.0,14792.5,3.5355339059327378,0
Uttar Pradesh,Pillibhit,Wheat,2390.0,,,2022-02-11 00:09:21.221315,2,4,2395.0,2390.0,2390.0,2388.3333333333335,7.637626158259721,0
Uttar Pradesh,Pillibhit,Black Gram Dal (Urd Dal),9300.0,,,2022-02-12 00:09:21.221315,2,5,9260.0,9300.0,9300.0,9280.0,28.284271247461902,1
Uttar Pradesh,Pillibhit,Wheat,2340.0,,,2022-02-13 00:09:21.221315,2,6,2390.0,2340.0,2340.0,2376.25,24.95829855311993,0
Uttar Pradesh,Raebarelli,Paddy(Dhan)(Common),2050.0,,,2022-02-14 00:09:21.221315,2,0,2110.0,2050.0,2050.0,2113.0,79.49842765740716,0
Uttar Pradesh,Raebarelli,Wheat,2260.0,,,2022-02-15 00:09:21.221315,2,1,2305.0,2260.0,2260.0,2251.0,47.090338711884414,0
Uttar Pradesh,Raebarelli,Arhar Dal(Tur Dal),12350.0,,,2022-02-16 00:09:21.221315,2,2,12615.0,12350.0,12350.0,12455.0,140.80127840328723,0
Uttar Pradesh,Raebarelli,Bengal Gram Dal (Chana Dal),5875.0,,,2022-02-17 00:09:21.221315,2,3,5850.0,5875.0,5875.0,5862.5,17.67766952966369,1
Uttar Pradesh,Raebarelli,Paddy(Dhan)(Common),2250.0,,,2022-02-18 00:09:21.221315,2,4,2050.0,2250.0,2250.0,2135.8333333333335,90.4663841803499,1
Uttar Pradesh,Raebarelli,Wheat,2250.0,,,2022-02-19 00:09:21.221315,2,5,2260.0,2250.0,2250.0,2250.8333333333335,42.120857857677436,0
Uttar Pradesh,Raebarelli,Paddy(Dhan)(Common),1985.0,,,2022-02-20 00:09:21.221315,2,6,2250.0,1985.0,1985.0,2114.285714285714,100.35057595867646,0
Uttar Pradesh,Raebarelli,Wheat,2260.0,,,2022-02-21 00:09:21.221315,2,0,2250.0,2260.0,2260.0,2252.1428571428573,38.606685826112944,1
Uttar Pradesh,Rampur,Bengal Gram(Gram)(Whole),5850.0,,,2022-02-22 00:09:21.221315,2,1,5840.0,5850.0,5850.0,5845.0,7.0710678118654755,1
Uttar Pradesh,Rampur,Lentil (Masur)(Whole),6850.0,,,2022-02-23 00:09:21.221315,2,2,6850.0,6850.0,6850.0,6850.0,0.0,0
Uttar Pradesh,Rampur,Wheat,2350.0,,,2022-02-24 00:09:21.221315,2,3,2150.0,2350.0,2350.0,2280.0,112.69427669584645,1
Uttar Pradesh,Saharanpur,Arhar (Tur/Red Gram)(Whole),8350.0,,,2022-02-25 00:09:21.221315,2,4,8350.0,8350.0,8350.0,8350.0,0.0,0
Uttar Pradesh,Saharanpur,Arhar Dal(Tur Dal),12650.0,,,2022-02-26 00:09:21.221315,2,5,12650.0,12650.0,12650.0,12650.0,0.0,0
Uttar Pradesh,Saharanpur,Barley (Jau),2240.0,,,2022-02-27 00:09:21.221315,2,6,2240.0,2240.0,2240.0,2240.0,0.0,0
Uttar Pradesh,Saharanpur,Bengal Gram Dal (Chana Dal),6575.0,,,2022-02-28 00:09:21.221315,2,0,6575.0,6575.0,6575.0,6575.0,0.0,0
Uttar Pradesh,Saharanpur,Bengal Gram(Gram)(Whole),5780.0,,,2022-03-01 00:09:21.221315,3,1,5780.0,5780.0,5780.0,5780.0,0.0,0
Uttar Pradesh,Saharanpur,Black Gram (Urd Beans)(Whole),8730.0,,,2022-03-02 00:09:21.221315,3,2,8730.0,8730.0,8730.0,8730.0,0.0,0
Uttar Pradesh,Saharanpur,Black Gram Dal (Urd Dal),9550.0,,,2022-03-03 00:09:21.221315,3,3,9550.0,9550.0,9550.0,9550.0,0.0,0
Uttar Pradesh,Saharanpur,Green Gram (Moong)(Whole),8600.0,,,2022-03-04 00:09:21.221315,3,4,8600.0,8600.0,8600.0,8600.0,0.0,0
Uttar Pradesh,Saharanpur,Green Gram Dal (Moong Dal),9550.0,,,2022-03-05 00:09:21.221315,3,5,9550.0,9550.0,9550.0,9550.0,0.0,0
Uttar Pradesh,Saharanpur,Lentil (Masur)(Whole),6530.0,,,2022-03-06 00:09:21.221315,3,6,6530.0,6530.0,6530.0,6530.0,0.0,0
Uttar Pradesh,Saharanpur,Maize,2130.0,,,2022-03-07 00:09:21.221315,3,0,2130.0,2130.0,2130.0,2130.0,0.0,0
Uttar Pradesh,Saharanpur,Mustard,5470.0,,,2022-03-08 00:09:21.221315,3,1,5470.0,5470.0,5470.0,5470.0,0.0,0
Uttar Pradesh,Saharanpur,Mustard Oil,12200.0,,,2022-03-09 00:09:21.221315,3,2,12200.0,12200.0,12200.0,12200.0,0.0,0
Uttar Pradesh,Saharanpur,Wheat,2270.0,,,2022-03-10 00:09:21.221315,3,3,2270.0,2270.0,2270.0,2270.0,0.0,0
Uttar Pradesh,Shahjahanpur,Wheat,2300.0,,,2022-03-11 00:09:21.221315,3,4,2320.0,2300.0,2300.0,2310.0,14.142135623730951,0
Uttar Pradesh,Shahjahanpur,Wheat,2340.0,,,2022-03-12 00:09:21.221315,3,5,2300.0,2340.0,2340.0,2320.0,20.0,1
Uttar Pradesh,Siddharth Nagar,Bengal Gram(Gram)(Whole),5730.0,,,2022-03-13 00:09:21.221315,3,6,5730.0,5730.0,5730.0,5735.0,5.773502691896389,0
Uttar Pradesh,Sitapur,Wheat,2210.0,,,2022-03-14 00:09:21.221315,3,0,2240.0,2210.0,2210.0,2232.5,28.722813232690143,0
Uttar Pradesh,Sitapur,Wheat,2120.0,,,2022-03-15 00:09:21.221315,3,1,2210.0,2120.0,2120.0,2210.0,56.124860801609124,0
Uttar Pradesh,Sitapur,Arhar Dal(Tur Dal),12300.0,,,2022-03-16 00:09:21.221315,3,2,12350.0,12300.0,12300.0,12350.0,50.0,0
Uttar Pradesh,Sitapur,Bengal Gram(Gram)(Whole),5650.0,,,2022-03-17 00:09:21.221315,3,3,5645.0,5650.0,5650.0,5647.5,3.5355339059327378,1
Uttar Pradesh,Sitapur,Black Gram Dal (Urd Dal),9020.0,,,2022-03-18 00:09:21.221315,3,4,9060.0,9020.0,9020.0,9035.0,21.79449471770337,0
Uttar Pradesh,Sitapur,Lentil (Masur)(Whole),6800.0,,,2022-03-19 00:09:21.221315,3,5,6785.0,6800.0,6800.0,6792.5,10.606601717798213,1
Uttar Pradesh,Sitapur,Mustard,5450.0,,,2022-03-20 00:09:21.221315,3,6,5450.0,5450.0,5450.0,5450.0,0.0,0
Uttar Pradesh,Sitapur,Paddy(Dhan)(Common),2010.0,,,2022-03-21 00:09:21.221315,3,0,1980.0,2010.0,2010.0,2006.6666666666667,25.166114784235827,1
Uttar Pradesh,Sitapur,Wheat,2270.0,,,2022-03-22 00:09:21.221315,3,1,2120.0,2270.0,2270.0,2220.0,55.85696017507576,1
Uttar Pradesh,Sitapur,Arhar Dal(Tur Dal),12350.0,,,2022-03-23 00:09:21.221315,3,2,12300.0,12350.0,12350.0,12350.0,40.824829046386306,1
Uttar Pradesh,Sitapur,Black Gram Dal (Urd Dal),9070.0,,,2022-03-24 00:09:21.221315,3,3,9020.0,9070.0,9070.0,9043.75,24.958298553119896,1
Uttar Pradesh,Sitapur,Mustard Oil,14550.0,,,2022-03-25 00:09:21.221315,3,4,14525.0,14550.0,14550.0,14537.5,17.67766952966369,1
Uttar Pradesh,Sitapur,Paddy(Dhan)(Common),1985.0,,,2022-03-26 00:09:21.221315,3,5,2010.0,1985.0,1985.0,2001.25,23.228933107943927,0
Uttar Pradesh,Sitapur,Wheat,2240.0,,,2022-03-27 00:09:21.221315,3,6,2270.0,2240.0,2240.0,2222.8571428571427,51.54748157905348,0
Uttar Pradesh,Sultanpur,Bengal Gram(Gram)(Whole),5580.0,,,2022-03-28 00:09:21.221315,3,0,5580.0,5580.0,5580.0,5577.0,4.47213595499958,0
Uttar Pradesh,Sultanpur,Lentil (Masur)(Whole),7010.0,,,2022-03-29 00:09:21.221315,3,1,7000.0,7010.0,7010.0,6992.0,13.03840481040532,1
Uttar Pradesh,Sultanpur,Mustard,5490.0,,,2022-03-30 00:09:21.221315,3,2,5500.0,5490.0,5490.0,5485.0,10.000000000000071,0
Uttar Pradesh,Sultanpur,Paddy(Dhan)(Common),1885.0,,,2022-03-31 00:09:21.221315,3,3,1890.0,1885.0,1885.0,1883.0,14.832396974191326,0
Uttar Pradesh,Sultanpur,Wheat,2275.0,,,2022-04-01 00:09:21.221315,4,4,2280.0,2275.0,2275.0,2273.0,8.366600265340756,0
Uttar Pradesh,Sultanpur,Bengal Gram(Gram)(Whole),5570.0,,,2022-04-02 00:09:21.221315,4,5,5580.0,5570.0,5570.0,5575.833333333333,4.915960401250832,0
Uttar Pradesh,Sultanpur,Black Gram (Urd Beans)(Whole),8560.0,,,2022-04-03 00:09:21.221315,4,6,8560.0,8560.0,8560.0,8560.0,0.0,0
Uttar Pradesh,Sultanpur,Green Gram (Moong)(Whole),8550.0,,,2022-04-04 00:09:21.221315,4,0,8545.0,8550.0,8550.0,8547.5,3.5355339059327378,1
Uttar Pradesh,Sultanpur,Lentil (Masur)(Whole),6985.0,,,2022-04-05 00:09:21.221315,4,1,7010.0,6985.0,6985.0,6990.833333333333,12.006942436218585,0
Uttar Pradesh,Sultanpur,Mustard,5470.0,,,2022-04-06 00:09:21.221315,4,2,5490.0,5470.0,5470.0,5482.5,10.839741694339452,0
Uttar Pradesh,Sultanpur,Paddy(Dhan)(Common),1915.0,,,2022-04-07 00:09:21.221315,4,3,1885.0,1915.0,1915.0,1888.3333333333333,18.618986725025266,1
Uttar Pradesh,Sultanpur,Wheat,2250.0,,,2022-04-08 00:09:21.221315,4,4,2275.0,2250.0,2250.0,2269.1666666666665,12.006942436218555,0
Uttar Pradesh,Unnao,Wheat,2285.0,,,2022-04-09 00:09:21.221315,4,5,2295.0,2285.0,2285.0,2290.0,7.0710678118654755,0
Uttrakhand,Haridwar,Wheat,2130.0,,,2022-04-10 00:09:21.221315,4,6,2130.0,2130.0,2130.0,2130.0,0.0,0
Uttrakhand,Nanital,Bengal Gram(Gram)(Whole),11000.0,,,2022-04-11 00:09:21.221315,4,0,11000.0,11000.0,11000.0,11000.0,0.0,0
Uttrakhand,Nanital,Green Gram (Moong)(Whole),9400.0,,,2022-04-12 00:09:21.221315,4,1,9400.0,9400.0,9400.0,9400.0,0.0,0
Uttrakhand,Nanital,Wheat,2300.0,,,2022-04-13 00:09:21.221315,4,2,2300.0,2300.0,2300.0,2300.0,0.0,0
Uttrakhand,Udhamsinghnagar,Paddy(Dhan)(Common),2025.0,,,2022-04-14 00:09:21.221315,4,3,1800.0,2025.0,2025.0,1912.5,159.0990257669732,1
Uttrakhand,Udhamsinghnagar,Paddy(Dhan)(Common),2100.0,,,2022-04-15 00:09:21.221315,4,4,2025.0,2100.0,2100.0,1975.0,156.12494995995996,1
West Bengal,Burdwan,Arhar (Tur/Red Gram)(Whole),7700.0,,,2022-04-16 00:09:21.221315,4,5,7650.0,7700.0,7700.0,7675.0,35.35533905932738,1
West Bengal,Burdwan,Black Gram Dal (Urd Dal),8800.0,,,2022-04-17 00:09:21.221315,4,6,8700.0,8800.0,8800.0,8750.0,70.71067811865476,1
West Bengal,Burdwan,Green Gram Dal (Moong Dal),10800.0,,,2022-04-18 00:09:21.221315,4,0,10500.0,10800.0,10800.0,10650.0,212.13203435596427,1
West Bengal,Burdwan,Lentil (Masur)(Whole),10200.0,,,2022-04-19 00:09:21.221315,4,1,9700.0,10200.0,10200.0,9833.333333333334,321.4550253664316,1
West Bengal,Burdwan,Mustard,5900.0,,,2022-04-20 00:09:21.221315,4,2,5500.0,5900.0,5900.0,5780.0,268.32815729997463,1
West Bengal,Burdwan,Wheat,2900.0,,,2022-04-21 00:09:21.221315,4,3,2700.0,2900.0,2900.0,2850.0,108.01234497346437,1
West Bengal,Burdwan,Lentil (Masur)(Whole),10000.0,,,2022-04-22 00:09:21.221315,4,4,10200.0,10000.0,10000.0,9875.0,275.37852736430483,0
West Bengal,Burdwan,Mustard,5900.0,,,2022-04-23 00:09:21.221315,4,5,5900.0,5900.0,5900.0,5800.0,244.94897427831773,0
West Bengal,Burdwan,Mustard Oil,12500.0,,,2022-04-24 00:09:21.221315,4,6,13700.0,12500.0,12500.0,12733.333333333334,873.6894948054105,0
West Bengal,Burdwan,Wheat,2900.0,,,2022-04-25 00:09:21.221315,4,0,2900.0,2900.0,2900.0,2860.0,96.17692030835676,0
West Bengal,Burdwan,Wheat,2750.0,,,2022-04-26 00:09:21.221315,4,1,2900.0,2750.0,2750.0,2841.6666666666665,97.03951085339759,0
West Bengal,Hooghly,Paddy(Dhan)(Common),2183.0,,,2022-04-27 00:09:21.221315,4,2,2200.0,2183.0,2183.0,2188.6666666666665,9.814954576223606,0
West Bengal,Hooghly,Paddy(Dhan)(Common),2200.0,,,2022-04-28 00:09:21.221315,4,3,2183.0,2200.0,2200.0,2191.5,9.814954576223638,1
West Bengal,Malda,Green Gram Dal (Moong Dal),10000.0,,,2022-04-29 00:09:21.221315,4,4,10000.0,10000.0,10000.0,9933.333333333334,115.47005383792502,0
West Bengal,Malda,Lentil (Masur)(Whole),9600.0,,,2022-04-30 00:09:21.221315,4,5,9600.0,9600.0,9600.0,9566.666666666666,57.73502691896271,0
West Bengal,Murshidabad,Mustard,5580.0,,,2022-05-01 00:09:21.221315,5,6,5500.0,5580.0,5580.0,5526.666666666667,46.18802153516993,1
West Bengal,Murshidabad,Paddy(Dhan)(Common),2190.0,,,2022-05-02 00:09:21.221315,5,0,2190.0,2190.0,2190.0,2190.0,0.0,0
West Bengal,Murshidabad,Mustard,5620.0,,,2022-05-03 00:09:21.221315,5,1,5580.0,5620.0,5620.0,5550.0,59.99999999999987,1
West Bengal,Murshidabad,Paddy(Dhan)(Common),2170.0,,,2022-05-04 00:09:21.221315,5,2,2190.0,2170.0,2170.0,2180.0,14.142135623730951,0
West Bengal,Murshidabad,Wheat,2260.0,,,2022-05-05 00:09:21.221315,5,3,2260.0,2260.0,2260.0,2260.0,0.0,0
West Bengal,Nadia,Mustard,6100.0,,,2022-05-06 00:09:21.221315,5,4,5600.0,6100.0,6100.0,5933.333333333333,288.67513459481296,1
West Bengal,Nadia,Wheat,2500.0,,,2022-05-07 00:09:21.221315,5,5,2350.0,2500.0,2500.0,2425.0,106.06601717798213,1
West Bengal,Nadia,Mustard,5700.0,,,2022-05-08 00:09:21.221315,5,6,6100.0,5700.0,5700.0,5875.0,262.99556396765837,0
West Bengal,Uttar Dinajpur,Wheat,2350.0,,,2022-05-09 00:09:21.221315,5,0,2350.0,2350.0,2350.0,2350.0,0.0,0
Andhra Pradesh,East Godavari,Paddy(Dhan)(Common),2045.0,,,2022-05-10 00:09:21.221315,5,1,2040.0,2050.0,2045.0,2046.4285714285713,7.4801324154310125,1
Andhra Pradesh,East Godavari,Paddy(Dhan)(Common),2050.0,,,2022-05-11 00:09:21.221315,5,2,2045.0,2040.0,2050.0,2047.857142857143,6.986381310057686,1
Andhra Pradesh,East Godavari,Paddy(Dhan)(Common),2040.0,,,2022-05-12 00:09:21.221315,5,3,2050.0,2060.0,2040.0,2045.0,5.000000000000287,0
Andhra Pradesh,East Godavari,Paddy(Dhan)(Common),2060.0,,,2022-05-13 00:09:21.221315,5,4,2040.0,2040.0,2060.0,2047.857142857143,6.986381310057686,1
Andhra Pradesh,East Godavari,Paddy(Dhan)(Common),2040.0,,,2022-05-14 00:09:21.221315,5,5,2060.0,2050.0,2040.0,2046.4285714285713,7.4801324154310125,0
Andhra Pradesh,Guntur,Black Gram (Urd Beans)(Whole),8200.0,,,2022-05-15 00:09:21.221315,5,6,8200.0,8200.0,8200.0,8200.0,0.0,0
Andhra Pradesh,Kurnool,Cotton,7050.0,,,2022-05-16 00:09:21.221315,5,0,7050.0,7050.0,7050.0,7050.0,0.0,0
Andhra Pradesh,Kurnool,Jowar(Sorghum),3080.0,,,2022-05-17 00:09:21.221315,5,1,3060.0,3080.0,3080.0,3066.6666666666665,11.54700538379258,1
Andhra Pradesh,Kurnool,Bengal Gram(Gram)(Whole),4800.0,,,2022-05-18 00:09:21.221315,5,2,5335.0,4800.0,4800.0,5156.666666666667,308.8823940164499,0
Andhra Pradesh,Kurnool,Jowar(Sorghum),3600.0,,,2022-05-19 00:09:21.221315,5,3,3080.0,3600.0,3600.0,3200.0,266.8332812825267,1
Andhra Pradesh,Kurnool,Paddy(Dhan)(Common),2100.0,,,2022-05-20 00:09:21.221315,5,4,2040.0,2100.0,2100.0,2050.0,24.49489742783178,1
Andhra Pradesh,Kurnool,Arhar (Tur/Red Gram)(Whole),8600.0,,,2022-05-21 00:09:21.221315,5,5,8600.0,8600.0,8600.0,8600.0,0.0,0
Andhra Pradesh,Kurnool,Bengal Gram(Gram)(Whole),5009.0,,,2022-05-22 00:09:21.221315,5,6,4800.0,5009.0,5009.0,5119.75,262.78682742227915,1
Andhra Pradesh,Kurnool,Black Gram (Urd Beans)(Whole),7861.0,,,2022-05-23 00:09:21.221315,5,0,7861.0,7861.0,7861.0,7861.0,0.0,0
Andhra Pradesh,Kurnool,Maize,2009.0,,,2022-05-24 00:09:21.221315,5,1,1962.0,2009.0,2009.0,1969.8333333333333,19.18766965180158,1
Andhra Pradesh,Kurnool,Bengal Gram(Gram)(Whole),5335.0,,,2022-05-25 00:09:21.221315,5,2,5009.0,5335.0,5335.0,5162.8,247.10159853792942,1
Andhra Pradesh,Kurnool,Maize,1962.0,,,2022-05-26 00:09:21.221315,5,3,2009.0,1962.0,1962.0,1968.7142857142858,17.764330231433686,0
Andhra Pradesh,Kurnool,Paddy(Dhan)(Common),2040.0,,,2022-05-27 00:09:21.221315,5,4,2100.0,2040.0,2040.0,2048.5714285714284,22.67786838055363,0
Bihar,Sheikhpura,Wheat,2500.0,,,2022-05-28 00:09:21.221315,5,5,2500.0,2500.0,2500.0,2500.0,0.0,0
Bihar,Sheikhpura,Wheat,2500.0,,,2022-05-29 00:09:21.221315,5,6,2500.0,2500.0,2500.0,2500.0,0.0,0
Chattisgarh,Balodabazar,Paddy(Dhan)(Common),1700.0,,,2022-05-30 00:09:21.221315,5,0,1355.0,1700.0,1700.0,1470.0,199.18584287042088,1
Chattisgarh,Balodabazar,Paddy(Dhan)(Common),1700.0,,,2022-05-31 00:09:21.221315,5,1,1700.0,1700.0,1700.0,1527.5,199.18584287042088,0
Chattisgarh,Balrampur,Wheat,2200.0,,,2022-06-01 00:09:21.221315,6,2,2200.0,2200.0,2200.0,2200.0,0.0,0
Chattisgarh,Balrampur,Maize,1970.0,,,2022-06-02 00:09:21.221315,6,3,1970.0,1970.0,1970.0,1970.0,0.0,0
Chattisgarh,Dhamtari,Paddy(Dhan)(Common),1750.0,,,2022-06-03 00:09:21.221315,6,4,1800.0,1800.0,1750.0,1808.5714285714287,143.16989574494713,0
Chattisgarh,Dhamtari,Paddy(Dhan)(Common),1750.0,,,2022-06-04 00:09:21.221315,6,5,1750.0,1745.0,1750.0,1809.2857142857142,142.8118975969372,0
Chattisgarh,Dhamtari,Paddy(Dhan)(Common),1755.0,,,2022-06-05 00:09:21.221315,6,6,1750.0,1745.0,1755.0,1810.7142857142858,142.10995072561977,1
Chattisgarh,Dhamtari,Paddy(Dhan)(Common),1825.0,,,2022-06-06 00:09:21.221315,6,0,1755.0,1745.0,1825.0,1822.142857142857,139.12994953331525,1
Chattisgarh,Gariyaband,Paddy(Dhan)(Common),1600.0,,,2022-06-07 00:09:21.221315,6,1,1600.0,1600.0,1600.0,1600.0,0.0,0
Chattisgarh,Janjgir,Paddy(Dhan)(Common),1700.0,,,2022-06-08 00:09:21.221315,6,2,1500.0,1700.0,1700.0,1600.0,141.4213562373095,1
Chattisgarh,Janjgir,Paddy(Dhan)(Common),1500.0,,,2022-06-09 00:09:21.221315,6,3,1700.0,1500.0,1500.0,1566.6666666666667,115.47005383792518,0
Chattisgarh,Janjgir,Paddy(Dhan)(Common),1700.0,,,2022-06-10 00:09:21.221315,6,4,1500.0,1700.0,1700.0,1600.0,115.47005383792515,1
Chattisgarh,Janjgir,Paddy(Dhan)(Common),1550.0,,,2022-06-11 00:09:21.221315,6,5,1700.0,1550.0,1550.0,1590.0,102.46950765959599,0
Chattisgarh,Kabirdham,Bengal Gram(Gram)(Whole),5100.0,,,2022-06-12 00:09:21.221315,6,6,5100.0,5100.0,5100.0,5100.0,0.0,0
Chattisgarh,Kanker,Maize,1550.0,,,2022-06-13 00:09:21.221315,6,0,1550.0,1550.0,1550.0,1550.0,0.0,0
Chattisgarh,Kanker,Paddy(Dhan)(Common),1500.0,,,2022-06-14 00:09:21.221315,6,1,1500.0,1500.0,1500.0,1800.0,273.8612787525831,0
Chattisgarh,Kanker,Maize,1550.0,,,2022-06-15 00:09:21.221315,6,2,1550.0,1550.0,1550.0,1550.0,0.0,0
Chattisgarh,Kanker,Paddy(Dhan)(Common),1500.0,,,2022-06-16 00:09:21.221315,6,3,1500.0,1500.0,1500.0,1750.0,273.8612787525831,0
Chattisgarh,Kanker,Paddy(Dhan)(Common),1500.0,,,2022-06-17 00:09:21.221315,6,4,1500.0,1500.0,1500.0,1714.2857142857142,267.2612419124244,0
Chattisgarh,Kanker,Maize,1550.0,,,2022-06-18 00:09:21.221315,6,5,1550.0,1550.0,1550.0,1550.0,0.0,0
Chattisgarh,Mahasamund,Paddy(Dhan)(Common),2100.0,,,2022-06-19 00:09:21.221315,6,6,1990.0,2100.0,2100.0,2047.5,130.47988350699887,1
Chattisgarh,Raipur,Paddy(Dhan)(Common),1900.0,,,2022-06-20 00:09:21.221315,6,0,1950.0,1900.0,1900.0,1983.3333333333333,104.08329997330661,0
Chattisgarh,Raipur,Paddy(Dhan)(Common),1799.0,,,2022-06-21 00:09:21.221315,6,1,1900.0,1799.0,1799.0,1937.25,125.36712753615542,0
Chattisgarh,Rajnandgaon,Maize,1750.0,,,2022-06-22 00:09:21.221315,6,2,1750.0,1750.0,1750.0,1750.0,0.0,0
Gujarat,Amreli,Cotton,7275.0,,,2022-06-23 00:09:21.221315,6,3,5700.0,6895.0,7275.0,6725.428571428572,669.559272243779,1
Gujarat,Amreli,Arhar (Tur/Red Gram)(Whole),8275.0,,,2022-06-24 00:09:21.221315,6,4,8000.0,8275.0,8275.0,8262.5,214.57321982639573,1
Gujarat,Amreli,Bengal Gram(Gram)(Whole),4500.0,,,2022-06-25 00:09:21.221315,6,5,4610.0,4500.0,4500.0,4690.5,188.28568718837877,0
Gujarat,Amreli,Wheat,2365.0,,,2022-06-26 00:09:21.221315,6,6,2200.0,2555.0,2365.0,2434.0,116.89881664641985,1
Gujarat,Amreli,Arhar (Tur/Red Gram)(Whole),7415.0,,,2022-06-27 00:09:21.221315,6,0,8275.0,7415.0,7415.0,8093.0,422.11669002776955,0
Gujarat,Amreli,Bengal Gram(Gram)(Whole),4315.0,,,2022-06-28 00:09:21.221315,6,1,4500.0,4315.0,4315.0,4636.857142857143,222.903139331436,0
Gujarat,Amreli,Cotton,6250.0,,,2022-06-29 00:09:21.221315,6,2,7275.0,7175.0,6250.0,6593.285714285715,657.2091788478799,0
Gujarat,Amreli,Green Gram (Moong)(Whole),6065.0,,,2022-06-30 00:09:21.221315,6,3,8230.0,6065.0,6065.0,7265.0,1101.4649336224916,0
Gujarat,Amreli,Bajra(Pearl Millet/Cumbu),2080.0,,,2022-07-01 00:09:21.221315,7,4,2195.0,2080.0,2080.0,2092.6666666666665,96.62470353555209,0
Gujarat,Amreli,Bengal Gram(Gram)(Whole),4708.0,,,2022-07-02 00:09:21.221315,7,5,4315.0,4900.0,4708.0,4609.428571428572,195.22026631718447,1
Gujarat,Amreli,Cotton,6078.0,,,2022-07-03 00:09:21.221315,7,6,6250.0,5850.0,6078.0,6625.857142857143,618.7572029402777,0
Gujarat,Amreli,Jowar(Sorghum),3750.0,,,2022-07-04 00:09:21.221315,7,0,3600.0,3750.0,3750.0,3771.25,433.3661846521946,1
Gujarat,Amreli,Wheat,2463.0,,,2022-07-05 00:09:21.221315,7,1,2365.0,2480.0,2463.0,2431.5714285714284,115.95668320951721,1
Gujarat,Amreli,Wheat,2455.0,,,2022-07-06 00:09:21.221315,7,2,2463.0,2503.0,2455.0,2424.714285714286,112.39322975712568,0
Gujarat,Anand,Bajra(Pearl Millet/Cumbu),2150.0,,,2022-07-07 00:09:21.221315,7,3,2140.0,2150.0,2150.0,2145.0,7.0710678118654755,1
Gujarat,Anand,Wheat,2175.0,,,2022-07-08 00:09:21.221315,7,4,2150.0,2175.0,2175.0,2162.5,17.67766952966369,1
Gujarat,Anand,Bajra(Pearl Millet/Cumbu),2250.0,,,2022-07-09 00:09:21.221315,7,5,2150.0,2250.0,2250.0,2180.0,60.8276253029822,1
Gujarat,Bharuch,Arhar (Tur/Red Gram)(Whole),7400.0,,,2022-07-10 00:09:21.221315,7,6,7600.0,7400.0,7400.0,7540.0,89.44271909999162,0
Gujarat,Bharuch,Bajra(Pearl Millet/Cumbu),2600.0,,,2022-07-11 00:09:21.221315,7,0,2300.0,2600.0,2600.0,2380.0,148.32396974191326,1
Gujarat,Bharuch,Cotton,5600.0,,,2022-07-12 00:09:21.221315,7,1,5600.0,5600.0,5600.0,5680.0,109.54451150103323,0
Gujarat,Bharuch,Jowar(Sorghum),2800.0,,,2022-07-13 00:09:21.221315,7,2,2600.0,2800.0,2800.0,2720.0,109.54451150103323,1
Gujarat,Bharuch,Maize,2000.0,,,2022-07-14 00:09:21.221315,7,3,2200.0,2000.0,2000.0,2080.0,109.54451150103323,0
Gujarat,Bharuch,Wheat,3300.0,,,2022-07-15 00:09:21.221315,7,4,3200.0,3300.0,3300.0,3250.0,70.71067811865476,1
Gujarat,Bharuch,Arhar (Tur/Red Gram)(Whole),7500.0,,,2022-07-16 00:09:21.221315,7,5,7400.0,7500.0,7500.0,7533.333333333333,81.64965809277261,1
Gujarat,Bharuch,Bajra(Pearl Millet/Cumbu),2400.0,,,2022-07-17 00:09:21.221315,7,6,2600.0,2400.0,2400.0,2383.3333333333335,132.91601358251256,0
Gujarat,Bharuch,Cotton,5800.0,,,2022-07-18 00:09:21.221315,7,0,5600.0,5800.0,5800.0,5700.0,109.54451150103323,1
Gujarat,Bharuch,Jowar(Sorghum),2600.0,,,2022-07-19 00:09:21.221315,7,1,2800.0,2600.0,2600.0,2700.0,109.54451150103323,0
Gujarat,Bharuch,Maize,2200.0,,,2022-07-20 00:09:21.221315,7,2,2000.0,2200.0,2200.0,2100.0,109.54451150103323,1
Gujarat,Bhavnagar,Bengal Gram(Gram)(Whole),4825.0,,,2022-07-21 00:09:21.221315,7,3,4710.0,4825.0,4825.0,4767.5,81.31727983645297,1
Gujarat,Bhavnagar,Cotton,6675.0,,,2022-07-22 00:09:21.221315,7,4,7005.0,6675.0,6675.0,6840.0,233.3452377915607,0
Gujarat,Bhavnagar,Jowar(Sorghum),3900.0,,,2022-07-23 00:09:21.221315,7,5,3900.0,3900.0,3900.0,3900.0,0.0,0
Gujarat,Bhavnagar,Wheat,2460.0,,,2022-07-24 00:09:21.221315,7,6,2425.0,2460.0,2460.0,2442.5,24.748737341529164,1
Gujarat,Bhavnagar,Bajra(Pearl Millet/Cumbu),2245.0,,,2022-07-25 00:09:21.221315,7,0,2360.0,2245.0,2245.0,2302.5,81.31727983645297,0
Gujarat,Bhavnagar,Green Gram (Moong)(Whole),8045.0,,,2022-07-26 00:09:21.221315,7,1,8045.0,8045.0,8045.0,8045.0,0.0,0
Gujarat,Bhavnagar,Jowar(Sorghum),4200.0,,,2022-07-27 00:09:21.221315,7,2,3900.0,4200.0,4200.0,4050.0,212.13203435596427,1
Gujarat,Bhavnagar,Wheat,2295.0,,,2022-07-28 00:09:21.221315,7,3,2460.0,2295.0,2295.0,2393.3333333333335,86.93867570496657,0
Gujarat,Bhavnagar,Arhar (Tur/Red Gram)(Whole),5505.0,,,2022-07-29 00:09:21.221315,7,4,5505.0,5505.0,5505.0,5505.0,0.0,0
Gujarat,Bhavnagar,Bajra(Pearl Millet/Cumbu),2115.0,,,2022-07-30 00:09:21.221315,7,5,2245.0,2115.0,2115.0,2240.0,122.57650672131263,0
Gujarat,Bhavnagar,Bengal Gram(Gram)(Whole),4680.0,,,2022-07-31 00:09:21.221315,7,6,4825.0,4680.0,4680.0,4738.333333333333,76.53975002136681,0
Gujarat,Bhavnagar,Cotton,6625.0,,,2022-08-01 00:09:21.221315,8,0,6675.0,6625.0,6625.0,6768.333333333333,206.47840887931432,0
Gujarat,Botad,Bengal Gram(Gram)(Whole),4510.0,,,2022-08-02 00:09:21.221315,8,1,4510.0,4510.0,4510.0,4510.0,0.0,0
Gujarat,Botad,Jowar(Sorghum),4010.0,,,2022-08-03 00:09:21.221315,8,2,4010.0,4010.0,4010.0,4010.0,0.0,0
Gujarat,Botad,Wheat,2520.0,,,2022-08-04 00:09:21.221315,8,3,2520.0,2520.0,2520.0,2520.0,0.0,0
Gujarat,Botad,Cotton,7075.0,,,2022-08-05 00:09:21.221315,8,4,6955.0,7075.0,7075.0,7015.0,84.8528137423857,1
Gujarat,Dahod,Arhar (Tur/Red Gram)(Whole),7800.0,,,2022-08-06 00:09:21.221315,8,5,8300.0,7800.0,7800.0,7940.0,219.0890230020664,0
Gujarat,Dahod,Arhar (Tur/Red Gram)(Whole),8200.0,,,2022-08-07 00:09:21.221315,8,6,7800.0,8200.0,8200.0,7983.333333333333,222.86019533929039,1
Gujarat,Dahod,Bajra(Pearl Millet/Cumbu),2000.0,,,2022-08-08 00:09:21.221315,8,0,2200.0,2000.0,2000.0,2100.0,141.4213562373095,0
Gujarat,Dahod,Bengal Gram(Gram)(Whole),5100.0,,,2022-08-09 00:09:21.221315,8,1,5250.0,5100.0,5100.0,5150.0,72.8868986855663,0
Gujarat,Dahod,Bengal Gram(Gram)(Whole),5270.0,,,2022-08-10 00:09:21.221315,8,2,5100.0,5270.0,5270.0,5170.0,81.54753215150048,1
Gujarat,Dahod,Black Gram (Urd Beans)(Whole),7000.0,,,2022-08-11 00:09:21.221315,8,3,7500.0,7000.0,7000.0,7400.0,360.5551275463989,0
Gujarat,Dahod,Green Gram (Moong)(Whole),7500.0,,,2022-08-12 00:09:21.221315,8,4,7800.0,7500.0,7500.0,7700.0,173.20508075688772,0
Gujarat,Dahod,Maize,2300.0,,,2022-08-13 00:09:21.221315,8,5,2200.0,2300.0,2300.0,2380.0,204.93901531919198,1
Gujarat,Dahod,Maize,2100.0,,,2022-08-14 00:09:21.221315,8,6,2300.0,2100.0,2100.0,2333.3333333333335,216.02468994692867,0
Gujarat,Dahod,Paddy(Dhan)(Common),1830.0,,,2022-08-15 00:09:21.221315,8,0,2050.0,1830.0,1830.0,1844.1666666666667,258.73570813992154,0
Gujarat,Dahod,Paddy(Dhan)(Common),2050.0,,,2022-08-16 00:09:21.221315,8,1,1830.0,2050.0,2050.0,1873.5714285714287,248.6750604992099,1
Gujarat,Dahod,Wheat,2700.0,,,2022-08-17 00:09:21.221315,8,2,2550.0,2700.0,2700.0,2640.0,82.15838362577492,1
Gujarat,Dahod,Wheat,2550.0,,,2022-08-18 00:09:21.221315,8,3,2700.0,2550.0,2550.0,2625.0,82.15838362577492,0
Gujarat,Dahod,Paddy(Dhan)(Common),1370.0,,,2022-08-19 00:09:21.221315,8,4,2050.0,1885.0,1370.0,1800.0,312.6766167571005,0
Gujarat,Dahod,Maize,1940.0,,,2022-08-20 00:09:21.221315,8,5,2100.0,1940.0,1940.0,2277.1428571428573,246.96249956314463,0
Gujarat,Dahod,Paddy(Dhan)(Common),1670.0,,,2022-08-21 00:09:21.221315,8,6,1370.0,2100.0,1670.0,1738.5714285714287,284.9227129959147,1
Gujarat,Dahod,Wheat,2170.0,,,2022-08-22 00:09:21.221315,8,0,2550.0,2170.0,2170.0,2560.0,187.6166303929372,0
Gujarat,Gandhinagar,Bajra(Pearl Millet/Cumbu),2300.0,,,2022-08-23 00:09:21.221315,8,1,1755.0,2300.0,2300.0,2133.8571428571427,219.121297132759,1
Gujarat,Gandhinagar,Paddy(Dhan)(Common),1925.0,,,2022-08-24 00:09:21.221315,8,2,1900.0,1925.0,1925.0,1970.0,102.16408370851276,1
Gujarat,Gandhinagar,Wheat,2307.0,,,2022-08-25 00:09:21.221315,8,3,2285.0,2307.0,2307.0,2303.0,20.428737928059416,1
Gujarat,Gandhinagar,Bajra(Pearl Millet/Cumbu),1950.0,,,2022-08-26 00:09:21.221315,8,4,2300.0,2290.0,1950.0,2085.285714285714,216.40757402465866,0
Gujarat,Gandhinagar,Jowar(Sorghum),5250.0,,,2022-08-27 00:09:21.221315,8,5,4650.0,5250.0,5250.0,4781.25,326.1997087674972,1
Gujarat,Gandhinagar,Mustard,5260.0,,,2022-08-28 00:09:21.221315,8,6,5340.0,5260.0,5260.0,5303.75,33.50994877147182,0
Gujarat,Gandhinagar,Paddy(Dhan)(Common),2225.0,,,2022-08-29 00:09:21.221315,8,0,1925.0,2225.0,2225.0,2012.5,138.5189517719507,1
Gujarat,Gandhinagar,Wheat,2450.0,,,2022-08-30 00:09:21.221315,8,1,2307.0,2312.0,2450.0,2322.714285714286,59.597858702345675,1
Gujarat,Gandhinagar,Bajra(Pearl Millet/Cumbu),2125.0,,,2022-08-31 00:09:21.221315,8,2,1950.0,2270.0,2125.0,2064.5714285714284,202.25714420250378,1
Gujarat,Gandhinagar,Jowar(Sorghum),4350.0,,,2022-09-01 00:09:21.221315,9,3,5250.0,4350.0,4350.0,4695.0,342.0526275297414,0
Gujarat,Gandhinagar,Wheat,2345.0,,,2022-09-02 00:09:21.221315,9,4,2450.0,2315.0,2345.0,2327.0,60.02777135071176,0
Gujarat,Jamnagar,Bajra(Pearl Millet/Cumbu),2015.0,,,2022-09-03 00:09:21.221315,9,5,1875.0,2015.0,2015.0,1946.6666666666667,70.05949852327898,1
Gujarat,Jamnagar,Bengal Gram(Gram)(Whole),4510.0,,,2022-09-04 00:09:21.221315,9,6,4500.0,4510.0,4510.0,4460.833333333333,149.68021468005279,1
Gujarat,Jamnagar,Cotton,6240.0,,,2022-09-05 00:09:21.221315,9,0,6240.0,6240.0,6240.0,6156.25,107.50000000000013,0
Gujarat,Jamnagar,Mustard,4370.0,,,2022-09-06 00:09:21.221315,9,1,4370.0,4370.0,4370.0,4370.0,0.0,0
Gujarat,Jamnagar,Wheat,2335.0,,,2022-09-07 00:09:21.221315,9,2,2125.0,2335.0,2335.0,2212.5,115.35813798774664,1
Gujarat,Jamnagar,Bengal Gram(Gram)(Whole),4500.0,,,2022-09-08 00:09:21.221315,9,3,4510.0,4500.0,4500.0,4466.428571428572,137.43829784410798,0
Gujarat,Jamnagar,Green Gram (Moong)(Whole),8250.0,,,2022-09-09 00:09:21.221315,9,4,8500.0,8250.0,8250.0,8375.0,176.7766952966369,0
Gujarat,Jamnagar,Wheat,2150.0,,,2022-09-10 00:09:21.221315,9,5,2335.0,2150.0,2150.0,2203.5714285714284,107.92413561210043,0
Gujarat,Jamnagar,Arhar (Tur/Red Gram)(Whole),7950.0,,,2022-09-11 00:09:21.221315,9,6,7950.0,7950.0,7950.0,7950.0,0.0,0
Gujarat,Jamnagar,Bajra(Pearl Millet/Cumbu),2355.0,,,2022-09-12 00:09:21.221315,9,0,2015.0,2355.0,2355.0,2048.75,212.02888954102457,1
Gujarat,Jamnagar,Bengal Gram(Gram)(Whole),5335.0,,,2022-09-13 00:09:21.221315,9,1,4500.0,4525.0,5335.0,4582.142857142857,358.3743055202796,1
Gujarat,Jamnagar,Cotton,6450.0,,,2022-09-14 00:09:21.221315,9,2,6240.0,6450.0,6450.0,6215.0,161.01242188104627,1
Gujarat,Jamnagar,Jowar(Sorghum),3650.0,,,2022-09-15 00:09:21.221315,9,3,4280.0,3650.0,3650.0,4051.6666666666665,348.93886761628215,0
Gujarat,Jamnagar,Mustard,5450.0,,,2022-09-16 00:09:21.221315,9,4,4370.0,5450.0,5450.0,4910.0,763.6753236814714,1
Gujarat,Jamnagar,Wheat,2525.0,,,2022-09-17 00:09:21.221315,9,5,2150.0,2380.0,2525.0,2224.285714285714,152.24510313494957,1
Gujarat,Junagarh,Bajra(Pearl Millet/Cumbu),2200.0,,,2022-09-18 00:09:21.221315,9,6,1740.0,2200.0,2200.0,2021.6666666666667,246.79613719289313,1
Gujarat,Junagarh,Black Gram (Urd Beans)(Whole),8450.0,,,2022-09-19 00:09:21.221315,9,0,7315.0,8450.0,8450.0,8121.666666666667,702.6082360272567,1
Gujarat,Junagarh,Wheat,2525.0,,,2022-09-20 00:09:21.221315,9,1,2475.0,2525.0,2525.0,2466.0,40.681691213615984,1
Gujarat,Junagarh,Bengal Gram(Gram)(Whole),4630.0,,,2022-09-21 00:09:21.221315,9,2,4630.0,4630.0,4630.0,4630.0,0.0,0
Gujarat,Junagarh,Black Gram (Urd Beans)(Whole),8200.0,,,2022-09-22 00:09:21.221315,9,3,8450.0,8200.0,8200.0,8141.25,575.012681019587,0
Gujarat,Junagarh,Green Gram (Moong)(Whole),7975.0,,,2022-09-23 00:09:21.221315,9,4,7515.0,7975.0,7975.0,7601.666666666667,338.4277372399214,1
Gujarat,Junagarh,Wheat,2290.0,,,2022-09-24 00:09:21.221315,9,5,2525.0,2290.0,2290.0,2436.6666666666665,80.53984521134034,0
Gujarat,Junagarh,Arhar (Tur/Red Gram)(Whole),8465.0,,,2022-09-25 00:09:21.221315,9,6,8765.0,8465.0,8465.0,8652.5,129.9038105676658,0
Gujarat,Junagarh,Jowar(Sorghum),4415.0,,,2022-09-26 00:09:21.221315,9,0,4415.0,4415.0,4415.0,4415.0,0.0,0
Gujarat,Junagarh,Kulthi(Horse Gram),4715.0,,,2022-09-27 00:09:21.221315,9,1,4750.0,4715.0,4715.0,4737.5,15.545631755148024,0
Gujarat,Junagarh,Wheat,2485.0,,,2022-09-28 00:09:21.221315,9,2,2290.0,2485.0,2485.0,2443.5714285714284,75.75807359143785,1
Gujarat,Kheda,Wheat,2150.0,,,2022-09-29 00:09:21.221315,9,3,2150.0,2150.0,2150.0,2150.0,0.0,0
Gujarat,Mehsana,Bajra(Pearl Millet/Cumbu),2250.0,,,2022-09-30 00:09:21.221315,9,4,1911.0,2250.0,2250.0,2098.0,172.05522369285976,1
Gujarat,Mehsana,Mustard,5225.0,,,2022-10-01 00:09:21.221315,10,5,5147.0,5225.0,5225.0,5317.4,182.513835092028,1
Gujarat,Mehsana,Paddy(Dhan)(Common),2100.0,,,2022-10-02 00:09:21.221315,10,6,2250.0,2100.0,2100.0,2183.3333333333335,76.3762615825974,0
Gujarat,Mehsana,Wheat,2400.0,,,2022-10-03 00:09:21.221315,10,0,2285.0,2400.0,2400.0,2355.8333333333335,88.34119461874322,1
Gujarat,Mehsana,Bajra(Pearl Millet/Cumbu),2075.0,,,2022-10-04 00:09:21.221315,10,1,2250.0,2250.0,2075.0,2073.0,158.46555882378146,0
Gujarat,Mehsana,Mustard,5375.0,,,2022-10-05 00:09:21.221315,10,2,5225.0,5375.0,5375.0,5327.0,164.930288303877,1
Gujarat,Mehsana,Wheat,2300.0,,,2022-10-06 00:09:21.221315,10,3,2400.0,2300.0,2300.0,2347.8571428571427,83.35951969517055,0
Gujarat,Mehsana,Bajra(Pearl Millet/Cumbu),2000.0,,,2022-10-07 00:09:21.221315,10,4,2075.0,2300.0,2000.0,2030.142857142857,123.56567561615239,0
Gujarat,Mehsana,Mustard,5205.0,,,2022-10-08 00:09:21.221315,10,5,5375.0,5205.0,5205.0,5309.571428571428,157.46307201251676,0
Gujarat,Mehsana,Wheat,2175.0,,,2022-10-09 00:09:21.221315,10,6,2300.0,2450.0,2175.0,2308.5714285714284,91.59304402783945,0
Gujarat,Mehsana,Mustard,5450.0,,,2022-10-10 00:09:21.221315,10,0,5205.0,5290.0,5450.0,5332.428571428572,165.55347287493663,1
Gujarat,Mehsana,Jowar(Sorghum),4400.0,,,2022-10-11 00:09:21.221315,10,1,4400.0,4400.0,4400.0,4400.0,0.0,0
Gujarat,Mehsana,Wheat,2375.0,,,2022-10-12 00:09:21.221315,10,2,2175.0,2450.0,2375.0,2297.8571428571427,75.21398046336127,1
Gujarat,Mehsana,Bajra(Pearl Millet/Cumbu),1935.0,,,2022-10-13 00:09:21.221315,10,3,2000.0,2105.0,1935.0,2005.857142857143,123.10622590731494,0
Gujarat,Mehsana,Mustard,5382.0,,,2022-10-14 00:09:21.221315,10,4,5450.0,5300.0,5382.0,5344.142857142857,165.77738946292658,0
Gujarat,Mehsana,Wheat,2312.0,,,2022-10-15 00:09:21.221315,10,5,2375.0,2300.0,2312.0,2299.5714285714284,75.40746457934881,0
Gujarat,Navsari,Pegeon Pea (Arhar Fali),10500.0,,,2022-10-16 00:09:21.221315,10,6,10500.0,10500.0,10500.0,10500.0,0.0,0
Gujarat,Panchmahals,Bajra(Pearl Millet/Cumbu),1950.0,,,2022-10-17 00:09:21.221315,10,0,1950.0,1950.0,1950.0,1950.0,0.0,0
Gujarat,Panchmahals,Maize,2175.0,,,2022-10-18 00:09:21.221315,10,1,2175.0,2175.0,2175.0,2175.0,0.0,0
Gujarat,Panchmahals,Paddy(Dhan)(Common),1700.0,,,2022-10-19 00:09:21.221315,10,2,1700.0,1700.0,1700.0,1700.0,0.0,0
Gujarat,Patan,Wheat,2000.0,,,2022-10-20 00:09:21.221315,10,3,2430.0,2000.0,2000.0,2230.5,202.23171528389574,0
Gujarat,Patan,Bajra(Pearl Millet/Cumbu),2032.0,,,2022-10-21 00:09:21.221315,10,4,2187.0,2032.0,2032.0,2053.0,124.83188695201238,0
Gujarat,Patan,Jowar(Sorghum),5382.0,,,2022-10-22 00:09:21.221315,10,5,6340.0,5382.0,5382.0,5766.333333333333,506.2868093613868,0
Gujarat,Patan,Mustard,5300.0,,,2022-10-23 00:09:21.221315,10,6,5370.0,5300.0,5300.0,5332.333333333333,35.30344647953406,0
Gujarat,Patan,Wheat,2310.0,,,2022-10-24 00:09:21.221315,10,0,2000.0,2310.0,2310.0,2246.4,178.71010044202873,1
Gujarat,Porbandar,Kulthi(Horse Gram),3775.0,,,2022-10-25 00:09:21.221315,10,1,3850.0,3775.0,3775.0,3991.6666666666665,312.5833222251842,0
Gujarat,Porbandar,Wheat,2330.0,,,2022-10-26 00:09:21.221315,10,2,2205.0,2330.0,2330.0,2176.4285714285716,143.16989574494718,1
Gujarat,Rajkot,Bajra(Pearl Millet/Cumbu),2055.0,,,2022-10-27 00:09:21.221315,10,3,2055.0,2055.0,2055.0,2085.8333333333335,106.69661038039901,0
Gujarat,Rajkot,Jowar(Sorghum),4380.0,,,2022-10-28 00:09:21.221315,10,4,4600.0,4380.0,4380.0,4366.666666666667,456.75668212590693,0
Gujarat,Rajkot,Wheat,2435.0,,,2022-10-29 00:09:21.221315,10,5,2460.0,2445.0,2435.0,2433.5714285714284,32.108447189989896,0
Gujarat,Rajkot,Cotton,7140.0,,,2022-10-30 00:09:21.221315,10,6,7275.0,6960.0,7140.0,6656.428571428572,729.558738129393,0
Gujarat,Rajkot,Bengal Gram(Gram)(Whole),4325.0,,,2022-10-31 00:09:21.221315,10,0,11500.0,4900.0,4325.0,7563.571428571428,3690.6759930552403,0
Gujarat,Rajkot,Green Gram (Moong)(Whole),7660.0,,,2022-11-01 00:09:21.221315,11,1,8100.0,7660.0,7660.0,7777.0,615.9504850229441,0
Gujarat,Rajkot,Jowar(Sorghum),4440.0,,,2022-11-02 00:09:21.221315,11,2,4380.0,4440.0,4440.0,4377.142857142857,417.88013774742825,1
Gujarat,Rajkot,Wheat,2430.0,,,2022-11-03 00:09:21.221315,11,3,2435.0,2435.0,2430.0,2432.8571428571427,32.12698020578414,0
Gujarat,Rajkot,Arhar (Tur/Red Gram)(Whole),8400.0,,,2022-11-04 00:09:21.221315,11,4,8000.0,9305.0,8400.0,8312.857142857143,681.0889390212872,1
Gujarat,Rajkot,Bajra(Pearl Millet/Cumbu),2105.0,,,2022-11-05 00:09:21.221315,11,5,2055.0,2105.0,2105.0,2088.5714285714284,97.66926698959972,1
Gujarat,Rajkot,Bengal Gram(Gram)(Whole),4875.0,,,2022-11-06 00:09:21.221315,11,6,4325.0,11750.0,4875.0,6581.428571428572,3283.203103532832,1
Gujarat,Rajkot,Black Gram (Urd Beans)(Whole),7375.0,,,2022-11-07 00:09:21.221315,11,0,7500.0,7375.0,7375.0,7827.0,795.1069110503315,0
Gujarat,Rajkot,Cotton,7250.0,,,2022-11-08 00:09:21.221315,11,1,7140.0,6000.0,7250.0,6835.0,694.2321897847528,1
Gujarat,Rajkot,Green Gram (Moong)(Whole),7750.0,,,2022-11-09 00:09:21.221315,11,2,7660.0,7750.0,7750.0,7772.5,551.0331206016568,1
Gujarat,Rajkot,Jowar(Sorghum),4550.0,,,2022-11-10 00:09:21.221315,11,3,4440.0,4250.0,4550.0,4420.0,418.0510335672747,1
Gujarat,Rajkot,Jowar(Sorghum),2800.0,,,2022-11-11 00:09:21.221315,11,4,4550.0,3520.0,2800.0,4317.142857142857,681.7798834842589,0
Gujarat,Rajkot,Mustard,5200.0,,,2022-11-12 00:09:21.221315,11,5,5150.0,5200.0,5200.0,5100.0,117.26039399558574,1
Gujarat,Rajkot,Wheat,2360.0,,,2022-11-13 00:09:21.221315,11,6,2430.0,2420.0,2360.0,2424.285714285714,42.46847570341343,0
Gujarat,Rajkot,Wheat,2450.0,,,2022-11-14 00:09:21.221315,11,0,2360.0,2450.0,2450.0,2424.285714285714,42.46847570341343,1
Gujarat,Sabarkantha,Maize,2175.0,,,2022-11-15 00:09:21.221315,11,1,2175.0,2175.0,2175.0,2175.0,0.0,0
Gujarat,Sabarkantha,Wheat,2420.0,,,2022-11-16 00:09:21.221315,11,2,2400.0,2420.0,2420.0,2377.5,38.62210075418816,1
Gujarat,Sabarkantha,Bajra(Pearl Millet/Cumbu),2010.0,,,2022-11-17 00:09:21.221315,11,3,1975.0,2010.0,2010.0,1995.0,18.027756377319946,1
Gujarat,Sabarkantha,Bengal Gram(Gram)(Whole),4725.0,,,2022-11-18 00:09:21.221315,11,4,4725.0,4725.0,4725.0,4725.0,0.0,0
Gujarat,Sabarkantha,Maize,1953.0,,,2022-11-19 00:09:21.221315,11,5,2175.0,1953.0,1953.0,2064.0,156.97770542341354,0
Gujarat,Sabarkantha,Wheat,2533.0,,,2022-11-20 00:09:21.221315,11,6,2420.0,2533.0,2533.0,2408.6,77.16735060892009,1
Gujarat,Sabarkantha,Bajra(Pearl Millet/Cumbu),2230.0,,,2022-11-21 00:09:21.221315,11,0,2010.0,2230.0,2230.0,2053.75,118.41839665637542,1
Gujarat,Sabarkantha,Wheat,2323.0,,,2022-11-22 00:09:21.221315,11,1,2533.0,2323.0,2323.0,2394.3333333333335,77.36321261857383,0
Gujarat,Surat,Paddy(Dhan)(Common),1725.0,,,2022-11-23 00:09:21.221315,11,2,2035.0,1725.0,1725.0,1931.6666666666667,178.97858344878404,0
Gujarat,Surat,Pegeon Pea (Arhar Fali),10500.0,,,2022-11-24 00:09:21.221315,11,3,11500.0,10500.0,10500.0,11500.0,1000.0,0
Gujarat,Surat,Bengal Gram(Gram)(Whole),4415.0,,,2022-11-25 00:09:21.221315,11,4,4415.0,4415.0,4415.0,4415.0,0.0,0
Gujarat,Surat,Paddy(Dhan)(Common),2050.0,,,2022-11-26 00:09:21.221315,11,5,1725.0,2050.0,2050.0,1961.25,157.6586502542756,1
Gujarat,Surendranagar,Cotton,7000.0,,,2022-11-27 00:09:21.221315,11,6,7150.0,7000.0,7000.0,7035.0,65.19202405202654,0
Gujarat,Surendranagar,Wheat,2400.0,,,2022-11-28 00:09:21.221315,11,0,2425.0,2400.0,2400.0,2416.6666666666665,20.41241452319312,0
Gujarat,Surendranagar,Mustard,6625.0,,,2022-11-29 00:09:21.221315,11,1,6750.0,6625.0,6625.0,6616.0,355.62269331413586,0
Gujarat,Surendranagar,Wheat,2500.0,,,2022-11-30 00:09:21.221315,11,2,2400.0,2500.0,2500.0,2428.5714285714284,36.59625273557003,1
Haryana,Bhiwani,Cotton,6550.0,,,2022-12-01 00:09:21.221315,12,3,6900.0,6550.0,6550.0,6725.0,247.48737341529164,0
Haryana,Bhiwani,Maize,2100.0,,,2022-12-02 00:09:21.221315,12,4,2100.0,2100.0,2100.0,2100.0,0.0,0
Haryana,Jhajar,Maize,1100.0,,,2022-12-03 00:09:21.221315,12,5,1100.0,1100.0,1100.0,1100.0,0.0,0
Haryana,Jind,Mustard,5451.0,,,2022-12-04 00:09:21.221315,12,6,5451.0,5451.0,5451.0,5451.0,0.0,0
Haryana,Mahendragarh-Narnaul,Mustard,5000.0,,,2022-12-05 00:09:21.221315,12,0,4700.0,5000.0,5000.0,4850.0,212.13203435596427,1
Haryana,Mahendragarh-Narnaul,Mustard,4930.0,,,2022-12-06 00:09:21.221315,12,1,5000.0,4930.0,4930.0,4876.666666666667,156.95009822658068,0
Haryana,Sirsa,Bengal Gram(Gram)(Whole),4976.0,,,2022-12-07 00:09:21.221315,12,2,4990.0,4976.0,4976.0,4983.0,9.899494936611665,0
Haryana,Sirsa,Cotton,7050.0,,,2022-12-08 00:09:21.221315,12,3,7000.0,7050.0,7050.0,7032.666666666667,28.307831660749457,1
Haryana,Sirsa,Mustard,5200.0,,,2022-12-09 00:09:21.221315,12,4,5000.0,5200.0,5200.0,5115.0,135.030860670194,1
Haryana,Sirsa,Cotton,7030.0,,,2022-12-10 00:09:21.221315,12,5,7050.0,7030.0,7030.0,7032.0,23.151673805580398,0
Haryana,Sirsa,Mustard,5000.0,,,2022-12-11 00:09:21.221315,12,6,5200.0,5000.0,5000.0,5092.0,127.7497553813705,0
Karnataka,Bagalkot,Maize,2279.0,,,2022-12-12 00:09:21.221315,12,0,2279.0,2279.0,2279.0,2279.0,0.0,0
Karnataka,Bellary,Bajra(Pearl Millet/Cumbu),2610.0,,,2022-12-13 00:09:21.221315,12,1,2610.0,2610.0,2610.0,2610.0,0.0,0
Karnataka,Bellary,Bengal Gram(Gram)(Whole),4409.0,,,2022-12-14 00:09:21.221315,12,2,4409.0,4409.0,4409.0,4409.0,0.0,0
Karnataka,Bellary,Jowar(Sorghum),2712.0,,,2022-12-15 00:09:21.221315,12,3,2712.0,2712.0,2712.0,2712.0,0.0,0
Karnataka,Bellary,Maize,2386.0,,,2022-12-16 00:09:21.221315,12,4,2386.0,2386.0,2386.0,2386.0,0.0,0
Karnataka,Bidar,Arhar (Tur/Red Gram)(Whole),10050.0,,,2022-12-17 00:09:21.221315,12,5,10050.0,10050.0,10050.0,10050.0,0.0,0
Karnataka,Bidar,Bengal Gram(Gram)(Whole),5000.0,,,2022-12-18 00:09:21.221315,12,6,5000.0,5000.0,5000.0,5000.0,0.0,0
Karnataka,Bidar,Jowar(Sorghum),3680.0,,,2022-12-19 00:09:21.221315,12,0,3680.0,3680.0,3680.0,3680.0,0.0,0
Karnataka,Bidar,Wheat,2800.0,,,2022-12-20 00:09:21.221315,12,1,2800.0,2800.0,2800.0,2800.0,0.0,0
Karnataka,Bidar,Wheat,2300.0,,,2022-12-21 00:09:21.221315,12,2,2800.0,2300.0,2300.0,2550.0,353.5533905932738,0
Karnataka,Bidar,Arhar (Tur/Red Gram)(Whole),9999.0,,,2022-12-22 00:09:21.221315,12,3,10050.0,9999.0,9999.0,10024.5,36.062445840513924,0
Karnataka,Bidar,Bengal Gram(Gram)(Whole),5019.0,,,2022-12-23 00:09:21.221315,12,4,5000.0,5019.0,5019.0,5009.5,13.435028842544403,1
Karnataka,Bidar,Jowar(Sorghum),4000.0,,,2022-12-24 00:09:21.221315,12,5,3680.0,4000.0,4000.0,3840.0,226.27416997969522,1
Karnataka,Bidar,Wheat,3000.0,,,2022-12-25 00:09:21.221315,12,6,2300.0,3000.0,3000.0,2700.0,360.5551275463989,1
Karnataka,Bijapur,Cotton,7236.0,,,2022-12-26 00:09:21.221315,12,0,7236.0,7236.0,7236.0,7236.0,0.0,0
Karnataka,Chitradurga,Cotton,7143.0,,,2022-12-27 00:09:21.221315,12,1,7143.0,7143.0,7143.0,7143.0,0.0,0
Karnataka,Dharwad,Bengal Gram(Gram)(Whole),4746.0,,,2022-12-28 00:09:21.221315,12,2,4746.0,4746.0,4746.0,4746.0,0.0,0
Karnataka,Dharwad,Black Gram (Urd Beans)(Whole),6511.0,,,2022-12-29 00:09:21.221315,12,3,6511.0,6511.0,6511.0,6511.0,0.0,0
Karnataka,Dharwad,Green Gram (Moong)(Whole),5893.0,,,2022-12-30 00:09:21.221315,12,4,5893.0,5893.0,5893.0,5893.0,0.0,0
Karnataka,Dharwad,Jowar(Sorghum),4527.0,,,2022-12-31 00:09:21.221315,12,5,4527.0,4527.0,4527.0,4527.0,0.0,0
Karnataka,Dharwad,Maize,2109.0,,,2023-01-01 00:09:21.221315,1,6,2109.0,2109.0,2109.0,2109.0,0.0,0
Karnataka,Gadag,Bengal Gram(Gram)(Whole),4650.0,,,2023-01-02 00:09:21.221315,1,0,4650.0,4650.0,4650.0,4650.0,0.0,0
Karnataka,Gadag,Green Gram (Moong)(Whole),5904.0,,,2023-01-03 00:09:21.221315,1,1,5904.0,5904.0,5904.0,5904.0,0.0,0
Karnataka,Gulbarga,Arhar (Tur/Red Gram)(Whole),10021.0,,,2023-01-04 00:09:21.221315,1,2,10021.0,10021.0,10021.0,10021.0,0.0,0
Karnataka,Gulbarga,Bengal Gram(Gram)(Whole),5252.0,,,2023-01-05 00:09:21.221315,1,3,5252.0,5252.0,5252.0,5252.0,0.0,0
Karnataka,Gulbarga,Black Gram (Urd Beans)(Whole),6800.0,,,2023-01-06 00:09:21.221315,1,4,6800.0,6800.0,6800.0,6800.0,0.0,0
Karnataka,Gulbarga,Green Gram (Moong)(Whole),7300.0,,,2023-01-07 00:09:21.221315,1,5,7300.0,7300.0,7300.0,7300.0,0.0,0
Karnataka,Gulbarga,Jowar(Sorghum),4500.0,,,2023-01-08 00:09:21.221315,1,6,4500.0,4500.0,4500.0,4500.0,0.0,0
Karnataka,Hassan,Black Gram Dal (Urd Dal),11300.0,,,2023-01-09 00:09:21.221315,1,0,11300.0,11300.0,11300.0,11300.0,0.0,0
Karnataka,Hassan,Wheat,3325.0,,,2023-01-10 00:09:21.221315,1,1,3325.0,3325.0,3325.0,3325.0,0.0,0
Karnataka,Kolar,Paddy(Dhan)(Common),2400.0,,,2023-01-11 00:09:21.221315,1,2,2080.0,2400.0,2400.0,2240.0,226.27416997969522,1
Karnataka,Raichur,Arhar (Tur/Red Gram)(Whole),10044.0,,,2023-01-12 00:09:21.221315,1,3,10044.0,10044.0,10044.0,10044.0,0.0,0
Karnataka,Raichur,Cotton,7050.0,,,2023-01-13 00:09:21.221315,1,4,7050.0,7050.0,7050.0,7050.0,0.0,0
Karnataka,Raichur,Paddy(Dhan)(Common),2129.0,,,2023-01-14 00:09:21.221315,1,5,3005.0,2129.0,2129.0,2567.0,619.4255403194156,0
Karnataka,Shimoga,Arhar Dal(Tur Dal),11750.0,,,2023-01-15 00:09:21.221315,1,6,11750.0,11750.0,11750.0,11750.0,0.0,0
Karnataka,Shimoga,Bengal Gram Dal (Chana Dal),6800.0,,,2023-01-16 00:09:21.221315,1,0,6750.0,6800.0,6800.0,6775.0,35.35533905932738,1
Karnataka,Shimoga,Bengal Gram(Gram)(Whole),5800.0,,,2023-01-17 00:09:21.221315,1,1,5850.0,5800.0,5800.0,5825.0,35.35533905932738,0
Karnataka,Shimoga,Black Gram Dal (Urd Dal),11900.0,,,2023-01-18 00:09:21.221315,1,2,11900.0,11900.0,11900.0,11900.0,0.0,0
Karnataka,Shimoga,Green Gram (Moong)(Whole),11000.0,,,2023-01-19 00:09:21.221315,1,3,11000.0,11000.0,11000.0,11000.0,0.0,0
Karnataka,Shimoga,Green Gram Dal (Moong Dal),12000.0,,,2023-01-20 00:09:21.221315,1,4,12000.0,12000.0,12000.0,12000.0,0.0,0
Karnataka,Shimoga,Kulthi(Horse Gram),6500.0,,,2023-01-21 00:09:21.221315,1,5,6500.0,6500.0,6500.0,6500.0,0.0,0
Karnataka,Shimoga,Maize,2100.0,,,2023-01-22 00:09:21.221315,1,6,2100.0,2100.0,2100.0,2100.0,0.0,0
Karnataka,Shimoga,Mustard,7500.0,,,2023-01-23 00:09:21.221315,1,0,7500.0,7500.0,7500.0,7500.0,0.0,0
Karnataka,Shimoga,Wheat,4700.0,,,2023-01-24 00:09:21.221315,1,1,5250.0,4700.0,4700.0,4975.0,388.90872965260115,0
Karnataka,Tumkur,Maize,2050.0,,,2023-01-25 00:09:21.221315,1,2,2050.0,2050.0,2050.0,2050.0,0.0,0
Kerala,Kasargod,Arhar (Tur/Red Gram)(Whole),12600.0,,,2023-01-26 00:09:21.221315,1,3,12600.0,12600.0,12600.0,12600.0,0.0,0
Kerala,Kasargod,Black Gram (Urd Beans)(Whole),15200.0,,,2023-01-27 00:09:21.221315,1,4,15200.0,15200.0,15200.0,15200.0,0.0,0
Kerala,Kottayam,Bengal Gram(Gram)(Whole),6400.0,,,2023-01-28 00:09:21.221315,1,5,6400.0,6400.0,6400.0,6400.0,0.0,0
Kerala,Kottayam,Black Gram (Urd Beans)(Whole),11000.0,,,2023-01-29 00:09:21.221315,1,6,11000.0,11000.0,11000.0,11000.0,0.0,0
Kerala,Malappuram,Bengal Gram(Gram)(Whole),6250.0,,,2023-01-30 00:09:21.221315,1,0,6250.0,6250.0,6250.0,6250.0,0.0,0
Kerala,Malappuram,Green Gram (Moong)(Whole),10550.0,,,2023-01-31 00:09:21.221315,1,1,10550.0,10550.0,10550.0,10550.0,0.0,0
Kerala,Palakad,Arhar (Tur/Red Gram)(Whole),14300.0,,,2023-02-01 00:09:21.221315,2,2,14300.0,14300.0,14300.0,14300.0,0.0,0
Kerala,Palakad,Bengal Gram(Gram)(Whole),8300.0,,,2023-02-02 00:09:21.221315,2,3,7600.0,8300.0,8300.0,7950.0,494.9747468305833,1
Kerala,Palakad,Black Gram (Urd Beans)(Whole),11600.0,,,2023-02-03 00:09:21.221315,2,4,12600.0,11600.0,11600.0,11766.666666666666,763.7626158259733,0
Kerala,Palakad,Black Gram (Urd Beans)(Whole),12600.0,,,2023-02-04 00:09:21.221315,2,5,11600.0,12600.0,12600.0,11975.0,750.0000000000001,1
Kerala,Palakad,Green Gram (Moong)(Whole),13600.0,,,2023-02-05 00:09:21.221315,2,6,13600.0,13600.0,13600.0,13266.666666666666,577.3502691896259,0
Kerala,Palakad,Green Gram (Moong)(Whole),14600.0,,,2023-02-06 00:09:21.221315,2,0,13600.0,14600.0,14600.0,13600.0,816.4965809277262,1
Madhya Pradesh,Anupur,Wheat,2210.0,,,2023-02-07 00:09:21.221315,2,1,2210.0,2210.0,2210.0,2210.0,0.0,0
Madhya Pradesh,Ashoknagar,Bengal Gram(Gram)(Whole),4790.0,,,2023-02-08 00:09:21.221315,2,2,4990.0,4790.0,4790.0,4890.0,141.4213562373095,0
Madhya Pradesh,Ashoknagar,Wheat,2305.0,,,2023-02-09 00:09:21.221315,2,3,2125.0,2305.0,2305.0,2215.0,127.27922061357856,1
Madhya Pradesh,Badwani,Cotton,7250.0,,,2023-02-10 00:09:21.221315,2,4,7250.0,7250.0,7250.0,7250.0,0.0,0
Madhya Pradesh,Badwani,Maize,1975.0,,,2023-02-11 00:09:21.221315,2,5,1975.0,1975.0,1975.0,1975.0,0.0,0
Madhya Pradesh,Badwani,Cotton,6400.0,,,2023-02-12 00:09:21.221315,2,6,7250.0,6400.0,6400.0,6825.0,601.0407640085654,0
Madhya Pradesh,Balaghat,Paddy(Dhan)(Common),1875.0,,,2023-02-13 00:09:21.221315,2,0,1875.0,1875.0,1875.0,1875.0,0.0,0
Madhya Pradesh,Bhind,Mustard,5300.0,,,2023-02-14 00:09:21.221315,2,1,5300.0,5300.0,5300.0,5300.0,0.0,0
Madhya Pradesh,Bhind,Wheat,2260.0,,,2023-02-15 00:09:21.221315,2,2,2250.0,2260.0,2260.0,2255.0,7.0710678118654755,1
Madhya Pradesh,Damoh,Bengal Gram(Gram)(Whole),4925.0,,,2023-02-16 00:09:21.221315,2,3,4925.0,4925.0,4925.0,4925.0,0.0,0
Madhya Pradesh,Damoh,Green Gram (Moong)(Whole),7370.0,,,2023-02-17 00:09:21.221315,2,4,7370.0,7370.0,7370.0,7370.0,0.0,0
Madhya Pradesh,Damoh,Lentil (Masur)(Whole),5550.0,,,2023-02-18 00:09:21.221315,2,5,5550.0,5550.0,5550.0,5550.0,0.0,0
Madhya Pradesh,Damoh,Wheat,2315.0,,,2023-02-19 00:09:21.221315,2,6,2315.0,2315.0,2315.0,2315.0,0.0,0
Madhya Pradesh,Dewas,Green Gram (Moong)(Whole),6000.0,,,2023-02-20 00:09:21.221315,2,0,7100.0,6000.0,6000.0,6550.0,777.8174593052023,0
Madhya Pradesh,Dewas,Wheat,2250.0,,,2023-02-21 00:09:21.221315,2,1,2230.0,2250.0,2250.0,2298.2,58.31980795578803,1
Madhya Pradesh,Dhar,Wheat,2535.0,,,2023-02-22 00:09:21.221315,2,2,2480.0,2535.0,2535.0,2507.5,38.890872965260115,1
Madhya Pradesh,Harda,Bengal Gram(Gram)(Whole),4680.0,,,2023-02-23 00:09:21.221315,2,3,4680.0,4680.0,4680.0,4680.0,0.0,0
Madhya Pradesh,Harda,Green Gram (Moong)(Whole),7230.0,,,2023-02-24 00:09:21.221315,2,4,7230.0,7230.0,7230.0,7230.0,0.0,0
Madhya Pradesh,Harda,Maize,2010.0,,,2023-02-25 00:09:21.221315,2,5,2010.0,2010.0,2010.0,2010.0,0.0,0
Madhya Pradesh,Harda,Mustard,2601.0,,,2023-02-26 00:09:21.221315,2,6,2601.0,2601.0,2601.0,2601.0,0.0,0
Madhya Pradesh,Harda,Wheat,2390.0,,,2023-02-27 00:09:21.221315,2,0,2390.0,2390.0,2390.0,2390.0,0.0,0
Madhya Pradesh,Hoshangabad,Wheat,2050.0,,,2023-02-28 00:09:21.221315,2,1,2050.0,2050.0,2050.0,2050.0,0.0,0
Madhya Pradesh,Jhabua,Wheat,2130.0,,,2023-03-01 00:09:21.221315,3,2,2050.0,2130.0,2130.0,2098.3333333333335,42.52450274057687,1
Madhya Pradesh,Katni,Gram Raw(Chholia),1000.0,,,2023-03-02 00:09:21.221315,3,3,1000.0,1000.0,1000.0,1000.0,0.0,0
Madhya Pradesh,Katni,Maize,1000.0,,,2023-03-03 00:09:21.221315,3,4,1000.0,1000.0,1000.0,1000.0,0.0,0
Madhya Pradesh,Khargone,Maize,1900.0,,,2023-03-04 00:09:21.221315,3,5,1900.0,1900.0,1900.0,1900.0,0.0,0
Madhya Pradesh,Khargone,Wheat,2410.0,,,2023-03-05 00:09:21.221315,3,6,2410.0,2410.0,2410.0,2410.0,0.0,0
Madhya Pradesh,Khargone,Maize,1980.0,,,2023-03-06 00:09:21.221315,3,0,1900.0,1980.0,1980.0,1940.0,56.568542494923804,1
Madhya Pradesh,Khargone,Wheat,2470.0,,,2023-03-07 00:09:21.221315,3,1,2410.0,2470.0,2470.0,2440.0,42.42640687119285,1
Madhya Pradesh,Khargone,Bengal Gram(Gram)(Whole),4800.0,,,2023-03-08 00:09:21.221315,3,2,4800.0,4800.0,4800.0,4800.0,0.0,0
Madhya Pradesh,Khargone,Green Gram (Moong)(Whole),7395.0,,,2023-03-09 00:09:21.221315,3,3,7395.0,7395.0,7395.0,7395.0,0.0,0
Madhya Pradesh,Khargone,Wheat,2475.0,,,2023-03-10 00:09:21.221315,3,4,2470.0,2475.0,2475.0,2451.6666666666665,36.170890690351214,1
Madhya Pradesh,Mandsaur,Black Gram (Urd Beans)(Whole),6575.0,,,2023-03-11 00:09:21.221315,3,5,6575.0,6575.0,6575.0,6575.0,0.0,0
Madhya Pradesh,Mandsaur,Lentil (Masur)(Whole),5270.0,,,2023-03-12 00:09:21.221315,3,6,5270.0,5270.0,5270.0,5270.0,0.0,0
Madhya Pradesh,Mandsaur,Maize,2065.0,,,2023-03-13 00:09:21.221315,3,0,2065.0,2065.0,2065.0,2065.0,0.0,0
Madhya Pradesh,Mandsaur,Mustard,5195.0,,,2023-03-14 00:09:21.221315,3,1,5195.0,5195.0,5195.0,5195.0,0.0,0
Madhya Pradesh,Mandsaur,Wheat,2450.0,,,2023-03-15 00:09:21.221315,3,2,2115.0,2450.0,2450.0,2282.5,236.88077169749343,1
Madhya Pradesh,Mandsaur,Wheat,2125.0,,,2023-03-16 00:09:21.221315,3,3,2450.0,2125.0,2125.0,2230.0,190.59118552545917,0
Madhya Pradesh,Panna,Alasande Gram,5050.0,,,2023-03-17 00:09:21.221315,3,4,5050.0,5050.0,5050.0,5050.0,0.0,0
Madhya Pradesh,Panna,Arhar (Tur/Red Gram)(Whole),8700.0,,,2023-03-18 00:09:21.221315,3,5,8700.0,8700.0,8700.0,8700.0,0.0,0
Madhya Pradesh,Panna,Wheat,2160.0,,,2023-03-19 00:09:21.221315,3,6,2125.0,2160.0,2160.0,2093.6,58.92622506151231,1
Madhya Pradesh,Panna,Wheat,2100.0,,,2023-03-20 00:09:21.221315,3,0,2160.0,2100.0,2100.0,2094.6666666666665,52.76994093863161,0
Madhya Pradesh,Panna,Wheat,2020.0,,,2023-03-21 00:09:21.221315,3,1,2100.0,2020.0,2020.0,2084.0,55.83009940883144,0
Madhya Pradesh,Raisen,Bengal Gram(Gram)(Whole),4875.0,,,2023-03-22 00:09:21.221315,3,2,4875.0,4875.0,4875.0,4875.0,0.0,0
Madhya Pradesh,Raisen,Green Gram (Moong)(Whole),7100.0,,,2023-03-23 00:09:21.221315,3,3,7100.0,7100.0,7100.0,7100.0,0.0,0
Madhya Pradesh,Raisen,Lentil (Masur)(Whole),5400.0,,,2023-03-24 00:09:21.221315,3,4,5400.0,5400.0,5400.0,5400.0,0.0,0
Madhya Pradesh,Raisen,Mustard,5500.0,,,2023-03-25 00:09:21.221315,3,5,5500.0,5500.0,5500.0,5500.0,0.0,0
Madhya Pradesh,Raisen,Wheat,2250.0,,,2023-03-26 00:09:21.221315,3,6,2250.0,2250.0,2250.0,2250.0,0.0,0
Madhya Pradesh,Rajgarh,Bengal Gram(Gram)(Whole),4465.0,,,2023-03-27 00:09:21.221315,3,0,4335.0,4465.0,4465.0,4400.0,91.92388155425118,1
Madhya Pradesh,Rajgarh,Lentil (Masur)(Whole),5550.0,,,2023-03-28 00:09:21.221315,3,1,5700.0,5550.0,5550.0,5625.0,106.06601717798213,0
Madhya Pradesh,Rajgarh,Mustard,4850.0,,,2023-03-29 00:09:21.221315,3,2,5100.0,4850.0,4850.0,4975.0,176.7766952966369,0
Madhya Pradesh,Rajgarh,Wheat,2295.0,,,2023-03-30 00:09:21.221315,3,3,2320.0,2295.0,2295.0,2306.6666666666665,12.583057392117864,0
Madhya Pradesh,Sagar,Arhar (Tur/Red Gram)(Whole),7705.0,,,2023-03-31 00:09:21.221315,3,4,7705.0,7705.0,7705.0,7705.0,0.0,0
Madhya Pradesh,Sagar,Bengal Gram(Gram)(Whole),5000.0,,,2023-04-01 00:09:21.221315,4,5,5000.0,5000.0,5000.0,5000.0,0.0,0
Madhya Pradesh,Sagar,Black Gram (Urd Beans)(Whole),5805.0,,,2023-04-02 00:09:21.221315,4,6,5805.0,5805.0,5805.0,5805.0,0.0,0
Madhya Pradesh,Sagar,Green Gram (Moong)(Whole),7000.0,,,2023-04-03 00:09:21.221315,4,0,7000.0,7000.0,7000.0,7000.0,0.0,0
Madhya Pradesh,Sagar,Lentil (Masur)(Whole),5500.0,,,2023-04-04 00:09:21.221315,4,1,5500.0,5500.0,5500.0,5500.0,0.0,0
Madhya Pradesh,Sagar,Mustard,4900.0,,,2023-04-05 00:09:21.221315,4,2,4900.0,4900.0,4900.0,4900.0,0.0,0
Madhya Pradesh,Sagar,Wheat,2400.0,,,2023-04-06 00:09:21.221315,4,3,2180.0,2400.0,2400.0,2233.6666666666665,147.0385436997162,1
Madhya Pradesh,Sehore,Arhar (Tur/Red Gram)(Whole),4400.0,,,2023-04-07 00:09:21.221315,4,4,4400.0,4400.0,4400.0,4400.0,0.0,0
Madhya Pradesh,Sehore,Green Gram (Moong)(Whole),7280.0,,,2023-04-08 00:09:21.221315,4,5,7280.0,7280.0,7280.0,7280.0,0.0,0
Madhya Pradesh,Sehore,Wheat,2450.0,,,2023-04-09 00:09:21.221315,4,6,2450.0,2450.0,2450.0,2450.0,0.0,0
Madhya Pradesh,Seoni,Paddy(Dhan)(Common),2045.0,,,2023-04-10 00:09:21.221315,4,0,2045.0,2045.0,2045.0,2045.0,0.0,0
Madhya Pradesh,Shajapur,Bengal Gram(Gram)(Whole),4500.0,,,2023-04-11 00:09:21.221315,4,1,5640.0,4500.0,4500.0,4835.714285714285,616.552434722226,0
Madhya Pradesh,Shajapur,Lentil (Masur)(Whole),5700.0,,,2023-04-12 00:09:21.221315,4,2,5570.0,5700.0,5700.0,5555.0,107.23805294763598,1
Madhya Pradesh,Shajapur,Mustard,5200.0,,,2023-04-13 00:09:21.221315,4,3,4975.0,5200.0,5200.0,5083.75,92.31964399122576,1
Madhya Pradesh,Shajapur,Wheat,2350.0,,,2023-04-14 00:09:21.221315,4,4,2780.0,2240.0,2350.0,2360.714285714286,282.834294411477,0
Madhya Pradesh,Shajapur,Bengal Gram(Gram)(Whole),4315.0,,,2023-04-15 00:09:21.221315,4,5,4500.0,4250.0,4315.0,4845.0,606.6712454039667,0
Madhya Pradesh,Shajapur,Bengal Gram(Gram)(Whole),5720.0,,,2023-04-16 00:09:21.221315,4,6,4315.0,5485.0,5720.0,4878.571428571428,652.7423833700543,1
Madhya Pradesh,Shajapur,Lentil (Masur)(Whole),5535.0,,,2023-04-17 00:09:21.221315,4,0,5700.0,5535.0,5535.0,5551.0,93.30058949438627,0
Madhya Pradesh,Shajapur,Mustard,4970.0,,,2023-04-18 00:09:21.221315,4,1,5200.0,4970.0,4970.0,5061.0,94.76286192385707,0
Madhya Pradesh,Shajapur,Wheat,2230.0,,,2023-04-19 00:09:21.221315,4,2,2350.0,2055.0,2230.0,2385.714285714286,257.94748450392905,0
Madhya Pradesh,Shajapur,Wheat,2070.0,,,2023-04-20 00:09:21.221315,4,3,2230.0,2710.0,2070.0,2294.285714285714,236.36886024863367,0
Madhya Pradesh,Shajapur,Wheat,2740.0,,,2023-04-21 00:09:21.221315,4,4,2070.0,2250.0,2740.0,2364.285714285714,287.98768161486475,1
Madhya Pradesh,Shajapur,Wheat,2300.0,,,2023-04-22 00:09:21.221315,4,5,2740.0,2285.0,2300.0,2366.4285714285716,287.35451805673597,0
Madhya Pradesh,Shivpuri,Lentil (Masur)(Whole),5390.0,,,2023-04-23 00:09:21.221315,4,6,5390.0,5390.0,5390.0,5390.0,0.0,0
Madhya Pradesh,Shivpuri,Mustard,5050.0,,,2023-04-24 00:09:21.221315,4,0,5050.0,5050.0,5050.0,5050.0,0.0,0
Madhya Pradesh,Shivpuri,Wheat,2910.0,,,2023-04-25 00:09:21.221315,4,1,2910.0,2910.0,2910.0,2910.0,0.0,0
Madhya Pradesh,Shivpuri,Bengal Gram(Gram)(Whole),4795.0,,,2023-04-26 00:09:21.221315,4,2,4795.0,4795.0,4795.0,4795.0,0.0,0
Madhya Pradesh,Shivpuri,Lentil (Masur)(Whole),5550.0,,,2023-04-27 00:09:21.221315,4,3,5390.0,5550.0,5550.0,5470.0,113.13708498984761,1
Madhya Pradesh,Shivpuri,Mustard,5350.0,,,2023-04-28 00:09:21.221315,4,4,5050.0,5350.0,5350.0,5200.0,212.13203435596427,1
Madhya Pradesh,Shivpuri,Wheat,2340.0,,,2023-04-29 00:09:21.221315,4,5,2910.0,2340.0,2340.0,2625.0,403.0508652763321,0
Madhya Pradesh,Ujjain,Bengal Gram(Gram)(Whole),5080.0,,,2023-04-30 00:09:21.221315,4,6,5080.0,5080.0,5080.0,5080.0,0.0,0
Madhya Pradesh,Ujjain,Wheat,2594.0,,,2023-05-01 00:09:21.221315,5,0,2594.0,2594.0,2594.0,2594.0,0.0,0
Madhya Pradesh,Ujjain,Wheat,2414.0,,,2023-05-02 00:09:21.221315,5,1,2594.0,2414.0,2414.0,2504.0,127.27922061357856,0
Madhya Pradesh,Vidisha,Bengal Gram(Gram)(Whole),5000.0,,,2023-05-03 00:09:21.221315,5,2,5000.0,5000.0,5000.0,5000.0,0.0,0
Madhya Pradesh,Vidisha,Lentil (Masur)(Whole),5560.0,,,2023-05-04 00:09:21.221315,5,3,5560.0,5560.0,5560.0,5560.0,0.0,0
Madhya Pradesh,Vidisha,Mustard,5055.0,,,2023-05-05 00:09:21.221315,5,4,5055.0,5055.0,5055.0,5055.0,0.0,0
Madhya Pradesh,Vidisha,Wheat,2340.0,,,2023-05-06 00:09:21.221315,5,5,2340.0,2340.0,2340.0,2340.0,0.0,0
Maharashtra,Ahmednagar,Bengal Gram(Gram)(Whole),4250.0,,,2023-05-07 00:09:21.221315,5,6,4000.0,4250.0,4250.0,4125.0,176.7766952966369,1
Maharashtra,Ahmednagar,Jowar(Sorghum),4600.0,,,2023-05-08 00:09:21.221315,5,0,4600.0,4600.0,4600.0,4600.0,0.0,0
Maharashtra,Ahmednagar,Wheat,2250.0,,,2023-05-09 00:09:21.221315,5,1,2450.0,2250.0,2250.0,2350.0,141.4213562373095,0
Maharashtra,Ahmednagar,Paddy(Dhan)(Common),2300.0,,,2023-05-10 00:09:21.221315,5,2,2300.0,2300.0,2300.0,2300.0,0.0,0
Maharashtra,Ahmednagar,Bajra(Pearl Millet/Cumbu),2561.0,,,2023-05-11 00:09:21.221315,5,3,2561.0,2561.0,2561.0,2561.0,0.0,0
Maharashtra,Ahmednagar,Bengal Gram(Gram)(Whole),4790.0,,,2023-05-12 00:09:21.221315,5,4,4250.0,4790.0,4790.0,4346.666666666667,403.7738641038239,1
Maharashtra,Ahmednagar,Maize,2150.0,,,2023-05-13 00:09:21.221315,5,5,2150.0,2150.0,2150.0,2150.0,0.0,0
Maharashtra,Ahmednagar,Wheat,2405.0,,,2023-05-14 00:09:21.221315,5,6,2250.0,2405.0,2405.0,2368.3333333333335,104.92060490358092,1
Maharashtra,Ahmednagar,Maize,2100.0,,,2023-05-15 00:09:21.221315,5,0,2150.0,2100.0,2100.0,2125.0,35.35533905932738,0
Maharashtra,Ahmednagar,Wheat,2466.0,,,2023-05-16 00:09:21.221315,5,1,2405.0,2466.0,2466.0,2392.75,98.60823156985083,1
Maharashtra,Ahmednagar,Bajra(Pearl Millet/Cumbu),2000.0,,,2023-05-17 00:09:21.221315,5,2,2561.0,2000.0,2000.0,2280.5,396.6869042456532,0
Maharashtra,Ahmednagar,Bengal Gram(Gram)(Whole),4200.0,,,2023-05-18 00:09:21.221315,5,3,4790.0,4200.0,4200.0,4310.0,337.737570706409,0
Maharashtra,Ahmednagar,Jowar(Sorghum),1850.0,,,2023-05-19 00:09:21.221315,5,4,4600.0,1850.0,1850.0,3225.0,1944.5436482630057,0
Maharashtra,Ahmednagar,Maize,1600.0,,,2023-05-20 00:09:21.221315,5,5,2100.0,1600.0,1600.0,1950.0,304.138126514911,0
Maharashtra,Ahmednagar,Wheat,2350.0,,,2023-05-21 00:09:21.221315,5,6,2466.0,2350.0,2350.0,2384.2,87.51114214772878,0
Maharashtra,Ahmednagar,Bajra(Pearl Millet/Cumbu),2000.0,,,2023-05-22 00:09:21.221315,5,0,2000.0,2000.0,2000.0,2187.0,323.8935010153801,0
Maharashtra,Ahmednagar,Bengal Gram(Gram)(Whole),4800.0,,,2023-05-23 00:09:21.221315,5,1,4200.0,4800.0,4800.0,4408.0,365.4722971717555,1
Maharashtra,Ahmednagar,Black Gram (Urd Beans)(Whole),6800.0,,,2023-05-24 00:09:21.221315,5,2,6800.0,6800.0,6800.0,6800.0,0.0,0
Maharashtra,Ahmednagar,Wheat,2400.0,,,2023-05-25 00:09:21.221315,5,3,2350.0,2400.0,2400.0,2386.8333333333335,78.53767673331484,1
Maharashtra,Ahmednagar,Arhar (Tur/Red Gram)(Whole),9000.0,,,2023-05-26 00:09:21.221315,5,4,9000.0,9000.0,9000.0,9000.0,0.0,0
Maharashtra,Ahmednagar,Bajra(Pearl Millet/Cumbu),2400.0,,,2023-05-27 00:09:21.221315,5,5,2000.0,2400.0,2400.0,2240.25,285.0969133470231,1
Maharashtra,Ahmednagar,Wheat,2500.0,,,2023-05-28 00:09:21.221315,5,6,2400.0,2500.0,2500.0,2403.0,83.48452950497281,1
Maharashtra,Akola,Arhar (Tur/Red Gram)(Whole),9700.0,,,2023-05-29 00:09:21.221315,5,0,9700.0,9700.0,9700.0,9700.0,0.0,0
Maharashtra,Akola,Bengal Gram(Gram)(Whole),4500.0,,,2023-05-30 00:09:21.221315,5,1,4500.0,4500.0,4500.0,4500.0,0.0,0
Maharashtra,Akola,Black Gram (Urd Beans)(Whole),4105.0,,,2023-05-31 00:09:21.221315,5,2,4105.0,4105.0,4105.0,4105.0,0.0,0
Maharashtra,Akola,Green Gram (Moong)(Whole),7110.0,,,2023-06-01 00:09:21.221315,6,3,7110.0,7110.0,7110.0,7110.0,0.0,0
Maharashtra,Akola,Jowar(Sorghum),2845.0,,,2023-06-02 00:09:21.221315,6,4,2845.0,2845.0,2845.0,2845.0,0.0,0
Maharashtra,Akola,Wheat,2300.0,,,2023-06-03 00:09:21.221315,6,5,2300.0,2300.0,2300.0,2300.0,0.0,0
Maharashtra,Akola,Arhar (Tur/Red Gram)(Whole),9750.0,,,2023-06-04 00:09:21.221315,6,6,9700.0,9750.0,9750.0,9725.0,35.35533905932738,1
Maharashtra,Akola,Arhar (Tur/Red Gram)(Whole),9940.0,,,2023-06-05 00:09:21.221315,6,0,9750.0,9940.0,9940.0,9796.666666666666,126.62279942148412,1
Maharashtra,Akola,Bengal Gram(Gram)(Whole),5090.0,,,2023-06-06 00:09:21.221315,6,1,4500.0,5090.0,5090.0,4795.0,417.19300090006305,1
Maharashtra,Akola,Jowar(Sorghum),2850.0,,,2023-06-07 00:09:21.221315,6,2,2845.0,2850.0,2850.0,2847.5,3.5355339059327378,1
Maharashtra,Akola,Wheat,2270.0,,,2023-06-08 00:09:21.221315,6,3,2300.0,2270.0,2270.0,2285.0,21.213203435596427,0
Maharashtra,Amarawati,Arhar (Tur/Red Gram)(Whole),9975.0,,,2023-06-09 00:09:21.221315,6,4,9975.0,9975.0,9975.0,9975.0,0.0,0
Maharashtra,Amarawati,Bajra(Pearl Millet/Cumbu),2400.0,,,2023-06-10 00:09:21.221315,6,5,2400.0,2400.0,2400.0,2400.0,0.0,0
Maharashtra,Amarawati,Bengal Gram(Gram)(Whole),4975.0,,,2023-06-11 00:09:21.221315,6,6,4975.0,4975.0,4975.0,4975.0,0.0,0
Maharashtra,Amarawati,Black Gram (Urd Beans)(Whole),6150.0,,,2023-06-12 00:09:21.221315,6,0,6150.0,6150.0,6150.0,6150.0,0.0,0
Maharashtra,Amarawati,Green Gram (Moong)(Whole),6475.0,,,2023-06-13 00:09:21.221315,6,1,6475.0,6475.0,6475.0,6475.0,0.0,0
Maharashtra,Amarawati,Jowar(Sorghum),2375.0,,,2023-06-14 00:09:21.221315,6,2,2375.0,2375.0,2375.0,2375.0,0.0,0
Maharashtra,Amarawati,Maize,2032.0,,,2023-06-15 00:09:21.221315,6,3,2032.0,2032.0,2032.0,2032.0,0.0,0
Maharashtra,Amarawati,Wheat,2525.0,,,2023-06-16 00:09:21.221315,6,4,2300.0,2525.0,2525.0,2412.5,159.0990257669732,1
Maharashtra,Amarawati,Jowar(Sorghum),2300.0,,,2023-06-17 00:09:21.221315,6,5,2375.0,2300.0,2300.0,2337.5,53.033008588991066,0
Maharashtra,Amarawati,Wheat,2300.0,,,2023-06-18 00:09:21.221315,6,6,2525.0,2300.0,2300.0,2375.0,129.9038105676658,0
Maharashtra,Aurangabad,Jowar(Sorghum),3520.0,,,2023-06-19 00:09:21.221315,6,0,3580.0,3520.0,3520.0,3700.0,261.5339366124404,0
Maharashtra,Aurangabad,Maize,2000.0,,,2023-06-20 00:09:21.221315,6,1,2000.0,2000.0,2000.0,2000.0,0.0,0
Maharashtra,Aurangabad,Wheat,2361.0,,,2023-06-21 00:09:21.221315,6,2,2352.0,2361.0,2361.0,2358.0,5.196152422706632,1
Maharashtra,Aurangabad,Arhar (Tur/Red Gram)(Whole),9500.0,,,2023-06-22 00:09:21.221315,6,3,6400.0,9500.0,9500.0,7950.0,2192.0310216782973,1
Maharashtra,Aurangabad,Bajra(Pearl Millet/Cumbu),2350.0,,,2023-06-23 00:09:21.221315,6,4,2351.0,2350.0,2350.0,2345.3333333333335,8.962886439832472,0
Maharashtra,Aurangabad,Bengal Gram(Gram)(Whole),4100.0,,,2023-06-24 00:09:21.221315,6,5,4600.0,4100.0,4100.0,4350.0,353.5533905932738,0
Maharashtra,Aurangabad,Jowar(Sorghum),3100.0,,,2023-06-25 00:09:21.221315,6,6,3520.0,3100.0,3100.0,3550.0,368.23905279043936,0
Maharashtra,Aurangabad,Wheat,2440.0,,,2023-06-26 00:09:21.221315,6,0,2361.0,2440.0,2440.0,2378.5,41.2189276910499,1
Maharashtra,Aurangabad,Bajra(Pearl Millet/Cumbu),2250.0,,,2023-06-27 00:09:21.221315,6,1,2350.0,2250.0,2250.0,2321.5,48.22516632077768,0
Maharashtra,Aurangabad,Maize,2100.0,,,2023-06-28 00:09:21.221315,6,2,2000.0,2100.0,2100.0,2050.0,70.71067811865476,1
Maharashtra,Aurangabad,Wheat,2300.0,,,2023-06-29 00:09:21.221315,6,3,2440.0,2300.0,2300.0,2362.8,50.06695517005207,0
Maharashtra,Aurangabad,Arhar (Tur/Red Gram)(Whole),9005.0,,,2023-06-30 00:09:21.221315,6,4,9500.0,9005.0,9005.0,8301.666666666666,1665.3853407945362,0
Maharashtra,Aurangabad,Bajra(Pearl Millet/Cumbu),2360.0,,,2023-07-01 00:09:21.221315,7,5,2250.0,2360.0,2360.0,2329.2,45.174107628153585,1
Maharashtra,Aurangabad,Bengal Gram(Gram)(Whole),6700.0,,,2023-07-02 00:09:21.221315,7,6,4100.0,6700.0,6700.0,5133.333333333333,1379.6134724383253,1
Maharashtra,Aurangabad,Bengal Gram(Gram)(Whole),4750.0,,,2023-07-03 00:09:21.221315,7,0,6700.0,4750.0,4750.0,5037.5,1142.639488202644,0
Maharashtra,Aurangabad,Green Gram (Moong)(Whole),6505.0,,,2023-07-04 00:09:21.221315,7,1,6505.0,6505.0,6505.0,6505.0,0.0,0
Maharashtra,Aurangabad,Jowar(Sorghum),3905.0,,,2023-07-05 00:09:21.221315,7,2,3100.0,3905.0,3905.0,3621.0,356.23728047468586,1
Maharashtra,Aurangabad,Maize,2050.0,,,2023-07-06 00:09:21.221315,7,3,2100.0,2050.0,2050.0,2050.0,50.0,0
Maharashtra,Aurangabad,Wheat,2455.0,,,2023-07-07 00:09:21.221315,7,4,2300.0,2455.0,2455.0,2378.1666666666665,58.499287744951744,1
Maharashtra,Beed,Arhar (Tur/Red Gram)(Whole),9350.0,,,2023-07-08 00:09:21.221315,7,5,9350.0,9350.0,9350.0,9350.0,0.0,0
Maharashtra,Beed,Arhar (Tur/Red Gram)(Whole),9011.0,,,2023-07-09 00:09:21.221315,7,6,9350.0,9011.0,9011.0,9180.5,239.7091988222396,0
Maharashtra,Beed,Bajra(Pearl Millet/Cumbu),2578.0,,,2023-07-10 00:09:21.221315,7,0,2578.0,2578.0,2578.0,2578.0,0.0,0
Maharashtra,Beed,Bengal Gram(Gram)(Whole),4051.0,,,2023-07-11 00:09:21.221315,7,1,4352.0,4051.0,4051.0,4201.5,212.83914113715082,0
Maharashtra,Beed,Jowar(Sorghum),3445.0,,,2023-07-12 00:09:21.221315,7,2,3900.0,3445.0,3445.0,4215.0,966.7859121853194,0
Maharashtra,Beed,Maize,2221.0,,,2023-07-13 00:09:21.221315,7,3,2221.0,2221.0,2221.0,2221.0,0.0,0
Maharashtra,Beed,Wheat,2330.0,,,2023-07-14 00:09:21.221315,7,4,2825.0,2330.0,2330.0,2577.5,350.017856687341,0
Maharashtra,Beed,Arhar (Tur/Red Gram)(Whole),9700.0,,,2023-07-15 00:09:21.221315,7,5,9011.0,9700.0,9700.0,9353.666666666666,344.51463442549647,1
Maharashtra,Beed,Bajra(Pearl Millet/Cumbu),2500.0,,,2023-07-16 00:09:21.221315,7,6,2578.0,2500.0,2500.0,2539.0,55.154328932550705,0
Maharashtra,Beed,Bengal Gram(Gram)(Whole),4800.0,,,2023-07-17 00:09:21.221315,7,0,4051.0,4800.0,4800.0,4401.0,376.8965375272105,1
Maharashtra,Beed,Jowar(Sorghum),3800.0,,,2023-07-18 00:09:21.221315,7,1,3445.0,3800.0,3800.0,4111.25,816.1941660332219,1
Maharashtra,Beed,Wheat,2500.0,,,2023-07-19 00:09:21.221315,7,2,2330.0,2500.0,2500.0,2551.6666666666665,251.51209381127845,1
Maharashtra,Bhandara,Bengal Gram(Gram)(Whole),4700.0,,,2023-07-20 00:09:21.221315,7,3,4700.0,4700.0,4700.0,4700.0,0.0,0
Maharashtra,Bhandara,Wheat,2350.0,,,2023-07-21 00:09:21.221315,7,4,2350.0,2350.0,2350.0,2350.0,0.0,0
Maharashtra,Buldhana,Maize,2000.0,,,2023-07-22 00:09:21.221315,7,5,2000.0,2000.0,2000.0,2000.0,0.0,0
Maharashtra,Buldhana,Bajra(Pearl Millet/Cumbu),2225.0,,,2023-07-23 00:09:21.221315,7,6,2225.0,2225.0,2225.0,2225.0,0.0,0
Maharashtra,Buldhana,Bengal Gram(Gram)(Whole),2700.0,,,2023-07-24 00:09:21.221315,7,0,2700.0,2700.0,2700.0,2700.0,0.0,0
Maharashtra,Buldhana,Jowar(Sorghum),3000.0,,,2023-07-25 00:09:21.221315,7,1,3000.0,3000.0,3000.0,3000.0,0.0,0
Maharashtra,Buldhana,Wheat,2550.0,,,2023-07-26 00:09:21.221315,7,2,2550.0,2550.0,2550.0,2550.0,0.0,0
Maharashtra,Buldhana,Arhar (Tur/Red Gram)(Whole),9705.0,,,2023-07-27 00:09:21.221315,7,3,9705.0,9705.0,9705.0,9705.0,0.0,0
Maharashtra,Buldhana,Bengal Gram(Gram)(Whole),4600.0,,,2023-07-28 00:09:21.221315,7,4,2700.0,4600.0,4600.0,3650.0,1343.5028842544402,1
Maharashtra,Buldhana,Jowar(Sorghum),2940.0,,,2023-07-29 00:09:21.221315,7,5,3000.0,2940.0,2940.0,2970.0,42.42640687119285,0
Maharashtra,Buldhana,Maize,2050.0,,,2023-07-30 00:09:21.221315,7,6,2000.0,2050.0,2050.0,2025.0,35.35533905932738,1
